specialisation,subspecialisation,name,lga,workspaceName,latitude,longitude
Asset,Substation,Karabar,Queanbeyan-Palerang,Queanbeyan-Palerang Asset Model,-35.36912794,149.2275368
Asset,Substation,Googong Town,Queanbeyan-Palerang,Queanbeyan-Palerang Asset Model,-35.4330218,149.2182987
Asset,Substation,Bungendore,Queanbeyan-Palerang,Queanbeyan-Palerang Asset Model,-35.25365582,149.4362758
Asset,Substation,Capital Hill Wind Farm,Queanbeyan-Palerang,Queanbeyan-Palerang Asset Model,-35.18739877,149.5230093
Asset,Wind Farm,Capital Hill Wind Farm,Queanbeyan-Palerang,Queanbeyan-Palerang Asset Model,-35.16603062,149.5185686
Asset,Wind Farm,Woodlawn Wind Farm,Goulburn Mulwaree,Goulburn Mulwaree Asset Model,-35.0860597,149.5716058
Asset,Biogas Plant,Woodlawn Bioreactor,Goulburn Mulwaree,Goulburn Mulwaree Asset Model,-35.05900246,149.576905
Asset,Substation,Captains Flat,Queanbeyan-Palerang,Queanbeyan-Palerang Asset Model,-35.59169858,149.4402618
Asset,Fuel Depot,Bombala,Snowy Monaro,Snowy Monaro Asset Model,-36.9044838,149.2413406
Asset,Substation,Bombala,Snowy Monaro,Snowy Monaro Asset Model,-36.89124071,149.2433445
Asset,University,Country Universities Centre - Snowy Monaro (Cooma),Snowy Monaro,Snowy Monaro Asset Model,-36.23554402,149.1283258
Asset,Fuel Depot,Snowstop,Snowy Monaro,Snowy Monaro Asset Model,-36.22816658,149.1358032
Asset,Substation,Cooma,Snowy Monaro,Snowy Monaro Asset Model,-36.21819931,149.1402751
Asset,Substation,Providence Portal,Snowy Monaro,Snowy Monaro Asset Model,-35.9400704,148.6358481
Asset,Substation,Adaminaby,Snowy Monaro,Snowy Monaro Asset Model,-36.00287677,148.7008762
Asset,Substation,Springfield,Snowy Monaro,Snowy Monaro Asset Model,-36.5764788,149.1268993
Asset,Wind Farm,Boco Rock,Snowy Monaro,Snowy Monaro Asset Model,-36.57631059,149.1267246
Asset,Substation,Steeple Flat,Snowy Monaro,Snowy Monaro Asset Model,-36.57142236,149.3683566
Asset,Substation,Munyang,Snowy Monaro,Snowy Monaro Asset Model,-36.35104851,148.411784
Asset,Substation,Guthega,Snowy Monaro,Snowy Monaro Asset Model,-36.34944291,148.4134294
Asset,Pumped Hydropower,Guthega,Snowy Monaro,Snowy Monaro Asset Model,-36.350098,148.413528
Asset,Substation,Snowy Adit,Snowy Monaro,Snowy Monaro Asset Model,-36.29452964,148.5093251
Asset,Substation,Jindabyne,Snowy Monaro,Snowy Monaro Asset Model,-36.41475631,148.5980544
Asset,Pumped Hydropower,Jindabyne Dam Mini Hydro,Snowy Monaro,Snowy Monaro Asset Model,-36.43514967,148.6332501
Asset,Substation,East Jindabyne,Snowy Monaro,Snowy Monaro Asset Model,-36.40760297,148.6803663
Asset,University,University of Wollongong - Batemans Bay Education Centre,Eurobodalla,Eurobodalla Asset Model,-35.721378,150.192482
Asset,Substation,Batemans Bay,Eurobodalla,Eurobodalla Asset Model,-35.71790493,150.1752487
Asset,Substation,Black Range,Bega Valley,Bega Valley Asset Model,-36.71582471,149.8411272
Asset,Substation,Bega South,Bega Valley,Bega Valley Asset Model,-36.6938351,149.8322188
Asset,Substation,Bega,Bega Valley,Bega Valley Asset Model,-36.68518913,149.8338315
Asset,University,University of Wollongong - Bega Education Centre,Bega Valley,Bega Valley Asset Model,-36.6778,149.840089
Asset,Community Energy Organisation,Clean Energy for Eternity Bega,Bega Valley,Bega Valley Asset Model,-36.6740211,149.8433321
Asset,Fuel Depot,Bega,Bega Valley,Bega Valley Asset Model,-36.66816711,149.8285675
Asset,Substation,Edrom,Bega Valley,Bega Valley Asset Model,-37.10346137,149.9346946
Asset,Substation,Brogo,Bega Valley,Bega Valley Asset Model,-36.5487688,149.8093382
Asset,Substation,Cobargo,Bega Valley,Bega Valley Asset Model,-36.38996322,149.8936844
Asset,Substation,Brown Mountain,Bega Valley,Bega Valley Asset Model,-36.595107,149.473841
Asset,Pumped Hydropower,Brown Mountain,Bega Valley,Bega Valley Asset Model,-36.59508977,149.4740422
Asset,Substation,Eden,Bega Valley,Bega Valley Asset Model,-37.06284104,149.8879486
Asset,Fuel Depot,Eden,Bega Valley,Bega Valley Asset Model,-37.05709839,149.9038544
Asset,Fuel Depot,Eden,Bega Valley,Bega Valley Asset Model,-37.03847885,149.8915405
Asset,Substation,Bald Hills,Bega Valley,Bega Valley Asset Model,-36.91321298,149.8517477
Asset,Substation,Millingandi ,Bega Valley,Bega Valley Asset Model,-36.90155837,149.8651356
Asset,Community Energy Organisation,Southcoast Health and Sustainability Alliance (SHASA),Eurobodalla,Eurobodalla Asset Model,-35.9121848,150.080328
Asset,Fuel Depot,Moruya,Eurobodalla,Eurobodalla Asset Model,-35.91049957,150.0711441
Asset,Substation,Moruya North,Eurobodalla,Eurobodalla Asset Model,-35.87537392,150.0909898
Asset,Community Energy Organisation,Clean Energy for Eternity Bermagui,Bega Valley,Bega Valley Asset Model,-36.42723614,150.0764149
Asset,Fuel Depot,Goulburn,Goulburn Mulwaree,Goulburn Mulwaree Asset Model,-34.77420998,149.7089844
Asset,Substation,Goulburn,Goulburn Mulwaree,Goulburn Mulwaree Asset Model,-34.76945811,149.7311585
Asset,Fuel Depot,Goulburn,Goulburn Mulwaree,Goulburn Mulwaree Asset Model,-34.76213074,149.7171173
Asset,Community Energy Organisation,Community Energy for Goulburn,Goulburn Mulwaree,Goulburn Mulwaree Asset Model,-34.75674088,149.7135079
Asset,University,Country Universities Centre - Goulburn,Goulburn Mulwaree,Goulburn Mulwaree Asset Model,-34.74996061,149.7056406
Asset,University,Charles Sturt University - School of Policing Studies (Goulburn),Goulburn Mulwaree,Goulburn Mulwaree Asset Model,-34.733796,149.730114
Asset,Wind Farm,Cullerin Range Wind Farm,Upper Lachlan,Upper Lachlan Asset Model,-34.80498162,149.4001296
Asset,Substation,Cullerin Range Wind Farm,Upper Lachlan,Upper Lachlan Asset Model,-34.79553016,149.3981759
Asset,Substation,Brisbane Grove,Goulburn Mulwaree,Goulburn Mulwaree Asset Model,-34.7850451,149.7053943
Asset,Wind Farm,Gunning,Upper Lachlan,Upper Lachlan Asset Model,-34.69773447,149.3861257
Asset,Substation,Gunning Wind Farm,Upper Lachlan,Upper Lachlan Asset Model,-34.6958309,149.3831752
Asset,Wind Farm,Gullen Range Wind Farm,Upper Lachlan,Upper Lachlan Asset Model,-34.69037507,149.4841144
Asset,Substation,Marulan,Goulburn Mulwaree,Goulburn Mulwaree Asset Model,-34.6153365,150.0519305
Asset,Wind Farm,Gullen Range Wind Farm,Upper Lachlan,Upper Lachlan Asset Model,-34.61491677,149.4597433
Asset,Substation,Gullen Range Wind Farm,Upper Lachlan,Upper Lachlan Asset Model,-34.61404151,149.4576816
Asset,Solar Farm,Gullen Solar Farm,Upper Lachlan,Upper Lachlan Asset Model,-34.60879627,149.4744926
Asset,Wind Farm,Crookwell Wind Farm,Upper Lachlan,Upper Lachlan Asset Model,-34.5165,149.54248
Asset,Substation,Bannaby,Upper Lachlan,Upper Lachlan Asset Model,-34.4417455,150.051059
Asset,Wind Farm,Taralga Wind Farm,Upper Lachlan,Upper Lachlan Asset Model,-34.43144117,149.8651845
Asset,Substation,Yass,Yass Valley,Yass Valley Asset Model,-34.86259933,148.9040628
Asset,Substation,Berremangra,Hilltops,Hilltops Asset Model,-34.872434,148.536375
Asset,Wind Farm,Rye Park,Hilltops,Hilltops Asset Model,-34.633023,148.953104
Asset,Substation,Burrinjuck,Yass Valley,Yass Valley Asset Model,-35.00094752,148.5824659
Asset,Pumped Hydropower,Burrinjuck Power Station,Yass Valley,Yass Valley Asset Model,-35.00252,148.583393
Asset,Wind Farm,Bango Wind Farm,Yass Valley,Yass Valley Asset Model,-34.60577782,148.8695573
Asset,TAFE,Young,Hilltops,Hilltops Asset Model,-34.316115,148.290895
Asset,Pumped Hydropower,Wyangala A,Hilltops,Hilltops Asset Model,-33.980989,148.947306
Asset,Substation,Murrumburrah,Hilltops,Hilltops Asset Model,-34.5416515,148.3133775
Asset,Wheat Farm,Kalyx Young,Hilltops,Hilltops Asset Model,-34.5167,148.51339
Asset,Wheat Farm,Kalyx Young,Hilltops,Hilltops Asset Model,-34.5167,148.51339
Asset,Wind Farm,Bango,Hilltops,Hilltops Asset Model,-34.551746,148.732157
Asset,Wheat Farm,Kalyx Young,Hilltops,Hilltops Asset Model,-34.5167,148.51339
Asset,Community Energy Organisation,Electrify Bouddi Inc,Central Coast (NSW),Central Coast (NSW) Asset Model,-33.52305036,151.3700993
Asset,Substation,Sommersby,Central Coast (NSW),Central Coast (NSW) Asset Model,-33.41435124,151.2928114
Asset,Community Energy Organisation,Central Coast Community Energy Association Inc. (CCCE),Central Coast (NSW),Central Coast (NSW) Asset Model,-33.42374179,151.342138
Asset,Substation,West Gosford,Central Coast (NSW),Central Coast (NSW) Asset Model,-33.42099671,151.3317101
Asset,Substation,Gosford,Central Coast (NSW),Central Coast (NSW) Asset Model,-33.411398,151.3298205
Asset,Community Energy Organisation,Narara Ecovillage Co-operative Ltd,Central Coast (NSW),Central Coast (NSW) Asset Model,-33.39489204,151.3437401
Asset,Fossil Fuel Power Station,Munmorah,Central Coast (NSW),Central Coast (NSW) Asset Model,-33.211691,151.541837
Asset,Natural Gas Power Station,Colongra,Central Coast (NSW),Central Coast (NSW) Asset Model,-33.209869,151.544785
Asset,Substation,Munmorah,Central Coast (NSW),Central Coast (NSW) Asset Model,-33.20980153,151.5401028
Asset,Substation,Berkeley Vale,Central Coast (NSW),Central Coast (NSW) Asset Model,-33.32939505,151.4208089
Asset,Substation,Lake Munmorah,Central Coast (NSW),Central Coast (NSW) Asset Model,-33.18885933,151.5774135
Asset,Fossil Fuel Power Station,Vales Point B,Central Coast (NSW),Central Coast (NSW) Asset Model,-33.160745,151.543146
Asset,Substation,Vales Point,Central Coast (NSW),Central Coast (NSW) Asset Model,-33.15916442,151.5416646
Asset,University,University of Newcastle - Central Coast campus,Central Coast (NSW),Central Coast (NSW) Asset Model,-33.356951,151.377495
Asset,Substation,Ourimbah,Central Coast (NSW),Central Coast (NSW) Asset Model,-33.350008,151.370504
Asset,Substation,Tuggerah,Central Coast (NSW),Central Coast (NSW) Asset Model,-33.308009,151.4334605
Asset,Fuel Depot,Tuggerah,Central Coast (NSW),Central Coast (NSW) Asset Model,-33.29428864,151.4216003
Asset,Substation,Charmhaven,Central Coast (NSW),Central Coast (NSW) Asset Model,-33.24467898,151.4920904
Asset,Substation,Wyong,Central Coast (NSW),Central Coast (NSW) Asset Model,-33.26719515,151.4378805
Asset,Substation,Panorama,Bathurst,Bathurst Asset Model,-33.43021987,149.5213612
Asset,Fuel Depot,Oberon,Oberon,Oberon Asset Model,-33.69506836,149.8568878
Asset,Substation,Oberon,Oberon,Oberon Asset Model,-33.68729985,149.8567731
Asset,Fuel Depot,Bathurst,Bathurst,Bathurst Asset Model,-33.43804932,149.5779724
Asset,University,Charles Sturt University - Bathurst campus,Bathurst,Bathurst Asset Model,-33.428912,149.565925
Asset,Wheat Farm,NSW DPI,Lachlan,Lachlan Asset Model,-33.29836025,146.373868
Asset,Wheat Farm,NSW DPI,Lachlan,Lachlan Asset Model,-33.0884162,147.1473748
Asset,Agricultural Service,Hutcheon & Pearce - Condobolin,Lachlan,Lachlan Asset Model,-33.07837601,147.1639254
Asset,Wheat Farm,NSW DPI,Lachlan,Lachlan Asset Model,-33.0645,147.21793
Asset,Major Project,Sunrise Battery Materials Complex,Lachlan,Lachlan Asset Model,-32.78152073,147.4364188
Asset,Substation,Cowra,Cowra,Cowra Asset Model,-33.849724,148.675785
Asset,Agricultural Service,Hutcheon & Pearce - Cowra,Cowra,Cowra Asset Model,-33.84366575,148.6738835
Asset,Fuel Depot,Cowra,Cowra,Cowra Asset Model,-33.83802414,148.6977844
Asset,University,Country Universities Centre - Cowra Region,Cowra,Cowra Asset Model,-33.83557194,148.6958749
Asset,Community Energy Organisation,CLEAN Cowra,Cowra,Cowra Asset Model,-33.83406681,148.6864316
Asset,Wheat Farm,Kalyx Young,Cowra,Cowra Asset Model,-33.62152,148.66916
Asset,Wheat Farm,Kalyx Young,Cowra,Cowra Asset Model,-33.62152,148.66916
Asset,Solar Farm,Jemalong Solar Farm,Forbes,Forbes Asset Model,-33.388905,147.66882
Asset,Fuel Depot,Forbes,Forbes,Forbes Asset Model,-33.37757492,148.0102081
Asset,Substation,Forbes,Forbes,Forbes Asset Model,-33.36528754,148.0196618
Asset,Agricultural Service,Hutcheon & Pearce - Forbes,Forbes,Forbes Asset Model,-33.32644646,148.0613102
Asset,Wheat Farm,Kalyx Young,Weddin,Weddin Asset Model,-33.9609,147.84082
Asset,Wheat Farm,Kalyx Young,Weddin,Weddin Asset Model,-33.9609,147.84082
Asset,University,Country Universities Centre - Parkes,Parkes,Parkes Asset Model,-33.13538927,148.1725808
Asset,Solar Farm,Trundle Solar Farm,Parkes,Parkes Asset Model,-32.931591,147.730931
Asset,Wheat Farm,NSW DPI,Parkes,Parkes Asset Model,-32.94353684,148.0253157
Asset,Wheat Farm,NSW DPI,Parkes,Parkes Asset Model,-32.94353684,148.0253157
Asset,Substation,North Parkes,Parkes,Parkes Asset Model,-32.9169905,148.052871
Asset,Substation,Parkes,Parkes,Parkes Asset Model,-33.10273408,148.0749899
Asset,Solar Farm,Parkes Solar Farm,Parkes,Parkes Asset Model,-33.10273408,148.0749899
Asset,Solar Farm,Goonumbla Solar Farm,Parkes,Parkes Asset Model,-33.10509872,148.0920315
Asset,Solar Farm,Peak Hill Solar Farm,Parkes,Parkes Asset Model,-32.739395,148.180988
Asset,Fuel Depot,West Wyalong,Bland,Bland Asset Model,-33.93438721,147.2154541
Asset,Fuel Depot,West Wyalong,Bland,Bland Asset Model,-33.9257946,147.1978149
Asset,TAFE,WEST WYALONG,Bland,Bland Asset Model,-33.91639326,147.1994254
Asset,Solar Farm,Wyalong Solar Farm,Bland,Bland Asset Model,-33.893815,147.317694
Asset,Solar Farm,West Wyalong Solar Farm,Bland,Bland Asset Model,-33.80902417,147.3265323
Asset,Wheat Farm,NSW DPI,Bland,Bland Asset Model,-33.69235995,147.3566613
Asset,Substation,Wallerawang,Lithgow,Lithgow Asset Model,-33.40641184,150.0810697
Asset,Substation,Wallerawang,Lithgow,Lithgow Asset Model,-33.40318111,150.080755
Asset,Fossil Fuel Power Station,Wallerawang C,Lithgow,Lithgow Asset Model,-33.40282363,150.083345
Asset,Substation,Mount Piper,Lithgow,Lithgow Asset Model,-33.36388454,150.0261141
Asset,Fossil Fuel Power Station,Mt Piper,Lithgow,Lithgow Asset Model,-33.35889223,150.0313223
Asset,Substation,Mount Piper 132,Lithgow,Lithgow Asset Model,-33.35124294,150.0226459
Asset,University,Country Universities Centre - Mudgee Region,Mid-Western,Mid-Western Asset Model,-32.59686782,149.5793415
Asset,Substation,Mudgee,Mid-Western,Mid-Western Asset Model,-32.58596233,149.5693477
Asset,Substation,Ilford,Mid-Western,Mid-Western Asset Model,-32.95953657,149.8635928
Asset,Substation,Wollar,Mid-Western,Mid-Western Asset Model,-32.41167146,149.9532661
Asset,Fuel Depot,Gulgong,Mid-Western,Mid-Western Asset Model,-32.35945511,149.5461807
Asset,Substation,Beryl,Mid-Western,Mid-Western Asset Model,-32.3480975,149.4613985
Asset,Solar Farm,Beryl Solar Farm,Mid-Western,Mid-Western Asset Model,-32.34759864,149.4584119
Asset,Wheat Farm,Kalyx Young,Blayney,Blayney Asset Model,-33.72492,149.02068
Asset,Wind Farm,Blayney Wind Farm,Blayney,Blayney Asset Model,-33.62189,149.19821
Asset,Substation,Cadia,Blayney,Blayney Asset Model,-33.46635289,148.9928177
Asset,Fuel Depot,Orange,Orange,Orange Asset Model,-33.29530335,149.1018524
Asset,Community Energy Organisation,Orange Community Regional Energy Park,Orange,Orange Asset Model,-33.28175118,149.0865821
Asset,Substation,Orange,Orange,Orange Asset Model,-33.2796915,149.1059045
Asset,Substation,Orange North,Orange,Orange Asset Model,-33.27421182,149.1084163
Asset,Fuel Depot,Orange,Orange,Orange Asset Model,-33.27183533,149.1078796
Asset,University,Charles Sturt University - Orange campus,Orange,Orange Asset Model,-33.260483,149.110801
Asset,Wheat Farm,Kalyx Young,Orange,Orange Asset Model,-33.41487,149.20077
Asset,Substation,Molong,Cabonne,Cabonne Asset Model,-33.08688954,148.8989584
Asset,Substation,Manildra,Cabonne,Cabonne Asset Model,-33.17989697,148.7169484
Asset,Solar Farm,Manildra Solar Farm,Cabonne,Cabonne Asset Model,-33.17328154,148.718033
Asset,University,Country Universities Centre - Clarence Valley (Grafton),Clarence Valley,Clarence Valley Asset Model,-29.68819903,152.9330525
Asset,Fuel Depot,Grafton,Clarence Valley,Clarence Valley Asset Model,-29.67012215,152.9181671
Asset,Substation,Koolkhan,Clarence Valley,Clarence Valley Asset Model,-29.61617413,152.9328597
Asset,Pumped Hydropower,Nymboida,Clarence Valley,Clarence Valley Asset Model,-29.925738,152.741708
Asset,Community Energy Organisation,"Climate Change Australia, Clarence Valley Branch",Clarence Valley,Clarence Valley Asset Model,-29.878107,152.635762
Asset,Community Energy Organisation,Clarence Valley Conservation Coalition Inc (CVCC),Clarence Valley,Clarence Valley Asset Model,-29.43670374,153.3585806
Asset,Biomass Plant,Harwood,Clarence Valley,Clarence Valley Asset Model,-29.4230222,153.2475638
Asset,Community Energy Organisation,Bellingen Shire Electricity Alliance,Bellingen,Bellingen Asset Model,-30.45223955,152.8979286
Asset,University,Southern Cross University - Coffs Harbour Education Campus,Coffs Harbour,Coffs Harbour Asset Model,-30.326472,153.101846
Asset,Community Energy Organisation,Coffs Coast Climate Action Group,Coffs Harbour,Coffs Harbour Asset Model,-30.30312721,153.1243394
Asset,Substation,Coffs Harbour,Coffs Harbour,Coffs Harbour Asset Model,-30.25283746,153.0369103
Asset,Substation,Dorrigo,Bellingen,Bellingen Asset Model,-30.33143276,152.7121967
Asset,Substation,Boambee South,Coffs Harbour,Coffs Harbour Asset Model,-30.34512337,153.0673105
Asset,Substation,Raleigh,Bellingen,Bellingen Asset Model,-30.46264602,153.0012939
Asset,Fuel Depot,Woolgoolga,Coffs Harbour,Coffs Harbour Asset Model,-30.1257515,153.1942825
Asset,Fuel Depot,Bourke,Bourke,Bourke Asset Model,-30.09507179,145.9414291
Asset,Fuel Depot,Coonamble,Coonamble,Coonamble Asset Model,-30.95410252,148.3792877
Asset,Wheat Farm,NSW DPI,Coonamble,Coonamble Asset Model,-30.95438801,148.3884627
Asset,Wheat Farm,NSW DPI,Coonamble,Coonamble Asset Model,-30.95438801,148.3884627
Asset,Wheat Farm,NSW DPI,Coonamble,Coonamble Asset Model,-31.01057,148.52656
Asset,Solar Farm,Nyngan Solar Plant,Bogan,Bogan Asset Model,-31.55274036,147.085352
Asset,Wheat Farm,NSW DPI,Bogan,Bogan Asset Model,-31.5591431,147.188967
Asset,Substation,Nyngan,Bogan,Bogan Asset Model,-31.57832735,147.1923275
Asset,Substation,Nevertire,Warren,Warren Asset Model,-31.8351722,147.7226856
Asset,Wheat Farm,NSW DPI,Walgett,Walgett Asset Model,-30.1972,148.09926
Asset,Wheat Farm,NSW DPI,Walgett,Walgett Asset Model,-30.02149109,148.1167169
Asset,Wheat Farm,NSW DPI,Walgett,Walgett Asset Model,-30.02149109,148.1167169
Asset,Substation,Broken Hill,Broken Hill,Broken Hill Asset Model,-31.98625687,141.4192561
Asset,Natural Gas Power Station,Broken Hill,Broken Hill,Broken Hill Asset Model,-31.986296,141.420334
Asset,Fuel Depot,Broken Hill,Broken Hill,Broken Hill Asset Model,-31.98711586,141.4308319
Asset,Fuel Depot,Broken Hill,Broken Hill,Broken Hill Asset Model,-31.9865284,141.430954
Asset,Fuel Depot,Broken Hill,Broken Hill,Broken Hill Asset Model,-31.98440552,141.4329376
Asset,University,Country Universities Centre - Far West,Broken Hill,Broken Hill Asset Model,-31.96245021,141.4608352
Asset,Major Project,Hawsons Iron Project,Unincorporated NSW,Unincorporated NSW Asset Model,-32.38552556,141.0606146
Asset,Major Project,Broken Hill Cobalt Project,Unincorporated NSW,Unincorporated NSW Asset Model,-32.093637,141.1698126
Asset,Wind Farm,Silverton Wind Farm,Unincorporated NSW,Unincorporated NSW Asset Model,-31.80676069,141.2686464
Asset,Solar Farm,Broken Hill Solar Plant,Unincorporated NSW,Unincorporated NSW Asset Model,-31.98670743,141.3915455
Asset,Fuel Depot,Darling River Fuels,Central Darling,Central Darling Asset Model,-31.56228638,143.3758392
Asset,Wheat Farm,NSW DPI,Warrumbungle,Warrumbungle Asset Model,-31.82552928,149.7177852
Asset,Wheat Farm,NSW DPI,Warrumbungle,Warrumbungle Asset Model,-31.82552928,149.7177852
Asset,Wheat Farm,NSW DPI,Warrumbungle,Warrumbungle Asset Model,-31.57386,149.73
Asset,Fuel Depot,Dubbo,Dubbo,Dubbo Asset Model,-32.24432373,148.6102676
Asset,Fuel Depot,Dubbo,Dubbo,Dubbo Asset Model,-32.2444725,148.6111526
Asset,Fuel Depot,Dubbo,Dubbo,Dubbo Asset Model,-32.2447319,148.6123962
Asset,Fuel Depot,Dubbo,Dubbo,Dubbo Asset Model,-32.24538422,148.6150818
Asset,University,Charles Sturt University - Dubbo campus,Dubbo,Dubbo Asset Model,-32.236261,148.629283
Asset,Regional Delivery Partner,Local Land Services,Dubbo,Dubbo Asset Model,-32.25635295,148.6221086
Asset,Substation,Dubbo,Dubbo,Dubbo Asset Model,-32.24875901,148.6293558
Asset,Substation,Dubbo South,Dubbo,Dubbo Asset Model,-32.26936082,148.6298749
Asset,Solar Farm,South Keswick Solar Farm,Dubbo,Dubbo Asset Model,-32.27276235,148.6491958
Asset,Substation,Dubbo West,Dubbo,Dubbo Asset Model,-32.24023621,148.5804297
Asset,Wheat Farm,NSW DPI,Dubbo,Dubbo Asset Model,-32.33420484,148.7571906
Asset,Wheat Farm,NSW DPI,Dubbo,Dubbo Asset Model,-32.33420484,148.7571906
Asset,Wheat Farm,NSW DPI,Gilgandra,Gilgandra Asset Model,-31.71170856,148.6634155
Asset,Wheat Farm,NSW DPI,Gilgandra,Gilgandra Asset Model,-31.71170856,148.6634155
Asset,Wheat Farm,NSW DPI,Narromine,Narromine Asset Model,-32.03180948,147.9839108
Asset,Wheat Farm,NSW DPI,Narromine,Narromine Asset Model,-32.03180948,147.9839108
Asset,Substation,Narromine ,Narromine,Narromine Asset Model,-32.23605765,148.2468823
Asset,Solar Farm,Narromine Solar Farm,Narromine,Narromine Asset Model,-32.21846958,148.2534246
Asset,Substation,Narromine South,Narromine,Narromine Asset Model,-32.25842934,148.26351
Asset,Pumped Hydropower,Burrendong,Dubbo,Dubbo Asset Model,-32.664616,149.107986
Asset,Substation,Burrendong Dam,Dubbo,Dubbo Asset Model,-32.66374345,149.1077254
Asset,Solar Farm,Suntop Solar Farm,Dubbo,Dubbo Asset Model,-32.580478,148.837642
Asset,Substation,Wellington Town,Dubbo,Dubbo Asset Model,-32.57035042,148.9547361
Asset,Substation,Wellington,Dubbo,Dubbo Asset Model,-32.52717028,148.9631647
Asset,Wind Farm,Bodangora Wind Farm,Dubbo,Dubbo Asset Model,-32.41460016,149.0997951
Asset,Substation,Rothbury,Cessnock,Cessnock Asset Model,-32.71211915,151.3276606
Asset,Biodiesel Refinery,Bloomfield,Cessnock,Cessnock Asset Model,-32.79564427,151.5870362
Asset,Fuel Depot,Dungog,Dungog,Dungog Asset Model,-32.42761993,151.5505829
Asset,Community Energy Organisation,Sustaining the Williams Valley,Dungog,Dungog Asset Model,-32.39991115,151.7577851
Asset,Fossil Fuel Power Station,Hunter,Cessnock,Cessnock Asset Model,-32.836021,151.450471
Asset,Substation,Capral,Cessnock,Cessnock Asset Model,-32.7856318,151.4795463
Asset,Natural Gas Power Station,Capral (Aluminium Smelter),Cessnock,Cessnock Asset Model,-32.789723,151.481305
Asset,Substation,Kurri,Cessnock,Cessnock Asset Model,-32.805985,151.5001815
Asset,Solar Farm,Singleton Solar Farm,Singleton,Singleton Asset Model,-32.59238451,151.1812087
Asset,Fuel Depot,Singleton,Singleton,Singleton Asset Model,-32.62438206,151.1023206
Asset,Fossil Fuel Power Station,Redbank,Singleton,Singleton Asset Model,-32.580206,151.071936
Asset,Substation,Redbank,Singleton,Singleton Asset Model,-32.57954394,151.0725313
Asset,Substation,Singleton,Singleton,Singleton Asset Model,-32.5314075,151.076202
Asset,Fossil Fuel Power Station,Glennies Creek,Singleton,Singleton Asset Model,-32.459843,151.128627
Asset,Hydrogen Hub,Hunter Valley Hydrogen Hub,Maitland,Maitland Asset Model,-32.738609,151.548587
Asset,Substation,Tomago,Port Stephens,Port Stephens Asset Model,-32.82177396,151.7141514
Asset,Natural Gas Power Station,Tomago Aluminium Smelter,Port Stephens,Port Stephens Asset Model,-32.82165122,151.7178091
Asset,Substation,Tomago 132,Port Stephens,Port Stephens Asset Model,-32.8151195,151.7652155
Asset,Substation,Brandy Hill,Port Stephens,Port Stephens Asset Model,-32.67054973,151.7036703
Asset,Substation,Bayswater,Muswellbrook,Muswellbrook Asset Model,-32.3994582,150.9460989
Asset,Fossil Fuel Power Station,Bayswater,Muswellbrook,Muswellbrook Asset Model,-32.39527,150.94913
Asset,Natural Gas Power Station,Hunter Valley,Muswellbrook,Muswellbrook Asset Model,-32.389253,150.966396
Asset,Solar Farm,Liddell Solar Thermal,Muswellbrook,Muswellbrook Asset Model,-32.37606915,150.9796673
Asset,Hydrogen Hub,Hunter Energy Hub,Muswellbrook,Muswellbrook Asset Model,-32.371944,150.977222
Asset,Fossil Fuel Power Station,Liddell,Muswellbrook,Muswellbrook Asset Model,-32.371267,150.97757
Asset,Substation,Liddell,Muswellbrook,Muswellbrook Asset Model,-32.37124072,150.9750383
Asset,Substation,Mitchell,Muswellbrook,Muswellbrook Asset Model,-32.2950665,150.876708
Asset,Fuel Depot,Muswellbrook,Muswellbrook,Muswellbrook Asset Model,-32.26560593,150.8867264
Asset,Substation,Muswellbrook 132,Muswellbrook,Muswellbrook Asset Model,-32.245446,150.911306
Asset,Substation,Muswellbrook 330,Muswellbrook,Muswellbrook Asset Model,-32.222211,150.941673
Asset,Pumped Hydropower,Glenbawn,Upper Hunter,Upper Hunter Asset Model,-32.109661,150.998154
Asset,Substation,Dapto,Wollongong,Wollongong Asset Model,-34.534632,150.781179
Asset,Substation,Tallawarra,Wollongong,Wollongong Asset Model,-34.52224741,150.8071537
Asset,Natural Gas Power Station,Tallawarra,Wollongong,Wollongong Asset Model,-34.522778,150.808056
Asset,Hydrogen Hub,Tallawarra B Dual Fuel Capable Gas/Hydrogen Power Plant,Wollongong,Wollongong Asset Model,-34.52278,150.80806
Asset,Hydrogen Hub,Illawarra Hydrogen Technology Hub,Wollongong,Wollongong Asset Model,-34.4735,150.88685
Asset,Hydrogen Hub,Port Kembla Hydrogen Hub,Wollongong,Wollongong Asset Model,-34.468155,150.89124
Asset,Fuel Terminal,Port Kembla,Wollongong,Wollongong Asset Model,-34.46924591,150.8939133
Asset,Fuel Depot,Port Kembla,Wollongong,Wollongong Asset Model,-34.47087479,150.8946381
Asset,Fuel Depot,Port Kembla,Wollongong,Wollongong Asset Model,-34.4696312,150.8956451
Asset,Hydrogen Hub,ScaleH2,Wollongong,Wollongong Asset Model,-34.4667,150.9
Asset,Fossil Fuel Power Station,West Illawarra Leagues Club,Wollongong,Wollongong Asset Model,-34.451537,150.842907
Asset,Substation,Spring Hill,Wollongong,Wollongong Asset Model,-34.45915119,150.8604919
Asset,Hydrogen Hub,Port Kembla Hydrogen Refuelling Facility,Wollongong,Wollongong Asset Model,-34.48358,150.905792
Asset,Substation,Woonona,Wollongong,Wollongong Asset Model,-34.3414145,150.8818505
Asset,Substation,Avon,Wollongong,Wollongong Asset Model,-34.4472696,150.7438273
Asset,Substation,Mt Terry,Shellharbour,Shellharbour Asset Model,-34.58306952,150.7769838
Asset,University,University of Wollongong - Innovation campus ,Wollongong,Wollongong Asset Model,-34.399066,150.898962
Asset,University,University of Wollongong - Main campus (Wollongong) ,Wollongong,Wollongong Asset Model,-34.408211,150.879272
Asset,Fuel Depot,Bulahdelah,Mid-Coast,Mid-Coast Asset Model,-32.39845467,152.2105865
Asset,Substation,Stroud,Mid-Coast,Mid-Coast Asset Model,-32.3476006,151.9283846
Asset,Substation,Kempsey,Kempsey,Kempsey Asset Model,-31.09819845,152.8193008
Asset,University,Country Universities Centre - Macleay Valley,Kempsey,Kempsey Asset Model,-31.08105558,152.8423894
Asset,Substation,Macksville,Nambucca Valley,Nambucca Valley Asset Model,-30.721702,152.9095575
Asset,Fuel Depot,Macksville,Nambucca Valley,Nambucca Valley Asset Model,-30.70843315,152.9213028
Asset,Substation,Nambucca,Nambucca Valley,Nambucca Valley Asset Model,-30.62033395,152.9584911
Asset,Substation,Heron Creek,Port Macquarie-Hastings,Port Macquarie-Hastings Asset Model,-31.6052399,152.736471
Asset,Substation,Port Macquarie,Port Macquarie-Hastings,Port Macquarie-Hastings Asset Model,-31.44982294,152.8354461
Asset,Community Energy Organisation,Energy Forever - Port-Macquarie-Hastings,Port Macquarie-Hastings,Port Macquarie-Hastings Asset Model,-31.44683984,152.8994844
Asset,University,University of Newcastle -  Port Macquarie campus,Port Macquarie-Hastings,Port Macquarie-Hastings Asset Model,-31.439874,152.891
Asset,Fuel Depot,Wauchope,Port Macquarie-Hastings,Port Macquarie-Hastings Asset Model,-31.46494673,152.7223712
Asset,Community Energy Organisation,Energising Gloucester,Mid-Coast,Mid-Coast Asset Model,-32.02495114,151.9529775
Asset,University,Taree Universities Campus,Mid-Coast,Mid-Coast Asset Model,-31.91495902,152.4602261
Asset,Substation,Taree,Mid-Coast,Mid-Coast Asset Model,-31.899287,152.4516005
Asset,Pumped Hydropower,Hume,Albury,Albury Asset Model,-36.10661854,147.0326223
Asset,Substation,Hume,Albury,Albury Asset Model,-36.10540959,147.0325562
Asset,Battery Energy Storage System,Albury,Albury,Albury Asset Model,-36.10191109,147.0327456
Asset,Agricultural Service,West's Tractor Parts - Albury,Albury,Albury Asset Model,-36.09216894,146.9281012
Asset,University,University of NSW - Albury,Albury,Albury Asset Model,-36.07986497,146.9388367
Asset,University,Charles Sturt University - Albury,Albury,Albury Asset Model,-36.03864386,146.9893845
Asset,TAFE,National Environment Centre,Albury,Albury Asset Model,-36.027756,146.992068
Asset,Registered Training Organisation,Albury Wodonga Community College Limited,Albury,Albury Asset Model,-36.08979079,146.9133761
Asset,University,Charles Sturt University - Albury-Wodonga campus,Albury,Albury Asset Model,-36.076561,146.920404
Asset,TAFE, Albury,Albury,Albury Asset Model,-36.069578,146.91165
Asset,Industrial Precinct,NEXUS Industrial Precinct,Albury,Albury Asset Model,-35.99460743,146.9763475
Asset,Substation,Australian Newsprint Mills,Albury,Albury Asset Model,-35.9941497,146.9846908
Asset,Substation,Jindera,Greater Hume,Greater Hume Asset Model,-35.9253465,146.908546
Asset,Wheat Farm,Kalyx Young,Greater Hume,Greater Hume Asset Model,-35.89332,146.9527
Asset,Wheat Farm,Kalyx Young,Greater Hume,Greater Hume Asset Model,-35.89332,146.9527
Asset,Wheat Farm,Kalyx Young,Greater Hume,Greater Hume Asset Model,-35.89332,146.9527
Asset,Substation,Albury,Albury,Albury Asset Model,-36.0538175,146.952647
Asset,Registered Training Organisation,National Training Solutions,Albury,Albury Asset Model,-36.051369,146.92713
Asset,Registered Training Organisation,Intrain Assessor,Albury,Albury Asset Model,-36.0512255,146.935116
Asset,Registered Training Organisation,Smartlink Training Pty Ltd - First Aid Albury,Albury,Albury Asset Model,-36.0499956,146.9329748
Asset,Agricultural Service,Hutcheon & Pearce - Albury,Albury,Albury Asset Model,-36.03628963,146.9687643
Asset,Fuel Depot,Hay,Hay,Hay Asset Model,-34.49788662,144.8350982
Asset,TAFE,Hay,Hay,Hay Asset Model,-34.503934,144.841981
Asset,Substation,Hay,Hay,Hay Asset Model,-34.48941824,144.8782894
Asset,TAFE,Coomealla,Wentworth,Wentworth Asset Model,-34.0954189,142.0610432
Asset,Substation,Buronga,Wentworth,Wentworth Asset Model,-34.10282952,142.259513
Asset,Natural Gas Power Station,Buronga,Wentworth,Wentworth Asset Model,-34.10134192,142.2616602
Asset,Wind Farm,Mallee,Wentworth,Wentworth Asset Model,-34.10366788,142.4046135
Asset,Solar Farm,Sunraysia Solar Farm,Balranald,Balranald Asset Model,-34.80144242,143.5094316
Asset,Solar Farm,Limondale Solar Farm,Balranald,Balranald Asset Model,-34.77849447,143.5142526
Asset,Substation,Balranald,Balranald,Balranald Asset Model,-34.77560673,143.5251018
Asset,Wheat Farm,Birchip Cropping Group,Balranald,Balranald Asset Model,-34.63928837,143.5629221
Asset,Solar Farm,Corowa Solar Farm,Federation,Federation Asset Model,-35.984969,146.358677
Asset,Substation,Corowa,Federation,Federation Asset Model,-35.97145831,146.3903758
Asset,TAFE,COROWA,Federation,Federation Asset Model,-35.994945,146.392732
Asset,Substation,Mulwala,Federation,Federation Asset Model,-35.97337647,145.999589
Asset,Wheat Farm,NSW DPI,Federation,Federation Asset Model,-35.55767353,146.165094
Asset,Wheat Farm,NSW DPI,Federation,Federation Asset Model,-35.55767353,146.165094
Asset,Fuel Depot,Urana,Federation,Federation Asset Model,-35.32959279,146.2675828
Asset,Wheat Farm,NSW DPI,Edward River,Edward River Asset Model,-35.53476157,144.9486791
Asset,Fuel Depot,Deniliquin,Edward River,Edward River Asset Model,-35.53210259,144.9516296
Asset,TAFE,Deniliquin,Edward River,Edward River Asset Model,-35.526822,144.957849
Asset,Substation,Deniliquin,Edward River,Edward River Asset Model,-35.5274146,144.9872852
Asset,Substation,Deniliquin 132,Edward River,Edward River Asset Model,-35.5572151,145.0313145
Asset,Substation,Moulamein,Murray River,Murray River Asset Model,-35.08742985,144.0353992
Asset,Substation,Barham,Murray River,Murray River Asset Model,-35.59339792,144.1468584
Asset,Substation,Murgha,Edward River,Edward River Asset Model,-35.19065918,144.3896552
Asset,Fuel Depot,Bunnaloo,Murray River,Murray River Asset Model,-35.7882309,144.5985336
Asset,Wheat Farm,NSW DPI,Edward River,Edward River Asset Model,-35.46376534,145.3091296
Asset,Wheat Farm,NSW DPI,Edward River,Edward River Asset Model,-35.46376534,145.3091296
Asset,Wheat Farm,NSW DPI,Edward River,Edward River Asset Model,-35.65597,145.31622
Asset,Forest,Koondrook–Perricoota Forest,Murray River,Murray River Asset Model,-35.75972786,144.3632252
Asset,Substation,Moama,Murray River,Murray River Asset Model,-36.07750755,144.7507728
Asset,Substation,Finley,Berrigan,Berrigan Asset Model,-35.6397883,145.5127435
Asset,Solar Farm,Finley Solar Farm,Berrigan,Berrigan Asset Model,-35.639071,145.513495
Asset,Agricultural Service,Hutcheon & Pearce - Finley,Berrigan,Berrigan Asset Model,-35.63409979,145.5731347
Asset,TAFE,Finley,Berrigan,Berrigan Asset Model,-35.642377,145.575741
Asset,Agricultural Service,JDS Industries - Finley,Berrigan,Berrigan Asset Model,-35.64062537,145.5798801
Asset,Pumped Hydropower,The Drop,Berrigan,Berrigan Asset Model,-35.604347,145.783725
Asset,Fuel Depot,Berrigan,Berrigan,Berrigan Asset Model,-35.65559006,145.8013153
Asset,Agricultural Service,Dawmac Industries - Berrigan,Berrigan,Berrigan Asset Model,-35.65758735,145.8110688
Asset,Substation,Armidale,Armidale,Armidale Asset Model,-30.53269875,151.7129952
Asset,Community Energy Organisation,Farming the Sun,Armidale,Armidale Asset Model,-30.51705021,151.6638762
Asset,Fuel Depot,Armidale,Armidale,Armidale Asset Model,-30.51361275,151.647995
Asset,Fuel Depot,Armidale,Armidale,Armidale Asset Model,-30.5110302,151.6481705
Asset,Wind Farm,Box Hill,Armidale,Armidale Asset Model,-30.49941067,151.6838899
Asset,University,University of New England - Main campus (Armidale),Armidale,Armidale Asset Model,-30.486582,151.64546
Asset,Pumped Hydropower,Oaky,Armidale,Armidale Asset Model,-30.575119,152.06897
Asset,Solar Farm,Metz Solar Farm,Armidale,Armidale Asset Model,-30.52993,151.872014
Asset,Community Energy Organisation,Sustain Northern Rivers Energy Working Group,Uralla,Uralla Asset Model,-30.643474,151.4974595
Asset,Community Energy Organisation,Uralla - Zero Net Energy Town,Uralla,Uralla Asset Model,-30.64204627,151.4999486
Asset,Wind Farm,Ben Lomond,Glen Innes Severn,Glen Innes Severn Asset Model,-29.96225643,151.6585299
Asset,Solar Farm,White Rock Solar Farm,Glen Innes Severn,Glen Innes Severn Asset Model,-29.76476312,151.5535455
Asset,Substation,Glen Innes,Glen Innes Severn,Glen Innes Severn Asset Model,-29.70674771,151.7731358
Asset,Substation,Borthwick,Inverell,Inverell Asset Model,-29.79079873,151.0995828
Asset,Substation,Inverell,Inverell,Inverell Asset Model,-29.78553353,151.1593435
Asset,Fuel Depot,Inverell,Inverell,Inverell Asset Model,-29.76201248,151.1142044
Asset,Fuel Depot,Inverell,Inverell,Inverell Asset Model,-29.76122284,151.1147308
Asset,Wind Farm,White Rock Wind Farm,Inverell,Inverell Asset Model,-29.76218233,151.5443563
Asset,Substation,White Rock,Inverell,Inverell Asset Model,-29.76218233,151.5443563
Asset,Wind Farm,Sapphire Wind Farm,Inverell,Inverell Asset Model,-29.69972586,151.4119402
Asset,Substation,Sapphire,Inverell,Inverell Asset Model,-29.69950165,151.4126618
Asset,Pumped Hydropower,Pindari,Inverell,Inverell Asset Model,-29.388626,151.244202
Asset,Substation,Dumeresq,Inverell,Inverell Asset Model,-29.20311995,151.3288629
Asset,Wheat Farm,NSW DPI,Gwydir,Gwydir Asset Model,-29.13927,150.42878
Asset,Pumped Hydropower,Copeton,Gwydir,Gwydir Asset Model,-29.910198,150.923462
Asset,Substation,Copeton,Gwydir,Gwydir Asset Model,-29.91016138,150.9231752
Asset,Substation,Tenterfield,Tenterfield,Tenterfield Asset Model,-29.05755201,152.039187
Asset,Community Energy Organisation,Jubullum LALC,Tenterfield,Tenterfield Asset Model,-28.88749723,152.5414588
Asset,Hydrogen Hub,Good Earth Green Hydrogen and Ammonia Project,Moree Plains,Moree Plains Asset Model,-29.465833,149.833889
Asset,Fuel Depot,D G & R J Boland,Moree Plains,Moree Plains Asset Model,-29.47606945,149.8477173
Asset,AustGrains,AustGrains,Moree Plains,Moree Plains Asset Model,-29.48583194,149.8520131
Asset,Substation,Moree,Moree Plains,Moree Plains Asset Model,-29.48521925,149.8556033
Asset,Wheat Farm,NSW DPI,Gwydir,Gwydir Asset Model,-28.93263628,150.3912198
Asset,Wheat Farm,NSW DPI,Gwydir,Gwydir Asset Model,-28.93263628,150.3912198
Asset,Wheat Farm,Kalyx Narrabri,Moree Plains,Moree Plains Asset Model,-29.26137,149.04482
Asset,Wheat Farm,Kalyx Narrabri,Moree Plains,Moree Plains Asset Model,-29.26137,149.04482
Asset,Wheat Farm,NSW DPI,Moree Plains,Moree Plains Asset Model,-29.47047383,149.2295432
Asset,Wheat Farm,NSW DPI,Moree Plains,Moree Plains Asset Model,-29.47047383,149.2295432
Asset,Wheat Farm,NSW DPI,Moree Plains,Moree Plains Asset Model,-29.4769,149.45675
Asset,Substation,Moree Solar,Moree Plains,Moree Plains Asset Model,-29.57633533,149.8601434
Asset,Solar Farm,Moree Solar Farm,Moree Plains,Moree Plains Asset Model,-29.56416817,149.8650239
Asset,Wheat Farm,NSW DPI,Moree Plains,Moree Plains Asset Model,-29.18345,150.00526
Asset,Wheat Farm,NSW DPI,Moree Plains,Moree Plains Asset Model,-28.92119247,150.0217991
Asset,Wheat Farm,NSW DPI,Moree Plains,Moree Plains Asset Model,-28.92119247,150.0217991
Asset,Community Energy Organisation,Geni.Energy Ltd,Narrabri,Narrabri Asset Model,-30.3264508,149.782214
Asset,University,Country Universities Centre - North West (Narrabri),Narrabri,Narrabri Asset Model,-30.32430897,149.7846564
Asset,Fuel Depot,D G & R J Boland,Narrabri,Narrabri Asset Model,-30.33014679,149.7939911
Asset,Substation,Narrabri,Narrabri,Narrabri Asset Model,-30.31696377,149.7977133
Asset,Fuel Depot,Oudenryn,Narrabri,Narrabri Asset Model,-30.22401905,149.4325104
Asset,Fossil Fuel Power Station,Wilga Park,Narrabri,Narrabri Asset Model,-30.363437,149.677153
Asset,Wheat Farm,NSW DPI,Narrabri,Narrabri Asset Model,-29.91709947,149.7911391
Asset,Wheat Farm,NSW DPI,Narrabri,Narrabri Asset Model,-29.91709947,149.7911391
Asset,Wheat Farm,NSW DPI,Narrabri,Narrabri Asset Model,-29.99276,149.82388
Asset,Substation,Gunnedah,Gunnedah,Gunnedah Asset Model,-30.99562184,150.2313958
Asset,Substation,Gunnedah 132-66,Gunnedah,Gunnedah Asset Model,-30.97733144,150.3397489
Asset,Pumped Hydropower,Lake Keepit,Gunnedah,Gunnedah Asset Model,-30.879189,150.491399
Asset,Substation,Boggabri,Narrabri,Narrabri Asset Model,-30.69785859,150.0365673
Asset,Wheat Farm,NSW DPI,Liverpool Plains,Liverpool Plains Asset Model,-31.39633897,150.2439772
Asset,Wheat Farm,NSW DPI,Liverpool Plains,Liverpool Plains Asset Model,-31.39633897,150.2439772
Asset,Wheat Farm,NSW DPI,Liverpool Plains,Liverpool Plains Asset Model,-31.39633897,150.2439772
Asset,Substation,Tamworth,Tamworth,Tamworth Asset Model,-31.14681288,150.951367
Asset,Substation,Tamworth,Tamworth,Tamworth Asset Model,-31.13134734,150.924909
Asset,Fuel Depot,Tamworth (Nemingha),Tamworth,Tamworth Asset Model,-31.12270069,150.9755554
Asset,Fuel Depot,DSF Tamworth,Tamworth,Tamworth Asset Model,-31.09635639,150.9057617
Asset,Fuel Depot,Tamworth,Tamworth,Tamworth Asset Model,-31.09581947,150.9041367
Asset,Abattoir,Teys Australia Tamworth,Tamworth,Tamworth Asset Model,-31.06828371,150.8578232
Asset,Community Energy Organisation,Manilla Community Renewable Energy Inc,Tamworth,Tamworth Asset Model,-30.7446994,150.7231202
Asset,Natural Gas Power Station,Charlestown Square,Lake Macquarie,Lake Macquarie Asset Model,-32.96425538,151.6936125
Asset,Substation,Argenton,Lake Macquarie,Lake Macquarie Asset Model,-32.94025762,151.6266885
Asset,Natural Gas Power Station,Teralba,Lake Macquarie,Lake Macquarie Asset Model,-32.94549,151.611907
Asset,Substation,Morisset,Lake Macquarie,Lake Macquarie Asset Model,-33.11207021,151.476334
Asset,Substation,Eraring,Lake Macquarie,Lake Macquarie Asset Model,-33.06259732,151.515431
Asset,Fossil Fuel Power Station,Eraring,Lake Macquarie,Lake Macquarie Asset Model,-33.06207492,151.5206479
Asset,Fossil Fuel Power Station,Eraring,Lake Macquarie,Lake Macquarie Asset Model,-33.06174875,151.5223301
Asset,Substation,Eraring,Lake Macquarie,Lake Macquarie Asset Model,-33.060997,151.5154645
Asset,Substation,Eraring 132,Lake Macquarie,Lake Macquarie Asset Model,-33.04956596,151.5250236
Asset,Community Energy Organisation,Coal Point Energy Community Inc.,Lake Macquarie,Lake Macquarie Asset Model,-33.04177768,151.6101161
Asset,Substation,Rathmines,Lake Macquarie,Lake Macquarie Asset Model,-33.03316469,151.5617146
Asset,Biogas Plant,Awaba,Lake Macquarie,Lake Macquarie Asset Model,-33.02503,151.549719
Asset,Substation,Toronto West ,Lake Macquarie,Lake Macquarie Asset Model,-33.00609781,151.5671332
Asset,Substation,Awaba,Lake Macquarie,Lake Macquarie Asset Model,-33.005325,151.5577885
Asset,Substation,Newcastle,Lake Macquarie,Lake Macquarie Asset Model,-32.927607,151.561532
Asset,Substation,Beresfield,Newcastle,Newcastle Asset Model,-32.79945006,151.6379381
Asset,Substation,Merewether,Newcastle,Newcastle Asset Model,-32.935136,151.736474
Asset,Fuel Terminal,Newcastle,Newcastle,Newcastle Asset Model,-32.91620255,151.7405853
Asset,Solar Farm,CSIRO Energy Centre,Newcastle,Newcastle Asset Model,-32.883473,151.7274525
Asset,Community Energy Organisation,Clean Energy Association of Newcastle and Surrounds (CLEANaS),Newcastle,Newcastle Asset Model,-32.94508999,151.7532222
Asset,Community Energy Organisation,Climate Action Newcastle,Newcastle,Newcastle Asset Model,-32.92672914,151.7747558
Asset,Wind Farm,Kooragang,Newcastle,Newcastle Asset Model,-32.87728143,151.7477678
Asset,Fuel Terminal,Newcastle,Newcastle,Newcastle Asset Model,-32.90615082,151.7614594
Asset,Substation,BHP,Newcastle,Newcastle Asset Model,-32.88516492,151.7419825
Asset,University,University of Newcastle - Main campus (Callaghan),Newcastle,Newcastle Asset Model,-32.896641,151.697491
Asset,Substation,Waratah,Newcastle,Newcastle Asset Model,-32.8938865,151.714763
Asset,Substation,Waratah West,Newcastle,Newcastle Asset Model,-32.890168,151.7099465
Asset,Biogas Plant,Summerhill,Newcastle,Newcastle Asset Model,-32.888533,151.642954
Asset,Substation,Maryland,Newcastle,Newcastle Asset Model,-32.88781463,151.6522727
Asset,Hydrogen Hub,Hunter Valley Hydrogen Hub,Newcastle,Newcastle Asset Model,-32.916663,151.749997
Asset,Fuel Terminal,Newcastle,Newcastle,Newcastle Asset Model,-32.91529465,151.7567444
Asset,Substation,Ballina,Ballina,Ballina Asset Model,-28.86102138,153.5519151
Asset,Fuel Depot,Ballina,Ballina,Ballina Asset Model,-28.85240173,153.5565643
Asset,Substation,Alstonville,Ballina,Ballina Asset Model,-28.86432034,153.4332623
Asset,Substation,Lennox Head,Ballina,Ballina Asset Model,-28.78151124,153.5522451
Asset,Substation,Ewingsdale,Byron,Byron Asset Model,-28.63728645,153.5543603
Asset,Substation,Suffolk Park,Byron,Byron Asset Model,-28.67292096,153.5940707
Asset,Community Energy Organisation,North Coast Energy Forum,Byron,Byron Asset Model,-28.64161142,153.6105053
Asset,Biomass Plant,Broadwater,Richmond Valley,Richmond Valley Asset Model,-29.011828,153.433481
Asset,Substation,Mullumbimby,Byron,Byron Asset Model,-28.57120456,153.452796
Asset,Community Energy Organisation,Community Owned Renewable Energy Mullumbimby (COREM),Byron,Byron Asset Model,-28.55341739,153.5014745
Asset,Community Energy Organisation,Zero Emissions Byron,Byron,Byron Asset Model,-28.55312131,153.5026672
Asset,Substation,Casino,Richmond Valley,Richmond Valley Asset Model,-28.89035163,153.048542
Asset,Fuel Depot,Casino,Richmond Valley,Richmond Valley Asset Model,-28.85486603,153.0446014
Asset,Abattoir,Northern Rivers Meat Co Pty Ltd,Richmond Valley,Richmond Valley Asset Model,-28.84294448,153.0329592
Asset,Substation,Lismore East,Lismore,Lismore Asset Model,-28.81455834,153.3437031
Asset,Substation,Lismore ,Lismore,Lismore Asset Model,-28.8350082,153.2947651
Asset,Substation,Lismore South,Lismore,Lismore Asset Model,-28.82102142,153.2658041
Asset,Substation,Lismore 132,Lismore,Lismore Asset Model,-28.81892858,153.2434501
Asset,University,Southern Cross University - Main campus (Lismore),Lismore,Lismore Asset Model,-28.818608,153.299906
Asset,Community Energy Organisation,Lismore Community Solarfarm (East) Pty Ltd,Lismore,Lismore Asset Model,-28.81645946,153.2953661
Asset,Community Energy Organisation,Enova Community Energy,Lismore,Lismore Asset Model,-28.81530146,153.2861164
Asset,Substation,Lismore 330,Lismore,Lismore Asset Model,-28.89046903,153.1886382
Asset,Substation,Dunoon,Lismore,Lismore Asset Model,-28.69214723,153.3131433
Asset,Community Energy Organisation,Nimbin Community Solar Farm,Lismore,Lismore Asset Model,-28.59693175,153.2229209
Asset,Fuel Depot,Murwillumbah,Tweed,Tweed Asset Model,-28.33256626,153.4213104
Asset,Community Energy Organisation,Tyalgum Energy Group,Tweed,Tweed Asset Model,-28.35786336,153.2087118
Asset,Biomass Plant,Condong Sugar Mill,Tweed,Tweed Asset Model,-28.313802,153.43411
Asset,Substation,Bungalora,Tweed,Tweed Asset Model,-28.2558964,153.4724413
Asset,Substation,Terranora,Tweed,Tweed Asset Model,-28.24114857,153.5035479
Asset,TAFE,Griffith,Griffith,Griffith Asset Model,-34.287497,146.036399
Asset,University,Country University Centre - West Reverina (Griffith),Griffith,Griffith Asset Model,-34.28675613,146.0434665
Asset,Agricultural Service,Serafin Machinery - Griffith,Griffith,Griffith Asset Model,-34.31093301,146.0453898
Asset,Agricultural Service,Serafin Ag Pro - Griffith,Griffith,Griffith Asset Model,-34.29687384,146.0482976
Asset,Agricultural Service,Intersales - Griffith,Griffith,Griffith Asset Model,-34.29732334,146.0516354
Asset,Fuel Depot,Griffith,Griffith,Griffith Asset Model,-34.29053307,146.0595245
Asset,Agricultural Service,Hutcheon & Pearce - Griffith,Griffith,Griffith Asset Model,-34.29979557,146.0608974
Asset,Fuel Depot,Griffith,Griffith,Griffith Asset Model,-34.29098511,146.0630646
Asset,Fuel Depot,Griffith,Griffith,Griffith Asset Model,-34.29117203,146.0638123
Asset,Agricultural Service,Codemo Machinery Services - Griffith,Griffith,Griffith Asset Model,-34.2953223,146.0655132
Asset,Solar Farm,Hillston Solar Farm,Carrathool,Carrathool Asset Model,-33.518608,145.529537
Asset,Substation,Hillston,Carrathool,Carrathool Asset Model,-33.51593252,145.5297208
Asset,Wheat Farm,NSW DPI,Carrathool,Carrathool Asset Model,-33.81709496,145.6202749
Asset,Wheat Farm,NSW DPI,Carrathool,Carrathool Asset Model,-33.81709496,145.6202749
Asset,Wheat Farm,NSW DPI,Carrathool,Carrathool Asset Model,-33.81709496,145.6202749
Asset,Fuel Depot,Coleambally,Murrumbidgee,Murrumbidgee Asset Model,-34.80265589,145.8914809
Asset,Agricultural Service,Hutcheon & Pearce - Coleambally,Murrumbidgee,Murrumbidgee Asset Model,-34.80369915,145.8916247
Asset,Solar Farm,Coleambally Solar Farm,Murrumbidgee,Murrumbidgee Asset Model,-34.74343877,145.9533966
Asset,Substation,Coleambally,Murrumbidgee,Murrumbidgee Asset Model,-34.74101302,145.953707
Asset,Solar Farm,Darlington Solar Farm,Murrumbidgee,Murrumbidgee Asset Model,-34.646987,146.032824
Asset,Substation,Darlington Point,Murrumbidgee,Murrumbidgee Asset Model,-34.648923,146.0351625
Asset,University,Deakin University - CeRRF Irrigation Research Centre,Griffith,Griffith Asset Model,-34.31938177,146.0664601
Asset,Substation,Griffith,Griffith,Griffith Asset Model,-34.315532,146.109415
Asset,Solar Farm,Griffith Solar Farm,Griffith,Griffith Asset Model,-34.315532,146.109415
Asset,Wheat Farm,NSW DPI,Griffith,Griffith Asset Model,-34.25247019,146.1967052
Asset,Wheat Farm,NSW DPI,Griffith,Griffith Asset Model,-34.25247019,146.1967052
Asset,Wheat Farm,NSW DPI,Griffith,Griffith Asset Model,-34.25247019,146.1967052
Asset,Fuel Depot,Leeton,Leeton,Leeton Asset Model,-34.55343687,146.3927254
Asset,Substation,Yanco,Leeton,Leeton Asset Model,-34.60253171,146.3964785
Asset,TAFE,Leeton,Leeton,Leeton Asset Model,-34.54553,146.406427
Asset,Solar Farm,Leeton Solar Farm,Leeton,Leeton Asset Model,-34.545212,146.425855
Asset,Solar Farm,Yarrabee Solar Farm,Narrandera,Narrandera Asset Model,-34.85134845,146.3061708
Asset,TAFE,Narrandera,Narrandera,Narrandera Asset Model,-34.741464,146.547441
Asset,Solar Farm,Avonlie Solar Farm,Narrandera,Narrandera Asset Model,-34.919113,146.610142
Asset,Solar Farm,Grong Grong Solar Farm,Narrandera,Narrandera Asset Model,-34.724052,146.745345
Asset,Community Energy Organisation,Haystacks Solar Garden,Narrandera,Narrandera Asset Model,-34.73844005,146.7807063
Asset,Pumped Hydropower,Murray 2,Snowy Valleys,Snowy Valleys Asset Model,-36.242344,148.136247
Asset,Substation,Murray,Snowy Valleys,Snowy Valleys Asset Model,-36.22554964,148.1442705
Asset,Pumped Hydropower,Murray 1,Snowy Valleys,Snowy Valleys Asset Model,-36.246713,148.190095
Asset,Substation,Geehi Dam,Snowy Valleys,Snowy Valleys Asset Model,-36.30176971,148.3138075
Asset,Substation,Tumut 132,Snowy Valleys,Snowy Valleys Asset Model,-35.2990895,148.2036495
Asset,TAFE,Tumut,Snowy Valleys,Snowy Valleys Asset Model,-35.30656566,148.2215634
Asset,Pumped Hydropower,Tumut 1 (Upper Tumut),Snowy Valleys,Snowy Valleys Asset Model,-35.951729,148.36371
Asset,Substation,Tumut 2,Snowy Valleys,Snowy Valleys Asset Model,-35.8813841,148.3672174
Asset,Pumped Hydropower,Tumut 2 (Upper Tumut),Snowy Valleys,Snowy Valleys Asset Model,-35.8813841,148.3672174
Asset,Substation,Cabramurra,Snowy Valleys,Snowy Valleys Asset Model,-35.93607052,148.3842286
Asset,Substation,Upper Tumut,Snowy Valleys,Snowy Valleys Asset Model,-35.910907,148.386037
Asset,Substation,Gadara,Snowy Valleys,Snowy Valleys Asset Model,-35.29615899,148.1354816
Asset,Biomass Plant,Visy Pulp and Paper Tumut,Snowy Valleys,Snowy Valleys Asset Model,-35.295933,148.137052
Asset,Substation,Blowering,Snowy Valleys,Snowy Valleys Asset Model,-35.39828527,148.2454032
Asset,Pumped Hydropower,Blowering,Snowy Valleys,Snowy Valleys Asset Model,-35.398601,148.246272
Asset,Substation,Lower Tumut,Snowy Valleys,Snowy Valleys Asset Model,-35.60647332,148.2886573
Asset,Pumped Hydropower,Tumut 3,Snowy Valleys,Snowy Valleys Asset Model,-35.61121773,148.2916846
Asset,Pumped Hydropower,Jounama,Snowy Valleys,Snowy Valleys Asset Model,-35.5619651,148.3055166
Asset,TAFE,Cootamundra,Cootamundra-Gundagai,Cootamundra-Gundagai Asset Model,-34.6347,148.016133
Asset,Solar Farm,Cootamundra Solar Farm,Cootamundra-Gundagai,Cootamundra-Gundagai Asset Model,-34.649607,148.024928
Asset,Fuel Depot,Cootamundra,Cootamundra-Gundagai,Cootamundra-Gundagai Asset Model,-34.63626671,148.0348511
Asset,Solar Farm,Junee Solar Farm,Junee,Junee Asset Model,-34.811344,147.57156
Asset,Community Energy Organisation,Junee Community Power,Junee,Junee Asset Model,-34.86875523,147.5834535
Asset,Solar Farm,Sebastopol Solar Farm,Temora,Temora Asset Model,-34.603029,147.55649
Asset,Substation,Temora,Temora,Temora Asset Model,-34.4606461,147.5507381
Asset,Fuel Depot,Temora Fuel Distributors,Temora,Temora Asset Model,-34.44768524,147.5529785
Asset,Agricultural Service,Intersales - Temora,Temora,Temora Asset Model,-34.44183588,147.5307942
Asset,TAFE,Temora,Temora,Temora Asset Model,-34.44042,147.542557
Asset,Agricultural Service,Hutcheon & Pearce - Temora,Temora,Temora Asset Model,-34.43825231,147.5306497
Asset,Wheat Farm,Kalyx Young,Temora,Temora Asset Model,-34.43168,147.56668
Asset,Wheat Farm,Kalyx Young,Temora,Temora Asset Model,-34.43168,147.56668
Asset,Wheat Farm,NSW DPI,Coolamon,Coolamon Asset Model,-34.32536491,146.9610168
Asset,Wheat Farm,NSW DPI,Coolamon,Coolamon Asset Model,-34.32536491,146.9610168
Asset,Fuel Depot,Wagga,Wagga Wagga,Wagga Wagga Asset Model,-35.12234116,147.3768616
Asset,Substation,Wagga 132,Wagga Wagga,Wagga Wagga Asset Model,-35.12636675,147.3814929
Asset,Industrial Precinct,FlipScreen Manufacturing Facility,Wagga Wagga,Wagga Wagga Asset Model,-35.1282358,147.4036086
Asset,Hydrogen Hub,Wagga Wagga,Wagga Wagga,Wagga Wagga Asset Model,-35.1392164,147.4050366
Asset,Agricultural Service,Intersales - Wagga Wagga,Wagga Wagga,Wagga Wagga Asset Model,-35.12555977,147.4150152
Asset,Innovation Hub,DPI Advanced Gene Tech Centre,Wagga Wagga,Wagga Wagga Asset Model,-35.05394031,147.3483814
Asset,Industrial Precinct,Southern NSW Drought Resilience Adoption and Innovation Hub,Wagga Wagga,Wagga Wagga Asset Model,-35.05461738,147.3507085
Asset,University,Charles Sturt University - Wagga Wagga campus,Wagga Wagga,Wagga Wagga Asset Model,-35.056913,147.351095
Asset,TAFE,Primary Industries Centre,Wagga Wagga,Wagga Wagga Asset Model,-35.065485,147.376101
Asset,Abattoir,Teys Australia Wagga Wagga,Wagga Wagga,Wagga Wagga Asset Model,-35.07587538,147.4106472
Asset,Fuel Depot,Bomen,Wagga Wagga,Wagga Wagga Asset Model,-35.07019806,147.4122009
Asset,Substation,Wagga North,Wagga Wagga,Wagga Wagga Asset Model,-35.07644731,147.4226795
Asset,Industrial Precinct,Riverina Intermodal Freight and Logistics Hub,Wagga Wagga,Wagga Wagga Asset Model,-35.05564205,147.4247773
Asset,Solar Farm,Wagga Wagga Solar Farm,Wagga Wagga,Wagga Wagga Asset Model,-35.066925,147.435037
Asset,Solar Farm,Bomen Solar Farm,Wagga Wagga,Wagga Wagga Asset Model,-35.049324,147.443713
Asset,TAFE,Wagga Wagga,Wagga Wagga,Wagga Wagga Asset Model,-35.124352,147.366118
Asset,Agricultural Service,Hutcheon & Pearce - Wagga Wagga,Wagga Wagga,Wagga Wagga Asset Model,-35.11027886,147.3455964
Asset,University,Notre Dame University - Wagga Wagga,Wagga Wagga,Wagga Wagga Asset Model,-35.11877124,147.351894
Asset,Innovation Hub,Wagga Biomedical Sciences Centre,Wagga Wagga,Wagga Wagga Asset Model,-35.11918579,147.3561693
Asset,University,University of NSW - Wagga Wagga,Wagga Wagga,Wagga Wagga Asset Model,-35.11845169,147.3564809
Asset,Industrial Precinct,Wagga Wagga Health Services Hub,Wagga Wagga,Wagga Wagga Asset Model,-35.11858394,147.3573732
Asset,Registered Training Organisation,Wagga Wagga,Wagga Wagga,Wagga Wagga Asset Model,-35.1076831,147.3588983
Asset,Community Energy Organisation,Climate Rescue of Wagga (CROW),Wagga Wagga,Wagga Wagga Asset Model,-35.10456868,147.3663983
Asset,Agricultural Service,Hutcheon & Pearce - SRO,Wagga Wagga,Wagga Wagga Asset Model,-35.11700366,147.3680446
Asset,Registered Training Organisation,Wagga Wagga,Wagga Wagga,Wagga Wagga Asset Model,-35.1056829,147.3715903
Asset,Industrial Precinct,Coolamon Business Park,Coolamon,Coolamon Asset Model,-34.81470837,147.206409
Asset,Substation,Uranquinty,Wagga Wagga,Wagga Wagga Asset Model,-35.17730022,147.2154018
Asset,Natural Gas Power Station,Uranquinty,Wagga Wagga,Wagga Wagga Asset Model,-35.179395,147.215692
Asset,Wheat Farm,Kalyx Young,Coolamon,Coolamon Asset Model,-34.86476,147.3461
Asset,Wheat Farm,Kalyx Young,Coolamon,Coolamon Asset Model,-34.86476,147.3461
Asset,Substation,Wagga 330,Wagga Wagga,Wagga Wagga Asset Model,-35.20043347,147.3935504
Asset,Industrial Precinct,Lockhart Renewable Energy Project,Lockhart,Lockhart Asset Model,-35.22536251,146.7193456
Asset,Wheat Farm,NSW DPI,Lockhart,Lockhart Asset Model,-35.22173085,146.7213584
Asset,Wheat Farm,NSW DPI,Lockhart,Lockhart Asset Model,-35.22173085,146.7213584
Asset,Pumped Hydropower,Bendeela (Shoalhaven Scheme),Shoalhaven,Shoalhaven Asset Model,-34.73369,150.46687
Asset,Substation,Kangaroo Valley,Shoalhaven,Shoalhaven Asset Model,-34.72380026,150.4817139
Asset,Pumped Hydropower,Kangaroo Valley (Shoalhaven Scheme),Shoalhaven,Shoalhaven Asset Model,-34.72297,150.47953
Asset,Substation,Shoalhaven,Shoalhaven,Shoalhaven Asset Model,-34.89055334,150.5922855
Asset,University,University of Wollongong - Shoalhaven campus,Shoalhaven,Shoalhaven Asset Model,-34.887623,150.567524
Asset,Biogas Plant,West Nowra (Shoalhaven),Shoalhaven,Shoalhaven Asset Model,-34.881978,150.551485
Asset,Substation,Tomerong,Shoalhaven,Shoalhaven Asset Model,-35.02341311,150.575695
Asset,Natural Gas Power Station,Bamarang,Shoalhaven,Shoalhaven Asset Model,-34.90298106,150.5258221
Asset,Community Energy Organisation,Repower Shoalhaven,Shoalhaven,Shoalhaven Asset Model,-35.08533858,150.4963713
Asset,University,Country Universities Centre - Southern Shoalhaven,Shoalhaven,Shoalhaven Asset Model,-35.3620398,150.4735747
Asset,Substation,Ulladulla,Shoalhaven,Shoalhaven Asset Model,-35.35123185,150.4629204
Asset,Fuel Depot,Milton,Shoalhaven,Shoalhaven Asset Model,-35.33154678,150.4493408
Asset,Substation,Evans Lane,Shoalhaven,Shoalhaven Asset Model,-35.33673305,150.3987319
Asset,Community Energy Organisation,WinZero Inc,Wingecarribee,Wingecarribee Asset Model,-34.48393217,150.4137565
Asset,Community Energy Organisation,Climate Action Now Wingecarribee (CANWin),Wingecarribee,Wingecarribee Asset Model,-34.4776288,150.4181379
Asset,University,University of Wollongong - Moss Vale Education Centre,Wingecarribee,Wingecarribee Asset Model,-34.554498,150.375555
Asset,Substation,Fairfax Lane,Wingecarribee,Wingecarribee Asset Model,-34.5523465,150.4067615
Asset,Cement Plant,Berrima,Wingecarribee,Wingecarribee Asset Model,-34.50711193,150.3386284
Asset,Substation,Bella Vista,The Hills,The Hills Asset Model,-33.74421609,150.9495654
Asset,Substation,West Castle Hill,The Hills,The Hills Asset Model,-33.72911279,150.9781631
Asset,Substation,Cheriton Avenue,The Hills,The Hills Asset Model,-33.73222187,151.0001571
Asset,Substation,Kenthurst,The Hills,The Hills Asset Model,-33.666313,151.002759
Asset,Substation,Sydney North,Hornsby,Hornsby Asset Model,-33.6556305,151.0301025
Asset,Substation,Galston,Hornsby,Hornsby Asset Model,-33.65796919,151.0409658
Asset,Fuel Depot,Tunbridge Petroleum Pty Ltd,Hawkesbury,Hawkesbury Asset Model,-33.55300522,150.8655243
Asset,Substation,Mungerie Park,The Hills,The Hills Asset Model,-33.68747054,150.921484
Asset,Substation,Quakers,Blacktown,Blacktown Asset Model,-33.73538806,150.8859362
Asset,Substation,Doonside,Blacktown,Blacktown Asset Model,-33.77073794,150.8780274
Asset,Substation,Blacktown,Blacktown,Blacktown Asset Model,-33.80242667,150.9264218
Asset,University,University of Western Sydney - Blacktown campus (Nirimba Education Precinct),Blacktown,Blacktown Asset Model,-33.724304,150.877368
Asset,Biogas Plant,Grange Avenue,Blacktown,Blacktown Asset Model,-33.702938,150.831233
Asset,Substation,Vineyard,Blacktown,Blacktown Asset Model,-33.657088,150.8434735
Asset,Substation,Rouse Hill,Blacktown,Blacktown Asset Model,-33.69223004,150.9079745
Asset,Substation,Parklea,Blacktown,Blacktown Asset Model,-33.72014111,150.9363555
Asset,Substation,Rooty Hill,Blacktown,Blacktown Asset Model,-33.7586705,150.839003
Asset,Substation,Sydney West,Blacktown,Blacktown Asset Model,-33.81607651,150.8279464
Asset,Substation,Eastern Creek,Blacktown,Blacktown Asset Model,-33.81331219,150.8368042
Asset,Biogas Plant,Eastern Creek,Blacktown,Blacktown Asset Model,-33.81415696,150.8537017
Asset,Biogas Plant,Eastern Creek 2,Blacktown,Blacktown Asset Model,-33.812515,150.861683
Asset,Substation,Arndell Park,Blacktown,Blacktown Asset Model,-33.79042023,150.8908587
Asset,Substation,BHP,Blacktown,Blacktown Asset Model,-33.76642314,150.8482327
Asset,Substation,Huntingwood,Blacktown,Blacktown Asset Model,-33.7944076,150.8706311
Asset,Fuel Terminal,Botany,Bayside (NSW),Bayside (NSW) Asset Model,-33.95401764,151.2145233
Asset,Fuel Terminal,Banksmeadow,Bayside (NSW),Bayside (NSW) Asset Model,-33.96334457,151.2172012
Asset,University,University of NSW - David Phillips Field (Daceyville) campus,Bayside (NSW),Bayside (NSW) Asset Model,-33.931594,151.224558
Asset,Fuel Terminal,Botany Site B,Randwick,Randwick Asset Model,-33.97956467,151.2122192
Asset,Substation,Bunnerong,Randwick,Randwick Asset Model,-33.96894352,151.2291267
Asset,Substation,Marrickville,Inner West,Inner West Asset Model,-33.91203954,151.1622971
Asset,Substation,St Peters,Sydney,Sydney Asset Model,-33.9066129,151.1830853
Asset,Substation,Beaconsfield South,Sydney,Sydney Asset Model,-33.9155969,151.1866631
Asset,Substation,Beaconsfield West,Sydney,Sydney Asset Model,-33.91506805,151.1872355
Asset,Substation,Beaconsfield North,Sydney,Sydney Asset Model,-33.91433271,151.1879037
Asset,Substation,Green Square,Sydney,Sydney Asset Model,-33.91232539,151.194463
Asset,University,University of Sydney - Surry Hills campus,Sydney,Sydney Asset Model,-33.884445,151.207813
Asset,Substation,Surry Hills,Sydney,Sydney Asset Model,-33.88244829,151.2120411
Asset,Substation,Campbell,Sydney,Sydney Asset Model,-33.87982845,151.2123194
Asset,University,University of Sydney - Mallet Street campus,Sydney,Sydney Asset Model,-33.888942,151.178208
Asset,University,University of Sydney - Main campus (Camperdown),Sydney,Sydney Asset Model,-33.886692,151.189798
Asset,University,University of Sydney - Burren Street campus,Sydney,Sydney Asset Model,-33.895727,151.184968
Asset,Substation,Pyrmont,Sydney,Sydney Asset Model,-33.8704768,151.1935663
Asset,Substation,City Central,Sydney,Sydney Asset Model,-33.87320708,151.2027304
Asset,Substation,City North,Sydney,Sydney Asset Model,-33.8672695,151.203174
Asset,University,University of Newcastle - Sydney Business School,Sydney,Sydney Asset Model,-33.87375,151.204219
Asset,University,CQUniversity - Sydney,Sydney,Sydney Asset Model,-33.87142867,151.2051464
Asset,University,Macquarie University - Sydney CBD campus (Wynyard),Sydney,Sydney Asset Model,-33.865411,151.205375
Asset,Substation,Dalley Street,Sydney,Sydney Asset Model,-33.86293715,151.2080555
Asset,Natural Gas Power Station,Sydney,Sydney,Sydney Asset Model,-33.871547,151.2091
Asset,University,University of New South Wales - Australian Graduate School of Management (AGSM) - City campus,Sydney,Sydney Asset Model,-33.864497,151.209944
Asset,University,University of Sydney - St James campus,Sydney,Sydney Asset Model,-33.868947,151.210628
Asset,University,Southern Cross University - Sydney Hotel School,Sydney,Sydney Asset Model,-33.862936,151.212392
Asset,University,University of Sydney - Conservatorium of Music,Sydney,Sydney Asset Model,-33.863528,151.214179
Asset,Community Energy Organisation,Pingala,Sydney,Sydney Asset Model,-33.87784533,151.2004157
Asset,Substation,Haymarket,Sydney,Sydney Asset Model,-33.88141732,151.2022468
Asset,Community Energy Organisation,Sydney Renewable Power Company,Sydney,Sydney Asset Model,-33.88178185,151.2022739
Asset,Substation,Belmore Park,Sydney,Sydney Asset Model,-33.87979623,151.207377
Asset,Community Energy Organisation,Community Power Agency,Sydney,Sydney Asset Model,-33.88000623,151.2088827
Asset,University,"University of Technology, Sydney - Main campus (Ultimo)",Sydney,Sydney Asset Model,-33.883779,151.201024
Asset,Substation,Zetland,Sydney,Sydney Asset Model,-33.90412912,151.2038324
Asset,Substation,Waverley,Waverley,Waverley Asset Model,-33.8916292,151.2604996
Asset,Substation,Rose Bay,Waverley,Waverley Asset Model,-33.87801143,151.2713722
Asset,University,University of NSW - COFA (College of Fine Arts),Sydney,Sydney Asset Model,-33.883611,151.220589
Asset,Substation,Double Bay,Woollahra,Woollahra Asset Model,-33.88347607,151.2466889
Asset,University,University of NSW - Main campus (Kensington),Randwick,Randwick Asset Model,-33.917234,151.231369
Asset,University,University of NSW - Biological Sciences Building,Randwick,Randwick Asset Model,-33.91670428,151.2353527
Asset,Substation,Kingsford,Randwick,Randwick Asset Model,-33.92716991,151.2300166
Asset,Substation,Maroubra,Randwick,Randwick Asset Model,-33.94231012,151.2379975
Asset,Substation,Clovelly,Randwick,Randwick Asset Model,-33.90890663,151.248036
Asset,University,University of NSW - Randwick campus,Randwick,Randwick Asset Model,-33.906738,151.234855
Asset,University,University of NSW - Cliffbrook (Coogee) campus,Randwick,Randwick Asset Model,-33.914053,151.260503
Asset,Biogas Plant,Malabar Biomethane Facility,Randwick,Randwick Asset Model,-33.96280262,151.2553835
Asset,Substation,Rookwood Road,Canterbury-Bankstown,Canterbury-Bankstown Asset Model,-33.89415937,151.0370017
Asset,Substation,Greenacre Park,Canterbury-Bankstown,Canterbury-Bankstown Asset Model,-33.90444102,151.0407458
Asset,Substation,Potts Hill,Canterbury-Bankstown,Canterbury-Bankstown Asset Model,-33.88820596,151.0422127
Asset,Fossil Fuel Power Station,Revesby Workers Club,Canterbury-Bankstown,Canterbury-Bankstown Asset Model,-33.95343975,151.0137332
Asset,Substation,Sefton,Canterbury-Bankstown,Canterbury-Bankstown Asset Model,-33.88749688,151.018499
Asset,Fossil Fuel Power Station,Bankstown Sports Club,Canterbury-Bankstown,Canterbury-Bankstown Asset Model,-33.9196996,151.0332436
Asset,Substation,Bankstown,Canterbury-Bankstown,Canterbury-Bankstown Asset Model,-33.93697815,151.0392727
Asset,University,University of Western Sydney - Bankstown campus,Canterbury-Bankstown,Canterbury-Bankstown Asset Model,-33.940171,150.990882
Asset,Substation,Sydney South,Canterbury-Bankstown,Canterbury-Bankstown Asset Model,-33.9786545,151.012896
Asset,Substation,Canterbury,Canterbury-Bankstown,Canterbury-Bankstown Asset Model,-33.92157194,151.1159491
Asset,Substation,New Canterbury,Canterbury-Bankstown,Canterbury-Bankstown Asset Model,-33.92078678,151.1160489
Asset,Substation,Peakhurst,Georges River,Georges River Asset Model,-33.96629447,151.0626639
Asset,Substation,Hurstville North,Georges River,Georges River Asset Model,-33.95501747,151.09583
Asset,Substation,Kogarah,Georges River,Georges River Asset Model,-33.96819566,151.1277393
Asset,Solar Farm,Kogarah Town Square Solar Array,Georges River,Georges River Asset Model,-33.96517453,151.1331504
Asset,Fossil Fuel Power Station,St George Leagues Club,Georges River,Georges River Asset Model,-33.97481738,151.129381
Asset,Substation,Rockdale,Bayside (NSW),Bayside (NSW) Asset Model,-33.95255107,151.1499196
Asset,Community Energy Organisation,Inner West Community Energy Inc,Canada Bay,Canada Bay Asset Model,-33.8584876,151.1287473
Asset,Substation,Drummoyne,Canada Bay,Canada Bay Asset Model,-33.85573282,151.1348109
Asset,Substation,Rozelle,Inner West,Inner West Asset Model,-33.86380217,151.1647145
Asset,University,University of Sydney - Rozelle campus (Sydney College of the Arts),Inner West,Inner West Asset Model,-33.866745,151.16554
Asset,Substation,Mason Park,Strathfield,Strathfield Asset Model,-33.8563485,151.074597
Asset,Substation,Homebush,Strathfield,Strathfield Asset Model,-33.867087,151.0885785
Asset,Substation,Chullora,Strathfield,Strathfield Asset Model,-33.8789595,151.0658015
Asset,Substation,Willoughby,Willoughby,Willoughby Asset Model,-33.81679526,151.1853991
Asset,Fuel Terminal,Gore Bay,Lane Cove,Lane Cove Asset Model,-33.83776283,151.1854248
Asset,Substation,Lane Cove,Lane Cove,Lane Cove Asset Model,-33.811723,151.145072
Asset,Fossil Fuel Power Station,Nine Network,Willoughby,Willoughby Asset Model,-33.81096413,151.1966227
Asset,Substation,Mt Colah,Hornsby,Hornsby Asset Model,-33.64836453,151.1203274
Asset,Substation,Berowra,Hornsby,Hornsby Asset Model,-33.6312695,151.1459305
Asset,University,"University of Technology, Sydney - Kuring-gai campus",Ku-ring-gai,Ku-ring-gai Asset Model,-33.788408,151.160871
Asset,Natural Gas Power Station,North Sydney,North Sydney,North Sydney Asset Model,-33.83981189,151.2069282
Asset,Natural Gas Power Station,North Sydney,North Sydney,North Sydney Asset Model,-33.83838156,151.2053942
Asset,Community Energy Organisation,Clear Sky Solar Investments,Northern Beaches,Northern Beaches Asset Model,-33.67599003,151.2569763
Asset,Natural Gas Power Station,Blackmores,Northern Beaches,Northern Beaches Asset Model,-33.67777003,151.2908047
Asset,University,University of NSW - Manly Vale campus,Northern Beaches,Northern Beaches Asset Model,-33.78149,151.257369
Asset,Substation,Sydney East,Northern Beaches,Northern Beaches Asset Model,-33.7258225,151.2082815
Asset,Substation,Warringah,Northern Beaches,Northern Beaches Asset Model,-33.75458796,151.2441313
Asset,Substation,Nepean,Camden,Camden Asset Model,-34.072091,150.7322595
Asset,Biogas Plant,Jacks Gully,Camden,Camden Asset Model,-34.07344,150.742689
Asset,University,University of Western Sydney - Campbelltown campus,Campbelltown (NSW),Campbelltown (NSW) Asset Model,-34.069516,150.79105
Asset,Fossil Fuel Power Station,Western Suburbs Leagues Club (Campbelltown),Campbelltown (NSW),Campbelltown (NSW) Asset Model,-34.051326,150.83286
Asset,Substation,Ingleburn,Campbelltown (NSW),Campbelltown (NSW) Asset Model,-34.0143425,150.851327
Asset,Substation,Macarthur,Campbelltown (NSW),Campbelltown (NSW) Asset Model,-34.08528132,150.7663115
Asset,Fossil Fuel Power Station,Tahmoor,Wollondilly,Wollondilly Asset Model,-34.248233,150.58077
Asset,Fossil Fuel Power Station,Tower Mine,Wollondilly,Wollondilly Asset Model,-34.220692,150.717941
Asset,Natural Gas Power Station,Appin (Mine),Wollondilly,Wollondilly Asset Model,-34.208185,150.772181
Asset,University,University of Sydney - Camden Campus,Wollondilly,Wollondilly Asset Model,-34.027664,150.6585
Asset,Substation,Warrimoo,Blue Mountains,Blue Mountains Asset Model,-33.73303758,150.6029665
Asset,Substation,Katoomba North,Blue Mountains,Blue Mountains Asset Model,-33.66966795,150.3251858
Asset,Community Energy Organisation,Blue Mountains Renewable Energy Co-op (BMRenew),Blue Mountains,Blue Mountains Asset Model,-33.71169759,150.3103649
Asset,Substation,Lawson,Blue Mountains,Blue Mountains Asset Model,-33.720701,150.425736
Asset,University,University of Western Sydney - Penrith campus (Kingswood and Werrington),Penrith,Penrith Asset Model,-33.764129,150.744481
Asset,Substation,Regentville,Penrith,Penrith Asset Model,-33.788008,150.6485235
Asset,Substation,Penrith,Penrith,Penrith Asset Model,-33.74658609,150.6923709
Asset,Fuel Depot,Penrith,Penrith,Penrith Asset Model,-33.74272537,150.6928711
Asset,Pumped Hydropower,Warragamba,Wollondilly,Wollondilly Asset Model,-33.88324223,150.5965406
Asset,Substation,Warragamba Dam,Wollondilly,Wollondilly Asset Model,-33.88248966,150.5973502
Asset,University,University of Western Sydney - Hawkesbury campus,Hawkesbury,Hawkesbury Asset Model,-33.607469,150.75125
Asset,Substation,Hawksbury,Hawkesbury,Hawkesbury Asset Model,-33.6281265,150.813457
Asset,Community Energy Organisation,Hawkesbury Environment Network (HEN ),Hawkesbury,Hawkesbury Asset Model,-33.60753671,150.8211732
Asset,Substation,Mamre,Penrith,Penrith Asset Model,-33.81194406,150.7953532
Asset,Natural Gas Power Station,Erskine Park,Penrith,Penrith Asset Model,-33.81820659,150.8032273
Asset,Substation,Mount Druitt,Penrith,Penrith Asset Model,-33.76358037,150.7920815
Asset,University,University of Sydney - Cumberland campus,Cumberland,Cumberland Asset Model,-33.881335,151.04962
Asset,Fuel Terminal,Silverwater,Parramatta,Parramatta Asset Model,-33.83000946,151.0517883
Asset,Solar Farm,Newington Solar Suburb,Parramatta,Parramatta Asset Model,-33.8412921,151.0538161
Asset,Solar Farm,Stadium Australia,Parramatta,Parramatta Asset Model,-33.84517807,151.0640393
Asset,Substation,Homebush Bay,Parramatta,Parramatta Asset Model,-33.83317965,151.0729994
Asset,University,University of Western Sydney - Parramatta campus (and Westmead Precinct),Parramatta,Parramatta Asset Model,-33.812136,151.02494
Asset,Substation,Rydalmere,Parramatta,Parramatta Asset Model,-33.81000525,151.0456411
Asset,Substation,Carlingford,Parramatta,Parramatta Asset Model,-33.782624,151.0442395
Asset,Substation,Granville,Parramatta,Parramatta Asset Model,-33.83001591,151.0088938
Asset,Substation,Guildford,Cumberland,Cumberland Asset Model,-33.8505885,150.9576355
Asset,Fuel Depot,Smithfield,Cumberland,Cumberland Asset Model,-33.84617996,150.9434586
Asset,Natural Gas Power Station,Smithfield Energy,Cumberland,Cumberland Asset Model,-33.85004,150.949466
Asset,Fossil Fuel Power Station,Club Merrylands,Cumberland,Cumberland Asset Model,-33.83811555,150.9905038
Asset,Substation,Holroyd,Cumberland,Cumberland Asset Model,-33.83472292,150.9191464
Asset,Substation,North Parramatta,Parramatta,Parramatta Asset Model,-33.80749226,151.0090073
Asset,Substation,Baulkham Hills,Parramatta,Parramatta Asset Model,-33.78182703,150.9687209
Asset,Substation,West Parramatta,Parramatta,Parramatta Asset Model,-33.8144855,150.9989969
Asset,Substation,East Parramatta,Parramatta,Parramatta Asset Model,-33.81644618,151.0101138
Asset,Substation,Camellia,Parramatta,Parramatta Asset Model,-33.82608,151.030447
Asset,Fuel Terminal,Parramatta,Parramatta,Parramatta Asset Model,-33.82287788,151.0388794
Asset,Biogas Plant,EarthPower Biomass Plant,Parramatta,Parramatta Asset Model,-33.820373,151.042037
Asset,Fuel Refinery,Clyde,Parramatta,Parramatta Asset Model,-33.82690048,151.0421295
Asset,Fuel Terminal,Clyde,Parramatta,Parramatta Asset Model,-33.82690048,151.0421295
Asset,Substation,Pennant Hills,Hornsby,Hornsby Asset Model,-33.73870892,151.0575185
Asset,Substation,Macquarie Park,Ryde,Ryde Asset Model,-33.78672468,151.1329128
Asset,Hydrogen Hub,Hyundai Integrated Hydrogen Production and Refuelling System,Ryde,Ryde Asset Model,-33.78237,151.131195
Asset,University,Macquarie University - Main campus (North Ryde),Ryde,Ryde Asset Model,-33.776153,151.114921
Asset,Substation,Meadowbank,Ryde,Ryde Asset Model,-33.81361728,151.0936701
Asset,Substation,Top Ryde,Ryde,Ryde Asset Model,-33.81173297,151.113786
Asset,Substation,Kemps Creek,Liverpool,Liverpool Asset Model,-33.9006505,150.8085335
Asset,Fuel Depot,Leppington,Camden,Camden Asset Model,-33.95186234,150.8113937
Asset,Hydrogen Hub,Western Sydney Green Gas Project,Fairfield,Fairfield Asset Model,-33.830952,150.865007
Asset,Substation,West Wetherill,Fairfield,Fairfield Asset Model,-33.84197789,150.8813749
Asset,Substation,Wetherill Park,Fairfield,Fairfield Asset Model,-33.84205166,150.9116749
Asset,Substation,Liverpool,Liverpool,Liverpool Asset Model,-33.93267276,150.8657731
Asset,Substation,West Liverpool,Liverpool,Liverpool Asset Model,-33.9309484,150.8717773
Asset,Substation,Gwawley Bay,Sutherland,Sutherland Asset Model,-34.02385506,151.1040501
Asset,Substation,Cronulla,Sutherland,Sutherland Asset Model,-34.05109407,151.1469068
Asset,Substation,Kurnell,Sutherland,Sutherland Asset Model,-34.01512894,151.2058884
Asset,Fuel Terminal,Kurnell,Sutherland,Sutherland Asset Model,-34.0207634,151.2144394
Asset,Fuel Refinery,Kurnell,Sutherland,Sutherland Asset Model,-34.0207634,151.2144394
Asset,Biogas Plant,Lucas Heights II,Sutherland,Sutherland Asset Model,-34.048146,150.973882
Asset,Biogas Plant,Lucas Heights I,Sutherland,Sutherland Asset Model,-34.029302,151.002072
Asset,Substation,Menai,Sutherland,Sutherland Asset Model,-34.01489738,151.0105181
Asset,University,University of Wollongong - Southern Sydney campus (Loftus),Sutherland,Sutherland Asset Model,-34.040653,151.052922
Asset,Community Energy Organisation,Sunny Shire,Sutherland,Sutherland Asset Model,-34.0324502,151.0586033
Asset,Substation,Kirrawee,Sutherland,Sutherland Asset Model,-34.0338854,151.0754556
Asset,Substation,Port Hacking,Sutherland,Sutherland Asset Model,-34.0271435,151.0802225
Asset,Natural Gas Power Station,Ballarat Base Hospital,Ballarat,Ballarat Asset Model,-37.559607,143.846918
Asset,Community Energy Organisation,Ballarat Renewable Energy and Zero Emissions (BREAZE),Ballarat,Ballarat Asset Model,-37.56073919,143.8475616
Asset,Fuel Depot,Ballarat,Ballarat,Ballarat Asset Model,-37.57047653,143.8111725
Asset,Fuel Depot,Ballarat,Ballarat,Ballarat Asset Model,-37.57098961,143.8153534
Asset,Solar Farm,Ballarat Solar Park,Ballarat,Ballarat Asset Model,-37.51437136,143.7854729
Asset,Industrial Precinct,Gaia EnviroTech,Ballarat,Ballarat Asset Model,-37.522953,143.807239
Asset,Substation,Ballarat North,Ballarat,Ballarat Asset Model,-37.53461185,143.8468952
Asset,Substation,Ballarat,Ballarat,Ballarat Asset Model,-37.56738113,143.9218558
Asset,Wind Farm,Moorabool North Wind Farm,Moorabool,Moorabool Asset Model,-37.65497906,144.1913036
Asset,Wind Farm,Yaloak South Wind Farm,Moorabool,Moorabool Asset Model,-37.7281319,144.240753
Asset,Wind Farm,Leonards Hill,Hepburn,Hepburn Asset Model,-37.42713575,144.122153
Asset,Community Energy Organisation,Hepburn Energy,Hepburn,Hepburn Asset Model,-37.34375884,144.1422404
Asset,Substation,Elaine,Moorabool,Moorabool Asset Model,-37.72995278,144.0115354
Asset,Wind Farm,Moorabool South Wind Farm,Moorabool,Moorabool Asset Model,-37.74023251,144.1621965
Asset,Wind Farm,Crowlands Wind Farm,Pyrenees,Pyrenees Asset Model,-37.12155984,143.1537151
Asset,Substation,Crowlands,Pyrenees,Pyrenees Asset Model,-37.12077938,143.1544765
Asset,Substation,Ararat Wind Farm,Pyrenees,Pyrenees Asset Model,-37.16389514,143.2447413
Asset,Wind Farm,Waubra Wind Farm,Pyrenees,Pyrenees Asset Model,-37.35746218,143.6037302
Asset,Substation,Waubra,Pyrenees,Pyrenees Asset Model,-37.3559815,143.605915
Asset,Community Energy Organisation,Bendigo Sustainability Group,Greater Bendigo,Greater Bendigo Asset Model,-36.75547671,144.2842666
Asset,Community Energy Organisation,Dja Dja Wurrung Clans Aboriginal Corporation,Greater Bendigo,Greater Bendigo Asset Model,-36.75172931,144.2892982
Asset,Fuel Depot,Bendigo,Greater Bendigo,Greater Bendigo Asset Model,-36.73095703,144.2639084
Asset,Fuel Depot,Bendigo,Greater Bendigo,Greater Bendigo Asset Model,-36.73158646,144.2643127
Asset,Fuel Depot,Bendigo,Greater Bendigo,Greater Bendigo Asset Model,-36.73242569,144.2648621
Asset,Fuel Depot,Bendigo,Greater Bendigo,Greater Bendigo Asset Model,-36.74583435,144.3058472
Asset,Fuel Depot,Bendigo,Greater Bendigo,Greater Bendigo Asset Model,-36.74179077,144.3179932
Asset,Community Energy Organisation,Community Power Hub Loddon Mallee,Greater Bendigo,Greater Bendigo Asset Model,-36.77254448,144.2909786
Asset,Substation,Bendigo,Greater Bendigo,Greater Bendigo Asset Model,-36.7840245,144.2535898
Asset,Solar Farm,Bendigo Solar Park,Greater Bendigo,Greater Bendigo Asset Model,-36.67475242,144.303239
Asset,Regional Delivery Partner,North Central Catchment Management Authority,Greater Bendigo,Greater Bendigo Asset Model,-36.66557362,144.3332251
Asset,Community Energy Organisation,Mt Alexander Sustainability Group (MASG),Mount Alexander,Mount Alexander Asset Model,-37.06721928,144.2164934
Asset,Community Energy Organisation,More Australian Solar Homes (MASH),Mount Alexander,Mount Alexander Asset Model,-37.06680837,144.21659
Asset,Community Energy Organisation,Renewable Newstead,Mount Alexander,Mount Alexander Asset Model,-37.1106225,144.0634491
Asset,Substation,Fosterville,Greater Bendigo,Greater Bendigo Asset Model,-36.7382295,144.5106208
Asset,Community Energy Organisation,Macedon Ranges Sustainability Group,Macedon Ranges,Macedon Ranges Asset Model,-37.36123354,144.5271848
Asset,Solar Farm,Bridgewater Solar,Loddon,Loddon Asset Model,-36.61349914,143.9528805
Asset,Substation,Mount Mercer,Golden Plains,Golden Plains Asset Model,-37.83169981,143.8891938
Asset,Wind Farm,Mt Mercer Wind Farm,Golden Plains,Golden Plains Asset Model,-37.83169981,143.8891938
Asset,Wheat Farm,SFS Vic,Golden Plains,Golden Plains Asset Model,-38.10078419,144.0582742
Asset,Community Energy Organisation,Barwon Regional Alliance for Community Energy (BRACE),Surf Coast,Surf Coast Asset Model,-38.24329567,143.9891052
Asset,Regional Delivery Partner,Corangamite Catchment Management Authority,Greater Geelong,Greater Geelong Asset Model,-38.14803136,144.3558693
Asset,Community Energy Organisation,Geelong Sustainability,Greater Geelong,Greater Geelong Asset Model,-38.15138599,144.3589585
Asset,Substation,Point Henry,Greater Geelong,Greater Geelong Asset Model,-38.13502919,144.4222826
Asset,Substation,Moorabool,Greater Geelong,Greater Geelong Asset Model,-38.037,144.2968085
Asset,Fuel Depot,Corio,Greater Geelong,Greater Geelong Asset Model,-38.07850266,144.3659287
Asset,Fuel Refinery,Geelong,Greater Geelong,Greater Geelong Asset Model,-38.07963562,144.3799744
Asset,Fuel Terminal,Geelong,Greater Geelong,Greater Geelong Asset Model,-38.07369614,144.3810577
Asset,Fuel Terminal,Geelong,Greater Geelong,Greater Geelong Asset Model,-38.08467484,144.3814163
Asset,Solar Farm,Geelong Solar Farm,Greater Geelong,Greater Geelong Asset Model,-38.06667493,144.3878271
Asset,Hydrogen Hub,Geelong New Energies Service Station Project,Greater Geelong,Greater Geelong Asset Model,-38.066,144.388
Asset,Biogas Plant,Corio,Greater Geelong,Greater Geelong Asset Model,-38.05865888,144.4055757
Asset,Substation,Geelong,Greater Geelong,Greater Geelong Asset Model,-38.082624,144.3384975
Asset,Fossil Fuel Power Station,Anglesea,Surf Coast,Surf Coast Asset Model,-38.386056,144.182789
Asset,Substation,Anglesea,Surf Coast,Surf Coast Asset Model,-38.38547951,144.1836857
Asset,Community Energy Organisation,Anglesea Community Energy (ACE),Surf Coast,Surf Coast Asset Model,-38.40661429,144.1868398
Asset,Community Energy Organisation,100% Clean Bellarine,Greater Geelong,Greater Geelong Asset Model,-38.13396453,144.6157457
Asset,Community Energy Organisation,Surf Coast Energy Group,Surf Coast,Surf Coast Asset Model,-38.31606443,144.3188552
Asset,Pumped Hydropower,Royston,Murrindindi,Murrindindi Asset Model,-37.37392068,145.8645268
Asset,Pumped Hydropower,Rubicon Falls,Murrindindi,Murrindindi Asset Model,-37.34008663,145.8476787
Asset,Pumped Hydropower,Rubicon,Murrindindi,Murrindindi Asset Model,-37.32722,145.86052
Asset,Pumped Hydropower,Lower Rubicon,Murrindindi,Murrindindi Asset Model,-37.30272459,145.8457752
Asset,Substation,Rubicon,Murrindindi,Murrindindi Asset Model,-37.2927537,145.8185062
Asset,Pumped Hydropower,Eildon Small Hydro,Murrindindi,Murrindindi Asset Model,-37.24307176,145.8974099
Asset,Substation,Eildon,Murrindindi,Murrindindi Asset Model,-37.22370778,145.9209195
Asset,Pumped Hydropower,Eildon,Murrindindi,Murrindindi Asset Model,-37.22200533,145.9214524
Asset,Community Energy Organisation,Murrindindi Climate Network,Murrindindi,Murrindindi Asset Model,-37.19164966,145.7098268
Asset,Fuel Depot,I & M Simpson & Son Pty Ltd,Murrindindi,Murrindindi Asset Model,-37.1870327,145.7029877
Asset,Community Energy Organisation,Euroa Environment Group,Strathbogie,Strathbogie Asset Model,-36.74620283,145.572378
Asset,Community Energy Organisation,Up2Us Landcare,Mansfield,Mansfield Asset Model,-37.0532288,146.088033
Asset,University,Country Universities Centre - Ovens Murray (Mansfield),Mansfield,Mansfield Asset Model,-37.05211693,146.0883713
Asset,Community Energy Organisation,Renewable Energy Mansfield,Mansfield,Mansfield Asset Model,-37.05847747,146.0917127
Asset,Community Energy Organisation,The Goulburn Group,Strathbogie,Strathbogie Asset Model,-36.68672751,145.2237057
Asset,Community Energy Organisation,Mitchell Community Energy,Mitchell,Mitchell Asset Model,-37.02809788,145.142301
Asset,Community Energy Organisation,2030Yea Inc,Murrindindi,Murrindindi Asset Model,-37.21376087,145.4160009
Asset,Community Energy Organisation,Renewable Energy Benalla,Benalla,Benalla Asset Model,-36.55101774,145.9830201
Asset,Fuel Depot,Tasco,Benalla,Benalla Asset Model,-36.54790878,146.0012436
Asset,Substation,Glenrowan,Benalla,Benalla Asset Model,-36.49350287,146.1319724
Asset,Wheat Farm,Kalyx Young,Indigo,Indigo Asset Model,-36.14964,146.46302
Asset,University,Country Universities Centre - Ovens Murray (Wangaratta),Wangaratta,Wangaratta Asset Model,-36.37700316,146.2864895
Asset,University,Country Universities Centre - Ovens Murray (Wangaratta),Wangaratta,Wangaratta Asset Model,-36.355135,146.3135412
Asset,Pumped Hydropower,Lake William Hovell,Wangaratta,Wangaratta Asset Model,-36.91293685,146.392106
Asset,Community Energy Organisation,Totally Renewable Beechworth,Indigo,Indigo Asset Model,-36.35895242,146.6877874
Asset,Pumped Hydropower,Bogong (Mount Beauty Hydro Scheme),Alpine,Alpine Asset Model,-36.80546098,147.228034
Asset,Pumped Hydropower,McKay Creek (Mount Beauty Hydro Scheme),Alpine,Alpine Asset Model,-36.858394,147.234542
Asset,Substation,Clover,Alpine,Alpine Asset Model,-36.78578336,147.2194456
Asset,Pumped Hydropower,Clover,Alpine,Alpine Asset Model,-36.785281,147.220466
Asset,Pumped Hydropower,West Kiewa (Mount Beauty Hydro Scheme),Alpine,Alpine Asset Model,-36.760066,147.186048
Asset,Substation,Mount Beauty,Alpine,Alpine Asset Model,-36.7438865,147.1658615
Asset,Community Energy Organisation,Sustainable Upper Ovens,Alpine,Alpine Asset Model,-36.7277336,146.9594477
Asset,Substation,Dederang,Alpine,Alpine Asset Model,-36.454287,146.990813
Asset,Biodiesel Refinery,Just Biodiesel,Indigo,Indigo Asset Model,-36.11895028,146.6994804
Asset,Community Energy Organisation,Myrtleford Community Power,Alpine,Alpine Asset Model,-36.54970307,146.7280627
Asset,University,Country Universities Centre - Ovens Murray (Wangaratta),Towong,Towong Asset Model,-36.20724167,147.895143
Asset,Pumped Hydropower,Dartmouth (Mount Beauty Hydro Scheme),Towong,Towong Asset Model,-36.55642936,147.5205799
Asset,Pumped Hydropower,Banimboola,Towong,Towong Asset Model,-36.53439682,147.4593781
Asset,Community Energy Organisation,Totally Sustainable Tallangatta,Towong,Towong Asset Model,-36.21519113,147.177127
Asset,University,La Trobe University - Wodonga,Wodonga,Wodonga Asset Model,-36.1112272,146.8507499
Asset,TAFE,Wodonga,Wodonga,Wodonga Asset Model,-36.11061962,146.8549464
Asset,Community Energy Organisation,Totally Renewable Yackandandah,Indigo,Indigo Asset Model,-36.31317534,146.8406707
Asset,Community Energy Organisation,Indigo Power,Indigo,Indigo Asset Model,-36.31315805,146.8408638
Asset,Substation,Wodonga,Wodonga,Wodonga Asset Model,-36.15481513,146.9501485
Asset,Hydrogen Hub,Hydrogen Park Murray Valley (HyP Murray Valley),Wodonga,Wodonga Asset Model,-36.13379,146.902297
Asset,Community Energy Organisation,Renewable Albury Wodonga (RAW),Wodonga,Wodonga Asset Model,-36.12474078,146.8885152
Asset,Regional Delivery Partner,North East Catchment Management Authority,Wodonga,Wodonga Asset Model,-36.12295851,146.8897009
Asset,Agricultural Service,Intersales - Wodonga,Wodonga,Wodonga Asset Model,-36.11884218,146.9007994
Asset,Registered Training Organisation,Albury Wodonga Community College Limited,Wodonga,Wodonga Asset Model,-36.11791248,146.8888474
Asset,Fuel Depot,Wodonga,Wodonga,Wodonga Asset Model,-36.11660385,146.897644
Asset,Battery Energy Storage System,LONGWARRY BESS,Baw Baw,Baw Baw Asset Model,-38.11201019,145.7716204
Asset,Industrial Precinct,Longwarry Saleyards,Baw Baw,Baw Baw Asset Model,-38.09379698,145.782113
Asset,Agricultural Service,TTMI - Trafalgar,Baw Baw,Baw Baw Asset Model,-38.20512853,146.1582184
Asset,Solar Farm,Shady Creek Solar Farm,Baw Baw,Baw Baw Asset Model,-38.13765908,146.1217111
Asset,Agricultural Service,R.E.N Machinery - Warragul,Baw Baw,Baw Baw Asset Model,-38.16869136,145.9459018
Asset,Agricultural Service,Vin Rowe Farm Machinery - Warragul,Baw Baw,Baw Baw Asset Model,-38.16822442,145.9414748
Asset,Agricultural Service,AG Farm Machinery - Warragul,Baw Baw,Baw Baw Asset Model,-38.16798291,145.9407563
Asset,Agricultural Service,Gendore Tractors & Machinery - Warragul,Baw Baw,Baw Baw Asset Model,-38.16722414,145.9457357
Asset,Agricultural Service,Farm Depot - Warragul,Baw Baw,Baw Baw Asset Model,-38.166564,145.9458024
Asset,Agricultural Service,VC Traders inc Warragul Equipment Hire - Warragul,Baw Baw,Baw Baw Asset Model,-38.16652512,145.9444994
Asset,Fuel Depot,South East,Baw Baw,Baw Baw Asset Model,-38.16575623,145.9382782
Asset,Agricultural Service,Brown Wigg - Warragul,Baw Baw,Baw Baw Asset Model,-38.16560392,145.9478227
Asset,Agricultural Service,CLAAS Harvest Centre - Warragul,Baw Baw,Baw Baw Asset Model,-38.16488078,145.949558
Asset,TAFE,Warragul Campus,Baw Baw,Baw Baw Asset Model,-38.16446552,145.932921
Asset,Agricultural Service,Mclaren Agricultural Machinery - Warragul,Baw Baw,Baw Baw Asset Model,-38.16366023,145.9393966
Asset,Solar Farm,Brairnsdale Solar Farm,East Gippsland,East Gippsland Asset Model,-37.84426639,147.569613
Asset,Agricultural Service,Donalda Motors - Bairnsdale,East Gippsland,East Gippsland Asset Model,-37.83984723,147.5927281
Asset,Registered Training Organisation,AGA,East Gippsland,East Gippsland Asset Model,-37.83883043,147.5940628
Asset,Regional Delivery Partner,East Gippsland Catchment Management Authority,East Gippsland,East Gippsland Asset Model,-37.83363428,147.6006174
Asset,Agricultural Service,Agricultural Tractor Services - Bairnsdale,East Gippsland,East Gippsland Asset Model,-37.83778878,147.61566
Asset,TAFE,Bairnsdale Campus,East Gippsland,East Gippsland Asset Model,-37.8249264,147.6362256
Asset,Natural Gas Power Station,Bairnsdale,East Gippsland,East Gippsland Asset Model,-37.8428595,147.5639295
Asset,TAFE,Forestec Campus,East Gippsland,East Gippsland Asset Model,-37.83881053,147.9270874
Asset,TAFE,Lakes Entrance Campus Seamec,East Gippsland,East Gippsland Asset Model,-37.88550277,147.9716152
Asset,Community Energy Organisation,Mallacoota Sustainable Energy Group,East Gippsland,East Gippsland Asset Model,-37.55850995,149.7567882
Asset,Hydrogen Hub,NULLPort Anthony Renewables,South Gippsland,South Gippsland Asset Model,-38.71260033,146.3955193
Asset,Wind Farm,Toora Wind Farm,South Gippsland,South Gippsland Asset Model,-38.64506,146.344132
Asset,Community Energy Organisation,Sandy Point Community Power,South Gippsland,South Gippsland Asset Model,-38.82484095,146.1155489
Asset,Substation,Marinus Link,South Gippsland,South Gippsland Asset Model,-38.79974183,146.058555
Asset,Wind Farm,Bald Hill Wind Farm,South Gippsland,South Gippsland Asset Model,-38.7467995,145.9492829
Asset,Agricultural Service,Brown Wigg - Meeniyan,South Gippsland,South Gippsland Asset Model,-38.5778508,146.0133764
Asset,Wind Farm,Delburn,Latrobe (Vic.),Latrobe (Vic.) Asset Model,-38.31628273,146.2769037
Asset,Agricultural Service,Brandt - Leongatha,South Gippsland,South Gippsland Asset Model,-38.53121464,145.950821
Asset,TAFE,Leongatha Campus,South Gippsland,South Gippsland Asset Model,-38.47871533,145.9643333
Asset,Agricultural Service,TTMI - Leongatha,South Gippsland,South Gippsland Asset Model,-38.47343386,145.9456917
Asset,Agricultural Service,CLAAS Harvest Centre - Leongatha,South Gippsland,South Gippsland Asset Model,-38.46930487,145.9590826
Asset,Agricultural Service,Gendore Tractors & Machinery - Leongatha,South Gippsland,South Gippsland Asset Model,-38.46718038,145.9597365
Asset,Agricultural Service,Chapman Machinery Service - Leongatha,South Gippsland,South Gippsland Asset Model,-38.46682315,145.9577221
Asset,Community Energy Organisation,Mirboo North Community Energy Hub,South Gippsland,South Gippsland Asset Model,-38.40113307,146.1588308
Asset,Community Energy Organisation,Totally Renewable Phillip Island,Bass Coast,Bass Coast Asset Model,-38.48940922,145.2043563
Asset,Battery Energy Storage System,PHILLIP ISLAND BESS,Bass Coast,Bass Coast Asset Model,-38.49415583,145.2347327
Asset,Community Energy Organisation,GroundSwell BassCoast,Bass Coast,Bass Coast Asset Model,-38.52161354,145.3728269
Asset,Community Energy Organisation,Energy Innovation Co-op,Bass Coast,Bass Coast Asset Model,-38.63320065,145.7193394
Asset,Solar Farm,Old Energy New Energy Project,Bass Coast,Bass Coast Asset Model,-38.6218662,145.5960747
Asset,University,Country Universities Centre - Bass Coast,Bass Coast,Bass Coast Asset Model,-38.60879026,145.590111
Asset,Wind Farm,Wonthaggi Wind Farm,Bass Coast,Bass Coast Asset Model,-38.603736,145.546167
Asset,University,Federation University Australia - Gippsland Campus,Latrobe (Vic.),Latrobe (Vic.) Asset Model,-38.31170207,146.4287265
Asset,Substation,Hazelwood,Latrobe (Vic.),Latrobe (Vic.) Asset Model,-38.281172,146.4283415
Asset,Substation,Jeeralang,Latrobe (Vic.),Latrobe (Vic.) Asset Model,-38.27692112,146.4244822
Asset,Natural Gas Power Station,Jeeralang A,Latrobe (Vic.),Latrobe (Vic.) Asset Model,-38.275325,146.426296
Asset,Battery Energy Storage System,WOOREEN BESS,Latrobe (Vic.),Latrobe (Vic.) Asset Model,-38.27499666,146.4284343
Asset,Natural Gas Power Station,Jeeralang B,Latrobe (Vic.),Latrobe (Vic.) Asset Model,-38.274626,146.424923
Asset,Substation,Hazelwood,Latrobe (Vic.),Latrobe (Vic.) Asset Model,-38.273103,146.392263
Asset,Fossil Fuel Power Station,Hazelwood,Latrobe (Vic.),Latrobe (Vic.) Asset Model,-38.273103,146.392263
Asset,Battery Energy Storage System,Hazelwood Battery,Latrobe (Vic.),Latrobe (Vic.) Asset Model,-38.2680303,146.3899955
Asset,Solar Farm,Morwell Solar Farm,Latrobe (Vic.),Latrobe (Vic.) Asset Model,-38.26781759,146.4330298
Asset,Substation,Basslink-Loy Yang,Latrobe (Vic.),Latrobe (Vic.) Asset Model,-38.26230304,146.6080845
Asset,Battery Energy Storage System,BENNETTS CREEK BESS,Latrobe (Vic.),Latrobe (Vic.) Asset Model,-38.25870494,146.4238437
Asset,Substation,Loy Yang ,Latrobe (Vic.),Latrobe (Vic.) Asset Model,-38.25649684,146.5738617
Asset,Fossil Fuel Power Station,Loy Yang B,Latrobe (Vic.),Latrobe (Vic.) Asset Model,-38.256447,146.58637
Asset,Substation,Loy Yang,Latrobe (Vic.),Latrobe (Vic.) Asset Model,-38.25487506,146.571266
Asset,Battery Energy Storage System,LOY YANG B BESS,Latrobe (Vic.),Latrobe (Vic.) Asset Model,-38.25465356,146.5988782
Asset,Natural Gas Power Station,Valley Power (Peaking Facility),Latrobe (Vic.),Latrobe (Vic.) Asset Model,-38.253622,146.589166
Asset,Fossil Fuel Power Station,Loy Yang A,Latrobe (Vic.),Latrobe (Vic.) Asset Model,-38.2536,146.574569
Asset,Hydrogen Hub,Hydrogen Energy Supply Chain (HESC) - Pilot Project,Latrobe (Vic.),Latrobe (Vic.) Asset Model,-38.25151473,146.5812556
Asset,Hydrogen Hub,Liquefied Hydrogen Supply Chain Commercial Demonstration Project,Latrobe (Vic.),Latrobe (Vic.) Asset Model,-38.25151473,146.5812556
Asset,Battery Energy Storage System,LOY YANG A BESS,Latrobe (Vic.),Latrobe (Vic.) Asset Model,-38.24607533,146.5888566
Asset,Fossil Fuel Power Station,Yallourn,Latrobe (Vic.),Latrobe (Vic.) Asset Model,-38.177015,146.342783
Asset,TAFE,Yallourn Campus,Latrobe (Vic.),Latrobe (Vic.) Asset Model,-38.17574491,146.3072273
Asset,Substation,Yallourn,Latrobe (Vic.),Latrobe (Vic.) Asset Model,-38.17413773,146.3499137
Asset,Biomass Plant,Maryvale Mill,Latrobe (Vic.),Latrobe (Vic.) Asset Model,-38.18089277,146.4479463
Asset,Substation,Morwell,Latrobe (Vic.),Latrobe (Vic.) Asset Model,-38.2588285,146.4198975
Asset,Battery Energy Storage System,LATROBE VALLEY BESS,Latrobe (Vic.),Latrobe (Vic.) Asset Model,-38.25823825,146.4203648
Asset,Substation,Morwell,Latrobe (Vic.),Latrobe (Vic.) Asset Model,-38.2571645,146.4208465
Asset,Fossil Fuel Power Station,Energy Brix,Latrobe (Vic.),Latrobe (Vic.) Asset Model,-38.25456,146.413722
Asset,Industrial Precinct,Latrobe City Gippsland Logistics Precinct,Latrobe (Vic.),Latrobe (Vic.) Asset Model,-38.24066985,146.4311934
Asset,TAFE,Morwell Campus,Latrobe (Vic.),Latrobe (Vic.) Asset Model,-38.23992043,146.4221239
Asset,Innovation Hub,Morwell Innovation Centre,Latrobe (Vic.),Latrobe (Vic.) Asset Model,-38.23989195,146.4213655
Asset,Community Energy Organisation,Earthworker Cooperative,Latrobe (Vic.),Latrobe (Vic.) Asset Model,-38.23658582,146.4244365
Asset,Agricultural Service,Massaro Motors - Morwell,Latrobe (Vic.),Latrobe (Vic.) Asset Model,-38.23402,146.4321033
Asset,Solar Farm,FRASERS Solar Farm,Latrobe (Vic.),Latrobe (Vic.) Asset Model,-38.08262498,146.596263
Asset,TAFE,Traralgon Campus,Latrobe (Vic.),Latrobe (Vic.) Asset Model,-38.1985685,146.5376997
Asset,Regional Delivery Partner,West Gippsland Catchment Management,Latrobe (Vic.),Latrobe (Vic.) Asset Model,-38.1973653,146.539556
Asset,Biogas Plant,Traralgon Network Support Station,Latrobe (Vic.),Latrobe (Vic.) Asset Model,-38.1792569,146.5654322
Asset,Solar Farm,Hazelwood North  Solar Farm,Latrobe (Vic.),Latrobe (Vic.) Asset Model,-38.2316258,146.4729186
Asset,Fuel Depot,Traralgon,Latrobe (Vic.),Latrobe (Vic.) Asset Model,-38.20119476,146.5362167
Asset,Fuel Depot,Advanced Petroleum,Latrobe (Vic.),Latrobe (Vic.) Asset Model,-38.20115662,146.5352097
Asset,Community Energy Organisation,Energise Gippsland Community Power Hub,Latrobe (Vic.),Latrobe (Vic.) Asset Model,-38.19417852,146.5238894
Asset,Community Energy Organisation,Gippsland Climate Change Network,Latrobe (Vic.),Latrobe (Vic.) Asset Model,-38.19196142,146.5241173
Asset,Natural Gas Power Station,Longford,Wellington,Wellington Asset Model,-38.2235817,147.1657126
Asset,Solar Farm,Longford Solar Farm,Wellington,Wellington Asset Model,-38.17371175,147.029453
Asset,Solar Farm,Perry Bridge Solar Farm,Wellington,Wellington Asset Model,-37.99099954,147.1916727
Asset,Solar Farm,Maffra Solar Farm,Wellington,Wellington Asset Model,-37.94744392,147.0019302
Asset,Solar Farm,Maffra-Briagolong Solar Farm,Wellington,Wellington Asset Model,-37.93371675,146.9945364
Asset,Pumped Hydropower,Lake Glenmaggie,Wellington,Wellington Asset Model,-37.904745,146.801085
Asset,Agricultural Service,Brown Wigg - Maffra,Wellington,Wellington Asset Model,-37.97282075,147.0003264
Asset,Agricultural Service,Brandt - Maffra,Wellington,Wellington Asset Model,-37.9645842,146.972201
Asset,Agricultural Service,Gendore Tractors & Machinery - Maffra,Wellington,Wellington Asset Model,-37.97251149,146.995887
Asset,Agricultural Service,Traf Tractor & Machinery - Maffra,Wellington,Wellington Asset Model,-37.96685428,146.9736087
Asset,Agricultural Service,Donalda Motor Service Pty ltd - Maffra,Wellington,Wellington Asset Model,-37.967985,146.976996
Asset,Solar Farm,Fulham Solar Farm,Wellington,Wellington Asset Model,-38.11785423,146.9659508
Asset,Community Energy Organisation,Voices of the Valley,Wellington,Wellington Asset Model,-38.15301989,146.781097
Asset,Solar Farm,FLYNN Solar Farm,Wellington,Wellington Asset Model,-38.25347524,146.6713698
Asset,TAFE,Sale (Flexible Learning Centre),Wellington,Wellington Asset Model,-38.10764745,147.0637953
Asset,TAFE,Sale Gtec Campus,Wellington,Wellington Asset Model,-38.08591143,147.0752621
Asset,TAFE,Port of Sale Campus,Wellington,Wellington Asset Model,-38.11562735,147.0674752
Asset,Wind Farm,Gelliondale,Wellington,Wellington Asset Model,-38.63048549,146.5771466
Asset,Agricultural Service,Brown Wigg - Yarram,Wellington,Wellington Asset Model,-38.56210571,146.6768647
Asset,Substation,Basslink Transition,Wellington,Wellington Asset Model,-38.40612359,147.0683592
Asset,Solar Farm,Gippsland Renewable Energy Park (GREP),Wellington,Wellington Asset Model,-38.37730082,146.9985094
Asset,Wind Farm,Giffard Wind Farm,Wellington,Wellington Asset Model,-38.39272688,147.0246181
Asset,Substation,Brunswick,Merri-bek,Merri-bek Asset Model,-37.77266982,144.9843333
Asset,Community Energy Organisation,Moreland Community Solar,Merri-bek,Merri-bek Asset Model,-37.75541,144.9632355
Asset,Community Energy Organisation,Cooperative Power,Moonee Valley,Moonee Valley Asset Model,-37.78804793,144.9367762
Asset,Solar Farm,Tulla Calder Interchange Solar Array,Moonee Valley,Moonee Valley Asset Model,-37.73527874,144.8948168
Asset,Natural Gas Power Station,Carlton,Melbourne,Melbourne Asset Model,-37.80611823,144.9606501
Asset,Regional Delivery Partner,Costa Group,Melbourne,Melbourne Asset Model,-37.81942147,144.9440549
Asset,Regional Delivery Partner,Melbourne Water Corporation,Melbourne,Melbourne Asset Model,-37.81407864,144.9468944
Asset,Substation,West Melbourne,Melbourne,Melbourne Asset Model,-37.80034051,144.9348533
Asset,Fuel Terminal,Coode Island,Melbourne,Melbourne Asset Model,-37.81533814,144.9074097
Asset,Fuel Terminal,Coode Island,Melbourne,Melbourne Asset Model,-37.81327057,144.9073868
Asset,Natural Gas Power Station,Melbourne,Melbourne,Melbourne Asset Model,-37.808596,144.9684801
Asset,Solar Farm,Queen Victoria Market Solar Array,Melbourne,Melbourne Asset Model,-37.80694397,144.9569438
Asset,University,CQUniversity - Melbourne,Melbourne,Melbourne Asset Model,-37.81805044,144.9544011
Asset,Community Energy Organisation,Beyond Zero Emissions,Melbourne,Melbourne Asset Model,-37.81423558,144.963054
Asset,Natural Gas Power Station,Symex Port Melbourne,Port Phillip,Port Phillip Asset Model,-37.829794,144.944365
Asset,Substation,Fishermans Bend,Melbourne,Melbourne Asset Model,-37.82519109,144.9294307
Asset,Community Energy Organisation,Yarra Community Solar,Yarra,Yarra Asset Model,-37.78929406,144.9896126
Asset,Substation,Richmond,Yarra,Yarra Asset Model,-37.83113541,145.0015809
Asset,Community Energy Organisation,Yarra Energy Foundation,Yarra,Yarra Asset Model,-37.82445679,144.9981969
Asset,Substation,Templestowe,Manningham,Manningham Asset Model,-37.74806994,145.1705358
Asset,Substation,Heatherton,Kingston (Vic.),Kingston (Vic.) Asset Model,-37.941128,145.078232
Asset,Substation,Malvern,Stonnington,Stonnington Asset Model,-37.8778287,145.0844323
Asset,Community Energy Organisation,Banyule Clean Energy Group (BCEG),Banyule,Banyule Asset Model,-37.77227855,145.0406623
Asset,Community Energy Organisation,Montmorency Community Group,Banyule,Banyule Asset Model,-37.71796663,145.1231129
Asset,Community Energy Organisation,Clean Energy Nillumbik,Nillumbik,Nillumbik Asset Model,-37.67301556,145.1494767
Asset,Substation,Thomastown,Whittlesea,Whittlesea Asset Model,-37.69369909,145.009929
Asset,Hydrogen Hub,Melbourne Hydrogen Hub,Whittlesea,Whittlesea Asset Model,-37.646669,144.983335
Asset,Substation,South Morang,Whittlesea,Whittlesea Asset Model,-37.64448216,145.0784356
Asset,Biogas Plant,ReWaste,Whittlesea,Whittlesea Asset Model,-37.610654,144.976739
Asset,Hydrogen Hub,HyHome,Whittlesea,Whittlesea Asset Model,-37.605176,144.9849613
Asset,Hydrogen Hub,Renewable Hydrogen Hydro-Gen 1,Whittlesea,Whittlesea Asset Model,-37.604786,144.991287
Asset,Biogas Plant,Wollert,Whittlesea,Whittlesea Asset Model,-37.582957,145.048704
Asset,Substation,Keilor,Brimbank,Brimbank Asset Model,-37.73823859,144.8461764
Asset,Biogas Plant,Broadmeadows,Hume,Hume Asset Model,-37.687786,144.966319
Asset,Fuel Terminal,Somerton,Hume,Hume Asset Model,-37.63498688,144.9382401
Asset,Natural Gas Power Station,Somerton,Hume,Hume Asset Model,-37.631822,144.953077
Asset,Substation,Somerton ,Hume,Hume Asset Model,-37.6313695,144.9529774
Asset,Substation,Somerton,Hume,Hume Asset Model,-37.62247383,144.9486348
Asset,Substation,Rowville,Knox,Knox Asset Model,-37.92927956,145.2272831
Asset,Substation,East Rowville,Knox,Knox Asset Model,-37.94095825,145.2363406
Asset,Substation,Ringwood,Maroondah,Maroondah Asset Model,-37.82083468,145.2155772
Asset,Community Energy Organisation,Healesville Community Renewable Energy Project,Yarra Ranges,Yarra Ranges Asset Model,-37.65049344,145.523293
Asset,Community Energy Organisation,Warburton Community Hydro,Yarra Ranges,Yarra Ranges Asset Model,-37.75288898,145.69885
Asset,Community Energy Organisation,Cockatoo Community Energy,Cardinia,Cardinia Asset Model,-37.93577201,145.4914571
Asset,Fuel Depot,Koo Wee Rup,Cardinia,Cardinia Asset Model,-38.2047348,145.4903183
Asset,Biogas Plant,Berwick,Casey,Casey Asset Model,-38.119702,145.266461
Asset,Substation,Cranbourne,Casey,Casey Asset Model,-38.08563427,145.2664321
Asset,Biogas Plant,Hallam Road,Casey,Casey Asset Model,-38.05345276,145.2699497
Asset,Pumped Hydropower,South East Water Hallam Plant,Casey,Casey Asset Model,-38.02317811,145.2781215
Asset,Biogas Plant,Claytons,Kingston (Vic.),Kingston (Vic.) Asset Model,-37.9502,145.118722
Asset,Substation,Springvale,Greater Dandenong,Greater Dandenong Asset Model,-37.92818217,145.1461007
Asset,Biogas Plant,Springvale,Greater Dandenong,Greater Dandenong Asset Model,-37.973297,145.139635
Asset,Community Energy Organisation,Dandenong Ranges Renewable Energy Association,Greater Dandenong,Greater Dandenong Asset Model,-37.98496962,145.2144346
Asset,Hydrogen Hub,Manufacturing and Commercialisation of Hydrogen Buses,Greater Dandenong,Greater Dandenong Asset Model,-38.00876787,145.2072788
Asset,Fuel Depot,Dandenong South,Greater Dandenong,Greater Dandenong Asset Model,-38.03105927,145.2456284
Asset,Hydrogen Hub,Energys Renewable Hydrogen Production Facility,Monash,Monash Asset Model,-37.9224073,145.1489153
Asset,Hydrogen Hub,Swinburne University of Technology Victorian Hydrogen Hub – CSIRO Hydrogen Refuelling Station,Monash,Monash Asset Model,-37.906333,145.131945
Asset,Solar Farm,Monash University (Clayton Campus) Solar Array,Monash,Monash Asset Model,-37.91178735,145.1329961
Asset,Biogas Plant,Brooklyn,Brimbank,Brimbank Asset Model,-37.817967,144.831876
Asset,Hydrogen Hub,Development of Altona Renewable Hydrogen Plant,Hobsons Bay,Hobsons Bay Asset Model,-37.8475965,144.7925081
Asset,Fuel Terminal,Altona,Hobsons Bay,Hobsons Bay Asset Model,-37.84986496,144.8249817
Asset,Fuel Terminal,Altona,Hobsons Bay,Hobsons Bay Asset Model,-37.85238584,144.8479556
Asset,Hydrogen Hub,Toyota Ecopark Hydrogen Demonstration (Toyota Hydrogen Centre),Hobsons Bay,Hobsons Bay Asset Model,-37.835943,144.829007
Asset,Substation,Brooklyn,Hobsons Bay,Hobsons Bay Asset Model,-37.8259672,144.8617856
Asset,Fuel Refinery,Altona,Hobsons Bay,Hobsons Bay Asset Model,-37.85161591,144.8516312
Asset,Natural Gas Power Station,Newport,Hobsons Bay,Hobsons Bay Asset Model,-37.841462,144.894197
Asset,Fuel Terminal,Newport,Hobsons Bay,Hobsons Bay Asset Model,-37.83738327,144.8865356
Asset,Fuel Terminal,Newport,Hobsons Bay,Hobsons Bay Asset Model,-37.83636108,144.8897999
Asset,Fuel Terminal,Newport,Hobsons Bay,Hobsons Bay Asset Model,-37.83521581,144.8915332
Asset,Fuel Terminal,Newport,Hobsons Bay,Hobsons Bay Asset Model,-37.83376271,144.8938117
Asset,Fuel Terminal,Yarraville,Hobsons Bay,Hobsons Bay Asset Model,-37.82378388,144.8982697
Asset,Hydrogen Hub,Calix Zero Emissions Steel Technology-pre-FEED and FEED Study,Moorabool,Moorabool Asset Model,-37.70773,144.41045
Asset,Substation,Deer Park,Melton,Melton Asset Model,-37.77717437,144.7349631
Asset,Substation,Sydenham,Melton,Melton Asset Model,-37.67616315,144.7472126
Asset,Natural Gas Power Station,Laverton North,Wyndham,Wyndham Asset Model,-37.84158,144.788711
Asset,Substation,Altona,Wyndham,Wyndham Asset Model,-37.838848,144.7893805
Asset,Biogas Plant,Wyndham,Wyndham,Wyndham Asset Model,-37.937488,144.590179
Asset,Hydrogen Hub,Hydrogen Fuels Australia Truganina HRS,Wyndham,Wyndham Asset Model,-37.816277,144.71822
Asset,Fuel Terminal,Hastings,Mornington Peninsula,Mornington Peninsula Asset Model,-38.29153442,145.1965637
Asset,Substation,Western Port,Mornington Peninsula,Mornington Peninsula Asset Model,-38.28193744,145.2083069
Asset,Community Energy Organisation,Repower Mornington Peninsula,Mornington Peninsula,Mornington Peninsula Asset Model,-38.26955193,145.0181173
Asset,Biogas Plant,Mornington,Mornington Peninsula,Mornington Peninsula Asset Model,-38.391631,144.855322
Asset,Substation,Tyabb,Mornington Peninsula,Mornington Peninsula Asset Model,-38.2678605,145.201553
Asset,Community Energy Organisation,Mornington Peninsula Climate Action Network,Mornington Peninsula,Mornington Peninsula Asset Model,-38.22878265,145.0594279
Asset,Substation,Ararat,Ararat,Ararat Asset Model,-37.26872753,142.9241704
Asset,Wind Farm,Ararat Wind Farm,Ararat,Ararat Asset Model,-37.23851814,143.0794306
Asset,Wheat Farm,SFS Vic,Ararat,Ararat Asset Model,-37.68304842,143.0757498
Asset,Wheat Farm,SFS Vic,Ararat,Ararat Asset Model,-37.68304842,143.0757498
Asset,Wind Farm,Challicum Hills Wind Farm,Ararat,Ararat Asset Model,-37.38978902,143.1139711
Asset,Substation,Challicum Hills Wind Farm,Ararat,Ararat Asset Model,-37.38978902,143.1139711
Asset,Substation,Challicum Hills,Ararat,Ararat Asset Model,-37.35935152,143.1523862
Asset,Substation,Horsham,Horsham,Horsham Asset Model,-36.72220453,142.2475892
Asset,Regional Delivery Partner,Wimmera Catchment Authority,Horsham,Horsham Asset Model,-36.71382753,142.1968974
Asset,Wheat Farm,Birchip Cropping Group,Horsham,Horsham Asset Model,-36.71188106,142.2046268
Asset,Fuel Depot,Horsham,Horsham,Horsham Asset Model,-36.70627594,142.1989136
Asset,Fuel Depot,Horsham,Horsham,Horsham Asset Model,-36.70626831,142.2003937
Asset,Fuel Depot,Horsham,Horsham,Horsham Asset Model,-36.70626068,142.202446
Asset,Fuel Depot,Horsham,Horsham,Horsham Asset Model,-36.70599747,142.1996002
Asset,Fuel Depot,Horsham,Horsham,Horsham Asset Model,-36.70593071,142.198349
Asset,Wheat Farm,Birchip Cropping Group,Horsham,Horsham Asset Model,-36.8809378,142.1358151
Asset,Community Energy Organisation,Natimuk Community Energy,Horsham,Horsham Asset Model,-36.74211181,141.9413464
Asset,Wind Farm,Murra Warra I,Yarriambiack,Yarriambiack Asset Model,-36.43989588,142.2743046
Asset,Wind Farm,Murra Warra II,Yarriambiack,Yarriambiack Asset Model,-36.4387994,142.3271873
Asset,Substation,Murra Warra,Yarriambiack,Yarriambiack Asset Model,-36.4332596,142.3184807
Asset,Wind Farm,Murra Warra Wind Farm,Yarriambiack,Yarriambiack Asset Model,-36.43326079,142.3181905
Asset,Wind Farm,Kiata,Hindmarsh,Hindmarsh Asset Model,-36.397033,141.746897
Asset,Wind Farm,Kiata Wind Farm,Hindmarsh,Hindmarsh Asset Model,-36.39658318,141.747383
Asset,Wheat Farm,Birchip Cropping Group,West Wimmera,West Wimmera Asset Model,-36.37825321,141.2369858
Asset,Wheat Farm,Birchip Cropping Group,West Wimmera,West Wimmera Asset Model,-36.37825321,141.2369858
Asset,Fuel Depot,St Arnaud,Northern Grampians,Northern Grampians Asset Model,-36.6191597,143.2551041
Asset,Substation,Stawell,Northern Grampians,Northern Grampians Asset Model,-37.05833927,142.7524737
Asset,Wind Farm,Bulgana  Wind Farm,Northern Grampians,Northern Grampians Asset Model,-37.11807499,142.962504
Asset,Substation,Bulgana,Northern Grampians,Northern Grampians Asset Model,-37.0381053,142.9847227
Asset,Wheat Farm,Birchip Cropping Group,Yarriambiack,Yarriambiack Asset Model,-36.25321652,142.394923
Asset,Wheat Farm,Birchip Cropping Group,Yarriambiack,Yarriambiack Asset Model,-35.72714956,142.3646837
Asset,TAFE,SuniTAFE SMART Farm,Mildura,Mildura Asset Model,-34.265666,142.141189
Asset,Regional Delivery Partner,Mallee Catchment Management Authority,Mildura,Mildura Asset Model,-34.21907801,142.1912114
Asset,Forest,Lindsay–Wallpolla Islands,Mildura,Mildura Asset Model,-34.10858441,141.169748
Asset,Wheat Farm,Birchip Cropping Group,Mildura,Mildura Asset Model,-35.13543017,142.02514
Asset,TAFE,Ouyen,Mildura,Mildura Asset Model,-35.06994584,142.3146353
Asset,Agricultural Service,O'Connors - Ouyen,Mildura,Mildura Asset Model,-35.05845105,142.317729
Asset,Solar Farm,Kiamal Stage 2 Solar Farm,Mildura,Mildura Asset Model,-35.02029864,142.316051
Asset,Solar Farm,Kiamal Stage 1 Solar Farm,Mildura,Mildura Asset Model,-35.020159,142.310697
Asset,Forest,Hattah Lakes,Mildura,Mildura Asset Model,-34.67339087,142.3715261
Asset,Wheat Farm,Birchip Cropping Group,Mildura,Mildura Asset Model,-34.36631857,141.895542
Asset,Solar Farm,Yatpool Solar Farm,Mildura,Mildura Asset Model,-34.395546,142.18499
Asset,Solar Farm,Karadoc Solar Farm,Mildura,Mildura Asset Model,-34.41541985,142.2520922
Asset,Agricultural Service,Red Cliffs AG Machinery,Mildura,Mildura Asset Model,-34.30387227,142.1834216
Asset,Substation,Red Cliffs,Mildura,Mildura Asset Model,-34.2918425,142.239323
Asset,Community Energy Organisation,Sunraysia Sustainability Network,Mildura,Mildura Asset Model,-34.18272652,142.1400824
Asset,Fuel Depot,Tasco,Mildura,Mildura Asset Model,-34.18114853,142.1520233
Asset,Fuel Depot,Shell,Mildura,Mildura Asset Model,-34.1805687,142.1525574
Asset,Fuel Depot,DSF Mildura,Mildura,Mildura Asset Model,-34.17778778,142.1554337
Asset,University,La Trobe University - Mildura Campus,Mildura,Mildura Asset Model,-34.20546244,142.1664783
Asset,TAFE,Mildura Campus,Mildura,Mildura Asset Model,-34.203231,142.168647
Asset,Agricultural Service,O'Connors - Mildura,Mildura,Mildura Asset Model,-34.20108446,142.1724378
Asset,Agricultural Service,Growers Services - Mildura,Mildura,Mildura Asset Model,-34.20057547,142.1729601
Asset,Agricultural Service,Haeusler's - Mildura,Mildura,Mildura Asset Model,-34.20399681,142.1739306
Asset,Agricultural Service,Agg-Tech Machinery - Mildura,Mildura,Mildura Asset Model,-34.19385422,142.1759564
Asset,Agricultural Service,Leda Ag - Mildura,Mildura,Mildura Asset Model,-34.21654541,142.1573236
Asset,Wheat Farm,Birchip Cropping Group,Buloke,Buloke Asset Model,-35.98396893,142.9171578
Asset,Wheat Farm,Birchip Cropping Group,Buloke,Buloke Asset Model,-35.98396893,142.9171578
Asset,Agricultural Service,O'Connors - Birchip,Buloke,Buloke Asset Model,-35.98217341,142.9058857
Asset,Agricultural Service,Haeusler's - Sea Lake,Buloke,Buloke Asset Model,-35.50457413,142.8485602
Asset,Wind Farm,Yawong,Buloke,Buloke Asset Model,-36.47139786,143.3616961
Asset,Wheat Farm,Birchip Cropping Group,Buloke,Buloke Asset Model,-36.356116,143.447471
Asset,Wheat Farm,Birchip Cropping Group,Gannawarra,Gannawarra Asset Model,-35.849061,143.5205162
Asset,Agricultural Service,Universal Farming Services - Dingwall,Gannawarra,Gannawarra Asset Model,-35.79587859,143.8187181
Asset,Battery Energy Storage System,Gannawarra,Gannawarra,Gannawarra Asset Model,-35.73439387,143.7801003
Asset,Battery Energy Storage System,Koorangie,Gannawarra,Gannawarra Asset Model,-35.73408227,143.6861635
Asset,Solar Farm,Gannawarra Solar Farm,Gannawarra,Gannawarra Asset Model,-35.67615395,143.4553193
Asset,Major Project,Goschen Rare Earth Mineral Sands Project,Gannawarra,Gannawarra Asset Model,-35.62331338,143.4229311
Asset,Agricultural Service,Jakab Motors - Cohuna,Gannawarra,Gannawarra Asset Model,-35.80457873,144.2088615
Asset,Solar Farm,Cohuna Solar Farm,Gannawarra,Gannawarra Asset Model,-35.880065,144.220636
Asset,Forest,Gunbower Forest,Gannawarra,Gannawarra Asset Model,-35.7562172,144.2429802
Asset,Agricultural Service,Eastern Spreaders - Kerang,Gannawarra,Gannawarra Asset Model,-35.75081587,143.9258706
Asset,Fuel Depot,Kerang,Gannawarra,Gannawarra Asset Model,-35.72869682,143.9281464
Asset,Agricultural Service,Dunstan Farmers Engineering - Kerang,Gannawarra,Gannawarra Asset Model,-35.75729679,143.9291812
Asset,Substation,Kerang,Gannawarra,Gannawarra Asset Model,-35.77146657,143.9339948
Asset,Solar Farm,Robinvale Solar Farm,Swan Hill,Swan Hill Asset Model,-34.600184,142.769193
Asset,Agricultural Service,Haeusler's - Robinvale,Swan Hill,Swan Hill Asset Model,-34.58237862,142.7686398
Asset,Agricultural Service,Emmetts - Swan Hill,Swan Hill,Swan Hill Asset Model,-35.36289214,143.56125
Asset,Registered Training Organisation,Swan Hill,Swan Hill,Swan Hill Asset Model,-35.34873975,143.5626006
Asset,Agricultural Service,Growers Services - Swan Hill,Swan Hill,Swan Hill Asset Model,-35.34601882,143.5248351
Asset,Solar Farm,Swan Hill Solar Farm,Swan Hill,Swan Hill Asset Model,-35.344574,143.52269
Asset,TAFE,SuniTAFE Swan Hill,Swan Hill,Swan Hill Asset Model,-35.341809,143.533357
Asset,Fuel Depot,Tasco Inland Australia Pty Ltd,Swan Hill,Swan Hill Asset Model,-35.33442879,143.5614166
Asset,Fuel Depot,Swan Hill,Swan Hill,Swan Hill Asset Model,-35.33340504,143.5585609
Asset,Fuel Depot,Swan Hill,Swan Hill,Swan Hill Asset Model,-35.3325882,143.5576019
Asset,Agricultural Service,Header Front Repairs - Swan Hill,Swan Hill,Swan Hill Asset Model,-35.32811511,143.53563
Asset,Agricultural Service,Swan Hill Header Tractor & Tillage Parts - Swan Hill,Swan Hill,Swan Hill Asset Model,-35.32735552,143.53989
Asset,Agricultural Service,Murray Mallee Machinery - Swan Hill,Swan Hill,Swan Hill Asset Model,-35.32627815,143.54016
Asset,Agricultural Service,Hepburn Agri Centre - Swan Hill,Swan Hill,Swan Hill Asset Model,-35.3250313,143.536221
Asset,Fuel Depot,Swan Hill,Swan Hill,Swan Hill Asset Model,-35.32403602,143.5394546
Asset,Wheat Farm,Birchip Cropping Group,Swan Hill,Swan Hill Asset Model,-35.46748219,143.263556
Asset,Agricultural Service,O'Connors - Swan Hill,Swan Hill,Swan Hill Asset Model,-35.38801896,143.5669
Asset,Wheat Farm,Birchip Cropping Group,Swan Hill,Swan Hill Asset Model,-35.05452811,142.8828197
Asset,Solar Farm,Wemen Solar Farm,Swan Hill,Swan Hill Asset Model,-34.8026763,142.5456537
Asset,Substation,Wemen,Swan Hill,Swan Hill Asset Model,-34.7868843,142.5246157
Asset,Biogas Plant,Carina,Swan Hill,Swan Hill Asset Model,-34.74580401,142.720784
Asset,Solar Farm,Bannerton Solar Farm,Swan Hill,Swan Hill Asset Model,-34.6898979,142.7452321
Asset,Wheat Farm,Birchip Cropping Group,Campaspe,Campaspe Asset Model,-36.36249624,144.6029108
Asset,Fuel Depot,Cobram,Moira,Moira Asset Model,-35.92171669,145.6386261
Asset,Registered Training Organisation,Bundalong,Moira,Moira Asset Model,-36.02544665,146.1177757
Asset,Wheat Farm,Kalyx Young,Moira,Moira Asset Model,-36.08828,146.167
Asset,Solar Farm,Numurkah Solar Farm,Moira,Moira Asset Model,-36.15924846,145.474552
Asset,Forest,Barmah–Millewa Forest,Moira,Moira Asset Model,-35.83959781,145.0503035
Asset,Fuel Depot,Yarrawonga,Moira,Moira Asset Model,-36.02928734,145.9946136
Asset,Pumped Hydropower,Yarrawonga,Moira,Moira Asset Model,-36.00940982,145.9994615
Asset,Biogas Plant,Shepparton Biogas Generation Plant,Greater Shepparton,Greater Shepparton Asset Model,-36.32177516,145.3789833
Asset,Regional Delivery Partner,Goulburn Broken Catchment Management Authority,Greater Shepparton,Greater Shepparton Asset Model,-36.3803332,145.3976824
Asset,Substation,Shepparton,Greater Shepparton,Greater Shepparton Asset Model,-36.34281281,145.4145774
Asset,Fuel Depot,Shepparton,Greater Shepparton,Greater Shepparton Asset Model,-36.36372757,145.4285812
Asset,Fuel Depot,Scott Petroleum,Greater Shepparton,Greater Shepparton Asset Model,-36.36281204,145.429245
Asset,Wheat Farm,Kalyx Young,Greater Shepparton,Greater Shepparton Asset Model,-36.27802,145.48589
Asset,Wheat Farm,Kalyx Young,Greater Shepparton,Greater Shepparton Asset Model,-36.27802,145.48589
Asset,Wheat Farm,Kalyx Young,Greater Shepparton,Greater Shepparton Asset Model,-36.34747,145.63647
Asset,Community Energy Organisation,GV Community Energy,Greater Shepparton,Greater Shepparton Asset Model,-36.61907455,145.2176064
Asset,Biogas Plant,Tatura Biogas Generation Plant,Greater Shepparton,Greater Shepparton Asset Model,-36.479261,145.235026
Asset,Biogas Plant First Nations,Goulburn Murray Woka Yurringa Project,Greater Shepparton,Greater Shepparton Asset Model,-36.38363324,145.4003959
Asset,Substation,Cape Bridgewater Wind Farm,Glenelg,Glenelg Asset Model,-38.372159,141.3794415
Asset,Wind Farm,Cape Bridgewater Wind Farm,Glenelg,Glenelg Asset Model,-38.357655,141.385044
Asset,Wind Farm,Cape Nelson North Wind Farm,Glenelg,Glenelg Asset Model,-38.367637,141.542959
Asset,Wind Farm,Cape Nelson South Wind Farm,Glenelg,Glenelg Asset Model,-38.41199995,141.543
Asset,Substation,Cape Nelson North Wind Farm,Glenelg,Glenelg Asset Model,-38.36608477,141.5479875
Asset,Substation,Heywood,Glenelg,Glenelg Asset Model,-38.180773,141.639092
Asset,Fuel Depot,Hamilton,Southern Grampians,Southern Grampians Asset Model,-37.7565662,142.0102353
Asset,Wheat Farm,SFS Vic,Southern Grampians,Southern Grampians Asset Model,-37.74213252,142.0215268
Asset,Wheat Farm,SFS Vic,Southern Grampians,Southern Grampians Asset Model,-37.74213252,142.0215268
Asset,Regional Delivery Partner,Glenelg Hopkins Catchment Management Authority,Southern Grampians,Southern Grampians Asset Model,-37.74515139,142.0246218
Asset,Fuel Depot,Robco Petroleum Pty Ltd,Southern Grampians,Southern Grampians Asset Model,-37.74422836,142.0305405
Asset,Fuel Depot,Portland,Glenelg,Glenelg Asset Model,-38.33522797,141.5994644
Asset,Hydrogen Hub,Portland Renewable Fuels,Glenelg,Glenelg Asset Model,-38.33,141.6
Asset,Hydrogen Hub,Hydrogen Portland Project,Glenelg,Glenelg Asset Model,-38.361674,141.603662
Asset,Wind Farm,Cape Sir William Grant Wind Farm,Glenelg,Glenelg Asset Model,-38.39759342,141.6208504
Asset,Substation,Portland Aluminium,Glenelg,Glenelg Asset Model,-38.38686139,141.6255497
Asset,Wind Farm,Mortons Lane Wind Farm,Southern Grampians,Southern Grampians Asset Model,-37.84134167,142.4653129
Asset,Substation,Mortons Lane Wind Farm,Southern Grampians,Southern Grampians Asset Model,-37.83515725,142.4662795
Asset,Wind Farm,Oakland Hills Wind Farm,Southern Grampians,Southern Grampians Asset Model,-37.6870595,142.5467248
Asset,Substation,Oaklands Hill Wind Farm,Southern Grampians,Southern Grampians Asset Model,-37.68147182,142.5522599
Asset,Fuel Depot,Colac West,Colac Otway,Colac Otway Asset Model,-38.33470917,143.5538101
Asset,Fuel Depot,Colac,Colac Otway,Colac Otway Asset Model,-38.34434509,143.5835266
Asset,Community Energy Organisation,Colac Otway Sustainability Group,Colac Otway,Colac Otway Asset Model,-38.34468219,143.5852376
Asset,Community Energy Organisation,Birregurra Community Association,Colac Otway,Colac Otway Asset Model,-38.34048288,143.7842844
Asset,Wind Farm,Mt Gellibrand Wind Farm,Colac Otway,Colac Otway Asset Model,-38.25869085,143.8019442
Asset,Substation,Terang,Corangamite,Corangamite Asset Model,-38.2329705,142.932312
Asset,Community Energy Organisation,Southern Otways Sustainable (based in Apollo Bay),Colac Otway,Colac Otway Asset Model,-38.7543773,143.6646569
Asset,Natural Gas Power Station,Mortlake,Moyne,Moyne Asset Model,-38.06316932,142.6674789
Asset,Substation,Mortlake,Moyne,Moyne Asset Model,-38.06221891,142.6703807
Asset,Wind Farm,Codrington Wind Farm,Moyne,Moyne Asset Model,-38.28351623,141.9547287
Asset,Wind Farm,Yambuk Wind Farm,Moyne,Moyne Asset Model,-38.30793848,142.0151309
Asset,Substation,Tarrone,Moyne,Moyne Asset Model,-38.17916962,142.1810733
Asset,Wind Farm,Macarthur Wind Farm,Moyne,Moyne Asset Model,-38.06480431,142.1843602
Asset,Substation,Macarthur Wind Farm,Moyne,Moyne Asset Model,-38.06480431,142.1843602
Asset,Fuel Depot,Independent Koroit,Moyne,Moyne Asset Model,-38.29316711,142.3731308
Asset,Fuel Depot,Scott Petroleum,Warrnambool,Warrnambool Asset Model,-38.35720253,142.4443817
Asset,Fuel Depot,Warrnambool,Warrnambool,Warrnambool Asset Model,-38.36434174,142.4580688
Asset,Fuel Depot,Warrnambool,Warrnambool,Warrnambool Asset Model,-38.37195969,142.4591599
Asset,Community Energy Organisation,South West Community Energy Inc.,Warrnambool,Warrnambool Asset Model,-38.37045308,142.4615458
Asset,Hydrogen Hub,Warrnambool Hydrogen Mobility Project,Warrnambool,Warrnambool Asset Model,-38.387104,142.541994
Asset,Hydrogen Hub,Transdev Mobility Trial,Redland,Redland Asset Model,-27.5277737,153.1967585
Asset,Substation,Cleveland,Redland,Redland Asset Model,-27.54645119,153.2530767
Asset,Battery Energy Storage System,Raby Bay Battery,Redland,Redland Asset Model,-27.52252,153.25788
Asset,Substation,Ibis,Redland,Redland Asset Model,-27.61593616,153.4389314
Asset,Substation,Stradbroke Island,Redland,Redland Asset Model,-27.518555,153.489134
Asset,Substation,Lytton,Brisbane,Brisbane Asset Model,-27.43432333,153.1429512
Asset,Regional Delivery Partner,Woods Group - Brisbane,Brisbane,Brisbane Asset Model,-27.42499351,153.1531744
Asset,Fuel Refinery,Lytton,Brisbane,Brisbane Asset Model,-27.41425705,153.1594238
Asset,Fuel Terminal,Lytton,Brisbane,Brisbane Asset Model,-27.41891956,153.160614
Asset,Substation,Doboy,Brisbane,Brisbane Asset Model,-27.44752601,153.1108377
Asset,Substation,Murarrie,Brisbane,Brisbane Asset Model,-27.44741328,153.1131924
Asset,Biomass Plant,Visy Paper Gibson Island,Brisbane,Brisbane Asset Model,-27.44051322,153.1157946
Asset,Hydrogen Hub,Gibson Island Green Ammonia Feasibility,Brisbane,Brisbane Asset Model,-27.436,153.122
Asset,Abattoir,Australian Country Choice,Brisbane,Brisbane Asset Model,-27.45334843,153.092154
Asset,Natural Gas Power Station,KRC Cogeneration Plant,Brisbane,Brisbane Asset Model,-27.44526681,153.1184669
Asset,Fuel Depot,Hemmant,Brisbane,Brisbane Asset Model,-27.43070793,153.1328354
Asset,Substation,Bald Hills,Brisbane,Brisbane Asset Model,-27.333583,153.0187605
Asset,Substation,,Brisbane,Brisbane Asset Model,-27.33158907,153.0011254
Asset,Battery Energy Storage System,Supernode Battery,Brisbane,Brisbane Asset Model,-27.337829,153.011074
Asset,Substation,Stafford,Brisbane,Brisbane Asset Model,-27.399183,153.009328
Asset,Fuel Refinery,Bulwer Island,Brisbane,Brisbane Asset Model,-27.40318775,153.1414642
Asset,Substation,Myrtletown,Brisbane,Brisbane Asset Model,-27.40260988,153.1304177
Asset,Fuel Terminal,Bulwer Island,Brisbane,Brisbane Asset Model,-27.40097485,153.143463
Asset,Hydrogen Hub,Renewable Hydrogen Production and Refuelling Project,Brisbane,Brisbane Asset Model,-27.404493,153.134328
Asset,Natural Gas Power Station,Bulwer Island,Brisbane,Brisbane Asset Model,-27.40357955,153.1362858
Asset,Fuel Terminal,Pinkenba,Brisbane,Brisbane Asset Model,-27.42061615,153.1269989
Asset,Fuel Terminal,Eagle Farm,Brisbane,Brisbane Asset Model,-27.43584633,153.078125
Asset,Fuel Terminal,Whinstanes,Brisbane,Brisbane Asset Model,-27.43498039,153.0825424
Asset,Substation,Nudgee,Brisbane,Brisbane Asset Model,-27.3899375,153.083203
Asset,Substation,Sandgate,Brisbane,Brisbane Asset Model,-27.33056479,153.0501929
Asset,Biomass Plant,Roghan Road LFG,Brisbane,Brisbane Asset Model,-27.34,153.034
Asset,Biogas Plant,Roghan Road,Brisbane,Brisbane Asset Model,-27.338768,153.03435
Asset,Substation,Tennyson,Brisbane,Brisbane Asset Model,-27.526072,153.007643
Asset,Substation,Belmont-H3,Brisbane,Brisbane Asset Model,-27.5370355,153.115188
Asset,Biogas Plant,Rochedale,Brisbane,Brisbane Asset Model,-27.559117,153.123634
Asset,Biomass Plant,Rochedale LFG,Brisbane,Brisbane Asset Model,-27.571,153.124
Asset,Hydrogen Hub,Sir Samuel Griffith Centre,Brisbane,Brisbane Asset Model,-27.553628,153.054421
Asset,Substation,Algester,Brisbane,Brisbane Asset Model,-27.59898653,153.0315263
Asset,Biomass Plant,Browns Plains LFG Power Plant,Brisbane,Brisbane Asset Model,-27.65,153.03
Asset,Fuel Depot,Rocklea,Brisbane,Brisbane Asset Model,-27.56036377,153.0061874
Asset,Substation,Archerfield,Brisbane,Brisbane Asset Model,-27.557512,153.0086735
Asset,Substation,Rocklea,Brisbane,Brisbane Asset Model,-27.552941,152.9993215
Asset,Substation,Runcorn,Brisbane,Brisbane Asset Model,-27.58302145,153.0698503
Asset,Substation,West Darra,Brisbane,Brisbane Asset Model,-27.563423,152.9015406
Asset,Substation,Sumner,Brisbane,Brisbane Asset Model,-27.55761863,152.945134
Asset,Substation,Corinda,Brisbane,Brisbane Asset Model,-27.5372895,152.980463
Asset,Solar Farm,University of Queensland (St Lucia Campus) Solar Array,Brisbane,Brisbane Asset Model,-27.49495856,153.0101375
Asset,Substation,Upper Kedron,Brisbane,Brisbane Asset Model,-27.41675586,152.9061447
Asset,Regional Delivery Partner,Southern Regional Natural Resource Management Association,Brisbane,Brisbane Asset Model,-27.47515837,153.0258136
Asset,Community Energy Organisation,The Gap Sustainability,Brisbane,Brisbane Asset Model,-27.47207416,153.0281087
Asset,Community Energy Organisation,Zero Emissions Brisbane,Brisbane,Brisbane Asset Model,-27.47201281,153.0289385
Asset,Community Energy Organisation,Energetic Communities,Brisbane,Brisbane Asset Model,-27.47047018,153.0265815
Asset,Substation,SSCST,Brisbane,Brisbane Asset Model,-27.469999,153.0279965
Asset,Regional Delivery Partner,Healthy Land and Water Ltd,Brisbane,Brisbane Asset Model,-27.46798061,153.0271281
Asset,Substation,SSMST,Brisbane,Brisbane Asset Model,-27.4674125,153.018453
Asset,University,CQUniversity - Brisbane,Brisbane,Brisbane Asset Model,-27.46732325,153.0242789
Asset,Substation,SSQRT,Brisbane,Brisbane Asset Model,-27.4660425,153.014017
Asset,Substation,Ann Street,Brisbane,Brisbane Asset Model,-27.464933,153.0283715
Asset,Substation,SSMLS,Brisbane,Brisbane Asset Model,-27.4583985,153.0359545
Asset,Substation,West End,Brisbane,Brisbane Asset Model,-27.47562,153.0127615
Asset,Substation,Victoria Park,Brisbane,Brisbane Asset Model,-27.4520156,153.0282551
Asset,Substation,Wellington Road-SSWRD,Brisbane,Brisbane Asset Model,-27.4850175,153.0406545
Asset,Fuel Depot,Hamilton,Brisbane,Brisbane Asset Model,-27.43889237,153.0686417
Asset,Substation,Kelvin Grove,Brisbane,Brisbane Asset Model,-27.4545616,153.0125596
Asset,Substation,Newstead,Brisbane,Brisbane Asset Model,-27.45063078,153.0478091
Asset,Substation,Ashgrove West,Brisbane,Brisbane Asset Model,-27.4508395,152.971964
Asset,Substation,Milton,Brisbane,Brisbane Asset Model,-27.466434,153.0088571
Asset,Battery Energy Storage System,Kewarra Battery,Cairns,Cairns Asset Model,-16.78539,145.67368
Asset,Substation,Kamerunga,Cairns,Cairns Asset Model,-16.86613063,145.6873713
Asset,Substation,Cairns City,Cairns,Cairns Asset Model,-16.926671,145.7767665
Asset,University,CQUniversity - Cairns,Cairns,Cairns Asset Model,-16.92068148,145.7769001
Asset,Substation,Edmonton,Cairns,Cairns Asset Model,-17.00260245,145.7510322
Asset,Biomass Plant,Mulgrave Mill,Cairns,Cairns Asset Model,-17.09326819,145.7887014
Asset,Biomass Plant,Mulgrave,Cairns,Cairns Asset Model,-17.0931655,145.7887114
Asset,Battery Energy Storage System,Gordonvale Battery,Cairns,Cairns Asset Model,-17.08458,145.78539
Asset,Regional Delivery Partner,FNQ NRM Ltd,Cairns,Cairns Asset Model,-16.91505876,145.7492105
Asset,Substation,Cairns North,Cairns,Cairns Asset Model,-16.91372343,145.7502931
Asset,Regional Delivery Partner,QLD Department of Agriculture and Fisheries - Cairns,Cairns,Cairns Asset Model,-16.94661632,145.7669109
Asset,Substation,Cairns,Cairns,Cairns Asset Model,-16.94625439,145.7550625
Asset,Fuel Depot,HMAS Cairns,Cairns,Cairns Asset Model,-16.934515,145.7776718
Asset,Fuel Terminal,Cairns,Cairns,Cairns Asset Model,-16.93413925,145.7761078
Asset,Fuel Terminal,Cairns,Cairns,Cairns Asset Model,-16.93254089,145.7759705
Asset,Fuel Depot,Cairns,Cairns,Cairns Asset Model,-16.93193626,145.7753143
Asset,Fuel Depot,Portsmith,Cairns,Cairns Asset Model,-16.93133831,145.7762451
Asset,Fuel Terminal,Cairns,Cairns,Cairns Asset Model,-16.93094444,145.7739334
Asset,Substation,,Cairns,Cairns Asset Model,-16.97772552,145.7547166
Asset,Substation,Woree,Cairns,Cairns Asset Model,-16.95595307,145.7518136
Asset,Substation,El Arish,Cassowary Coast,Cassowary Coast Asset Model,-17.80966299,146.0255924
Asset,Biomass Plant,South Johnstone,Cassowary Coast,Cassowary Coast Asset Model,-17.60568513,145.9910004
Asset,Substation,Innisfail,Cassowary Coast,Cassowary Coast Asset Model,-17.53524123,145.9732395
Asset,Biomass Plant,South Johnstone Sugar Mill,Cassowary Coast,Cassowary Coast Asset Model,-17.6057782,145.9911827
Asset,Substation,Cardwell,Cassowary Coast,Cassowary Coast Asset Model,-18.340153,146.0468315
Asset,Innovation Hub,Jumbun Queensland Microgrid Polit Fund - Build projects,Cassowary Coast,Cassowary Coast Asset Model,-18.12674928,145.7994848
Asset,Substation,Tully,Cassowary Coast,Cassowary Coast Asset Model,-17.95486855,145.9094035
Asset,Biomass Plant,Tully Sugar Mill,Cassowary Coast,Cassowary Coast Asset Model,-17.93731765,145.9266525
Asset,Biomass Plant,Tully Sugar Mill,Cassowary Coast,Cassowary Coast Asset Model,-17.93676578,145.9274912
Asset,Fuel Depot,Tully,Cassowary Coast,Cassowary Coast Asset Model,-17.93058777,145.9345322
Asset,Substation,Kareeya ,Cassowary Coast,Cassowary Coast Asset Model,-17.7673495,145.5791034
Asset,Pumped Hydropower,Kareeya,Cassowary Coast,Cassowary Coast Asset Model,-17.76717187,145.5784319
Asset,Pumped Hydropower,Kareeya,Cassowary Coast,Cassowary Coast Asset Model,-17.767002,145.577865
Asset,Innovation Hub,Yarrah Queensland Microgrid Pilot Fund - Feasibility studies,Yarrabah,Yarrabah Asset Model,-16.90922241,145.8709463
Asset,Innovation Hub,Mossman Gorge Queensland Microgrid Polit Fund - Build projects,Douglas,Douglas Asset Model,-16.4639514,145.3732719
Asset,Biomass Plant,Mossman Mill,Douglas,Douglas Asset Model,-16.45777095,145.3785507
Asset,Hydrogen Hub,Daintree Microgrid Project,Douglas,Douglas Asset Model,-16.08888,145.318302
Asset,Substation,Craiglie,Douglas,Douglas Asset Model,-16.5308525,145.4577345
Asset,Substation,Cassowary,Douglas,Douglas Asset Model,-16.50506513,145.3954209
Asset,Battery Energy Storage System,Atherton Solar Farm,Tablelands,Tablelands Asset Model,-17.2389132,145.4940334
Asset,Solar Farm,Atherton Solar Farm,Tablelands,Tablelands Asset Model,-17.1889132,145.4440334
Asset,University,Queensland Agricultural Training Colleges - Mareeba,Tablelands,Tablelands Asset Model,-17.13906989,145.4308052
Asset,Feedlot,Warren Jonsson,Tablelands,Tablelands Asset Model,-18.07606126,145.153481
Asset,Feedlot,B R Henry,Tablelands,Tablelands Asset Model,-17.92429958,144.9537495
Asset,Pumped Hydropower,Koombooloomba,Tablelands,Tablelands Asset Model,-17.83154955,145.6035904
Asset,Pumped Hydropower,Koombooloomba,Tablelands,Tablelands Asset Model,-17.831284,145.603362
Asset,Wind Farm,Chalumbin Wind Farm,Tablelands,Tablelands Asset Model,-17.813,145.463
Asset,Substation,Chalumbin,Tablelands,Tablelands Asset Model,-17.80065024,145.5265724
Asset,Battery Energy Storage System,Kaban Green Power Hub,Tablelands,Tablelands Asset Model,-17.62187118,145.4530137
Asset,Wind Farm,Windy Hill,Tablelands,Tablelands Asset Model,-17.59255025,145.5319859
Asset,Wind Farm,Windy Hill Wind Farm,Tablelands,Tablelands Asset Model,-17.5922,145.5306
Asset,Wind Farm,High Road Wind Farm,Tablelands,Tablelands Asset Model,-17.4923204,145.4730468
Asset,Wind Farm,Kaban Green Power Hub,Tablelands,Tablelands Asset Model,-17.57187118,145.4030137
Asset,Pumped Hydropower,Barron Gorge,Mareeba,Mareeba Asset Model,-16.85073944,145.6467466
Asset,Pumped Hydropower,Barron Gorge,Mareeba,Mareeba Asset Model,-16.850199,145.646495
Asset,Feedlot,William Knowles,Tablelands,Tablelands Asset Model,-17.31149245,145.5415966
Asset,Pumped Hydropower,Tinaroo Hydro,Tablelands,Tablelands Asset Model,-17.1648,145.5459
Asset,Substation,Turkinje,Mareeba,Mareeba Asset Model,-17.0627605,145.4351255
Asset,Solar Farm,Mareeba Solar Farm,Mareeba,Mareeba Asset Model,-17.04705067,145.4665232
Asset,Fuel Depot,Mareeba,Mareeba,Mareeba Asset Model,-16.97248936,145.4137726
Asset,Fuel Depot,Mareeba,Mareeba,Mareeba Asset Model,-17.0056572,145.4200287
Asset,Regional Delivery Partner,Northern Gulf Resource Management Group Ltd,Mareeba,Mareeba Asset Model,-17.00739305,145.4287582
Asset,Regional Delivery Partner,QLD Department of Agriculture and Fisheries - Mareeba,Mareeba,Mareeba Asset Model,-17.00763375,145.4294552
Asset,Feedlot,Frank Douglas Deshon,Balonne,Balonne Asset Model,-28.83686359,148.0147786
Asset,University,Country Universities Centre - Balonne (Dirranbandi),Balonne,Balonne Asset Model,-28.5860281,148.2269244
Asset,Regional Delivery Partner,Dirranbandi Cotton Growers’ Association,Balonne,Balonne Asset Model,-28.58474913,148.2280482
Asset,Feedlot,R J & S M Hemming,Balonne,Balonne Asset Model,-28.63714611,148.2511872
Asset,Feedlot,Moolabah Agriculture Pty Ltd,Balonne,Balonne Asset Model,-28.29055407,148.3818454
Asset,Feedlot,Moolabah Agriculture Pty Ltd,Balonne,Balonne Asset Model,-28.29457197,148.4797098
Asset,Agricultural Service,St George Machinery Centre,Balonne,Balonne Asset Model,-28.0406744,148.5747403
Asset,Regional Delivery Partner,St George Cotton Growers’ Association,Balonne,Balonne Asset Model,-28.03690531,148.580159
Asset,University,Country Universities Centre - Balonne,Balonne,Balonne Asset Model,-28.03674463,148.5808348
Asset,Fuel Depot,St George,Balonne,Balonne Asset Model,-28.04541016,148.5907364
Asset,Agricultural Service,RDO Equipment - St George,Balonne,Balonne Asset Model,-28.0453332,148.5964926
Asset,Feedlot,I C Hill,Balonne,Balonne Asset Model,-28.08245809,148.6405248
Asset,Feedlot,Robert James Hemming,Balonne,Balonne Asset Model,-28.60690265,148.6626549
Asset,Wheat Farm,Kalyx Narrabri,Balonne,Balonne Asset Model,-28.41558,148.66294
Asset,Wheat Farm,Kalyx Narrabri,Balonne,Balonne Asset Model,-28.41558,148.66294
Asset,Feedlot,ELLERSLIE FREE RANGE FARMS PTY. LTD.,Balonne,Balonne Asset Model,-28.53211495,148.6807578
Asset,Feedlot,Peter Donald Hill,Balonne,Balonne Asset Model,-28.4684372,148.7892405
Asset,Feedlot,G W & S R & R J & M G & S M Bowhay,Balonne,Balonne Asset Model,-28.0702358,148.7994358
Asset,Fuel Depot,Thallon,Balonne,Balonne Asset Model,-28.6349144,148.8670883
Asset,Feedlot,D R Hemming,Balonne,Balonne Asset Model,-28.32133218,148.9056258
Asset,Feedlot,JC & SH Schultz,Balonne,Balonne Asset Model,-28.11027244,149.0254737
Asset,Feedlot,STANBROKE PTY LTD,Western Downs,Western Downs Asset Model,-26.82428954,150.4154277
Asset,Feedlot,Scott William and Kate Borgoyne Lloyd,Western Downs,Western Downs Asset Model,-26.89709877,150.4252149
Asset,Feedlot,Phillip McKeering,Western Downs,Western Downs Asset Model,-26.79231622,150.4609578
Asset,Solar Farm,Blue Grass Solar Farm (formerly Cameby),Western Downs,Western Downs Asset Model,-26.68313112,150.5044313
Asset,Feedlot,Alfred Maxwell Cann,Western Downs,Western Downs Asset Model,-26.04484372,150.426333
Asset,Feedlot,Knudsen Livestock Pty Ltd,Western Downs,Western Downs Asset Model,-25.83917143,150.539673
Asset,Solar Farm,Chinchilla Solar Farm (Baking Board),Western Downs,Western Downs Asset Model,-26.72121842,150.5537166
Asset,Solar Farm,Edenvale Solar Park,Western Downs,Western Downs Asset Model,-26.93648182,150.5845249
Asset,Solar Farm,Eerleigh Solar Park,Western Downs,Western Downs Asset Model,-26.94445717,150.5947076
Asset,Feedlot,WYWURRY FARMING PTY. LTD.,Western Downs,Western Downs Asset Model,-26.88538173,150.6137299
Asset,TAFE,Chinchilla,Western Downs,Western Downs Asset Model,-26.75046,150.619667
Asset,Solar Farm,Sixteen Mile Solar Farm,Western Downs,Western Downs Asset Model,-26.945539,150.650392
Asset,Solar Farm,Western Downs Green Power Hub,Western Downs,Western Downs Asset Model,-26.95777251,150.6775759
Asset,Battery Energy Storage System,Ulinda Park Battery,Western Downs,Western Downs Asset Model,-26.9362,150.713
Asset,Solar Farm,Hopeland Solar Farm,Western Downs,Western Downs Asset Model,-26.93618554,150.7130508
Asset,Substation,Western Downs,Western Downs,Western Downs Asset Model,-26.93097942,150.7335293
Asset,Battery Energy Storage System,Chinchilla,Western Downs,Western Downs Asset Model,-26.91862821,150.7457474
Asset,Substation,Kogan Creek ,Western Downs,Western Downs Asset Model,-26.91867479,150.7480836
Asset,Hydrogen Hub,Kogan Creek Renewable Hydrogen Demonstration Plant,Western Downs,Western Downs Asset Model,-26.91639,150.74918
Asset,Fossil Fuel Power Station,Kogan Creek,Western Downs,Western Downs Asset Model,-26.91768333,150.7492833
Asset,Battery Energy Storage System,Chinchilla Battery,Western Downs,Western Downs Asset Model,-26.91745,150.7495
Asset,Hydrogen Hub,Kogan Creek Hydrogen-Ready Gas Peaking Power Station,Western Downs,Western Downs Asset Model,-26.92,150.75
Asset,Solar Farm,Chinchilla Solar Farm,Western Downs,Western Downs Asset Model,-26.66100182,150.7931016
Asset,Feedlot,Malcolm Alexander,Western Downs,Western Downs Asset Model,-26.85709082,150.8010861
Asset,Feedlot,Ruby Red Farming Pty Ltd,Western Downs,Western Downs Asset Model,-26.94107286,150.832968
Asset,Substation,Orana,Western Downs,Western Downs Asset Model,-26.89304771,150.5506124
Asset,Substation,Aplng Orana,Western Downs,Western Downs Asset Model,-26.88925592,150.5460964
Asset,University,Country Universities Centre - Western Downs (Chinchilla),Western Downs,Western Downs Asset Model,-26.75013395,150.6227032
Asset,Agricultural Service,RDO Equipment - Chinchilla,Western Downs,Western Downs Asset Model,-26.74456692,150.6368983
Asset,Substation,Chinchilla,Western Downs,Western Downs Asset Model,-26.74449932,150.6451753
Asset,Substation,Goondiwindi,Goondiwindi,Goondiwindi Asset Model,-28.524459,150.2862002
Asset,Agricultural Service,RDO Equipment - Goodiwindi,Goondiwindi,Goondiwindi Asset Model,-28.52543228,150.2875176
Asset,Regional Delivery Partner,QLD Department of Agriculture and Fisheries - Goondiwindi,Goondiwindi,Goondiwindi Asset Model,-28.53438849,150.2881256
Asset,Regional Delivery Partner,Woods Group - Goondiwindi,Goondiwindi,Goondiwindi Asset Model,-28.53431242,150.2892749
Asset,Hydrogen Hub,Goondiwindi Hydrogen,Goondiwindi,Goondiwindi Asset Model,-28.52607,150.29444
Asset,Agricultural Service,Dawson Agriculture - Goodwindi,Goondiwindi,Goondiwindi Asset Model,-28.54303072,150.3057063
Asset,Regional Delivery Partner,Macintyre Valley Cotton Growers’ Association Inc.,Goondiwindi,Goondiwindi Asset Model,-28.5470736,150.307569
Asset,Fuel Depot,Goondiwindi,Goondiwindi,Goondiwindi Asset Model,-28.52885628,150.3111572
Asset,Fuel Depot,Goondiwindi,Goondiwindi,Goondiwindi Asset Model,-28.53890419,150.3132401
Asset,Fuel Depot,Goondiwindi,Goondiwindi,Goondiwindi Asset Model,-28.53438091,150.3150787
Asset,Solar Farm,Goondiwindi Solar Farm (formerly Gunsynd),Goondiwindi,Goondiwindi Asset Model,-28.40940301,150.3431601
Asset,Feedlot,RRM Pastoral Co Pty Ltd,Goondiwindi,Goondiwindi Asset Model,-28.41655255,150.3711751
Asset,Battery Energy Storage System,Goondiwindi,Goondiwindi,Goondiwindi Asset Model,-28.45965296,150.3930669
Asset,Battery Energy Storage System,Goondiwindi Solar Farm (formerly Gunsynd),Goondiwindi,Goondiwindi Asset Model,-28.45940301,150.3931601
Asset,Feedlot,Carpendale Agri Pty Ltd,Goondiwindi,Goondiwindi Asset Model,-28.33183786,150.2776258
Asset,Feedlot,RMI Pty Ltd,Goondiwindi,Goondiwindi Asset Model,-28.61641666,150.3882348
Asset,Feedlot,A W & J A Moffatt,Goondiwindi,Goondiwindi Asset Model,-28.46619037,150.4876
Asset,Feedlot,Smithfield Services Pty Ltd,Goondiwindi,Goondiwindi Asset Model,-28.63232341,150.5908094
Asset,Feedlot,Bengalla Pty Ltd,Goondiwindi,Goondiwindi Asset Model,-28.63163982,150.6577248
Asset,Wheat Farm,Kalyx Narrabri,Goondiwindi,Goondiwindi Asset Model,-28.53114,150.70421
Asset,Wheat Farm,Kalyx Narrabri,Goondiwindi,Goondiwindi Asset Model,-28.53114,150.70421
Asset,Feedlot,Robert Privitera,Goondiwindi,Goondiwindi Asset Model,-28.55077642,150.8453597
Asset,Feedlot,Cook Cattle Company Pty Ltd,Goondiwindi,Goondiwindi Asset Model,-28.05576199,150.3435814
Asset,Feedlot,C & C Waugh,Goondiwindi,Goondiwindi Asset Model,-28.29551093,150.7710975
Asset,Feedlot,Sharpe Pastoral Pty Ltd,Goondiwindi,Goondiwindi Asset Model,-28.22192477,150.7763706
Asset,Battery Energy Storage System,Bulli Creek Battery,Goondiwindi,Goondiwindi Asset Model,-28.12108918,150.9778832
Asset,Battery Energy Storage System,Bulli,Goondiwindi,Goondiwindi Asset Model,-28.12087202,150.9782351
Asset,Feedlot,Rigney Rural Pty Ltd,Goondiwindi,Goondiwindi Asset Model,-28.32276835,149.0413667
Asset,Feedlot,Swift Australia Pty Ltd,Goondiwindi,Goondiwindi Asset Model,-28.77632621,149.1131505
Asset,Feedlot,Colin Mitchell & Kellie Mitchell,Goondiwindi,Goondiwindi Asset Model,-28.48277049,149.2967412
Asset,Feedlot,Reardon Farms Pty Ltd,Goondiwindi,Goondiwindi Asset Model,-28.54542343,149.3270643
Asset,Feedlot,David Boyd Coulton and Kim Alexandra Coulton,Goondiwindi,Goondiwindi Asset Model,-28.28597521,149.6895263
Asset,Feedlot,H M Black,Goondiwindi,Goondiwindi Asset Model,-28.37584754,150.0938921
Asset,Wheat Farm,Kalyx Narrabri,Goondiwindi,Goondiwindi Asset Model,-28.07755,149.97995
Asset,Wheat Farm,Kalyx Narrabri,Goondiwindi,Goondiwindi Asset Model,-28.07755,149.97995
Asset,Wheat Farm,Kalyx Narrabri,Goondiwindi,Goondiwindi Asset Model,-28.07755,149.97995
Asset,Feedlot,T & B Woods,Goondiwindi,Goondiwindi Asset Model,-28.15213552,150.2698497
Asset,Feedlot,Lyle Richard Bellingham And Jo-Anne Bellingham,Goondiwindi,Goondiwindi Asset Model,-29.14694955,151.3858611
Asset,Feedlot,Whyalla Beef Pty Ltd,Goondiwindi,Goondiwindi Asset Model,-28.74422856,151.0489761
Asset,Feedlot,Yarranbrook Farms Pty Ltd,Goondiwindi,Goondiwindi Asset Model,-28.40474006,150.9520042
Asset,Wind Farm,MacIntyre Wind Farm (Stage 2),Goondiwindi,Goondiwindi Asset Model,-28.39971662,151.62068
Asset,Feedlot,CADELGA CATTLE CO PTY LTD,Goondiwindi,Goondiwindi Asset Model,-28.39937253,151.2009466
Asset,Feedlot,N H Johnstone,Goondiwindi,Goondiwindi Asset Model,-28.3879078,151.3112445
Asset,Wind Farm,Herries Wind Farm,Goondiwindi,Goondiwindi Asset Model,-28.33618,151.698642
Asset,Feedlot,Coominglah Pastoral Company,Western Downs,Western Downs Asset Model,-27.09454658,149.8037977
Asset,Feedlot,Teys Feedlots Pty Ltd,Western Downs,Western Downs Asset Model,-26.91799971,149.8371707
Asset,Feedlot,Pimlico Pty Ltd,Western Downs,Western Downs Asset Model,-26.86009051,149.9043636
Asset,Feedlot,Arubial Pty Ltd,Western Downs,Western Downs Asset Model,-27.00004788,149.99394
Asset,Feedlot,G E Morgan & Sons,Western Downs,Western Downs Asset Model,-27.03069608,149.9976127
Asset,Feedlot,Hinz Grazing Company Pty Ltd,Western Downs,Western Downs Asset Model,-26.81630079,150.0211887
Asset,Feedlot,ROSELYN CATTLE PTY LTD,Western Downs,Western Downs Asset Model,-26.90504578,150.0291485
Asset,Feedlot,Timothy William Kibble,Western Downs,Western Downs Asset Model,-26.79624623,150.1042083
Asset,Wheat Farm,Kalyx Narrabri,Western Downs,Western Downs Asset Model,-27.04558,150.15261
Asset,Wheat Farm,Kalyx Narrabri,Western Downs,Western Downs Asset Model,-27.04558,150.15261
Asset,Fuel Depot,Miles,Western Downs,Western Downs Asset Model,-26.66143608,150.1875534
Asset,Fuel Depot,Miles,Western Downs,Western Downs Asset Model,-26.66145897,150.1897278
Asset,Substation,Condabri Central,Western Downs,Western Downs Asset Model,-26.80109318,150.2029576
Asset,Substation,Condabri South,Western Downs,Western Downs Asset Model,-26.93192175,150.2235467
Asset,Feedlot,M.R. Geldard,Western Downs,Western Downs Asset Model,-26.74431633,150.2252092
Asset,Feedlot,MDH Pty Ltd,Western Downs,Western Downs Asset Model,-26.84214286,150.2279721
Asset,Feedlot,ELLERSLIE FREE RANGE FARMS PTY. LTD.,Western Downs,Western Downs Asset Model,-26.80654983,150.2299147
Asset,Substation,Condabri North,Western Downs,Western Downs Asset Model,-26.67375708,150.2306339
Asset,Solar Farm,Warhook Solar Farm,Western Downs,Western Downs Asset Model,-26.61334008,150.2661987
Asset,Battery Energy Storage System,Warhook BESS,Western Downs,Western Downs Asset Model,-26.61722971,150.2682729
Asset,Natural Gas Power Station,Condamine A,Western Downs,Western Downs Asset Model,-26.66822221,150.2700145
Asset,Substation,Bellevue,Western Downs,Western Downs Asset Model,-26.69167886,150.2764937
Asset,Substation,Columboola ,Western Downs,Western Downs Asset Model,-26.64841094,150.278592
Asset,Solar Farm,Columboola Solar Farm,Western Downs,Western Downs Asset Model,-26.63438454,150.2796173
Asset,Substation,Columboola,Western Downs,Western Downs Asset Model,-26.64915333,150.2800982
Asset,Solar Farm,Daystar Energy Solar Farm,Western Downs,Western Downs Asset Model,-26.6438053,150.2888816
Asset,Renewable Energy Zone,Darling Downs,Western Downs,Western Downs Asset Model,-26.62738823,150.2815351
Asset,Feedlot,"Susan Moore, Richard Moore and Bryce Moore",Western Downs,Western Downs Asset Model,-27.04363194,149.7465577
Asset,Feedlot,Sturrock Grazing Pty Ltd,Western Downs,Western Downs Asset Model,-26.74526775,149.8804921
Asset,Solar Farm,Dulacca Renewable Energy Project,Western Downs,Western Downs Asset Model,-26.6479089,149.8551508
Asset,Wheat Farm,Kalyx Narrabri,Western Downs,Western Downs Asset Model,-26.64355638,149.7609723
Asset,Wheat Farm,Kalyx Narrabri,Western Downs,Western Downs Asset Model,-26.63862,149.8704
Asset,Wind Farm,Dulacca Renewable Energy Project,Western Downs,Western Downs Asset Model,-26.62305983,149.8587083
Asset,Solar Farm,Chances Plain Solar farm,Western Downs,Western Downs Asset Model,-26.62018272,149.8096537
Asset,Feedlot,W W & A M Scriven,Western Downs,Western Downs Asset Model,-26.53944311,149.7916557
Asset,Battery Energy Storage System,Wandoan South BESS Stage 3,Western Downs,Western Downs Asset Model,-26.361617,149.865884
Asset,Solar Farm,Wandoan South Solar Project Stage 2,Western Downs,Western Downs Asset Model,-26.30255257,149.8420504
Asset,Substation,Woleebee Creek,Western Downs,Western Downs Asset Model,-26.28898827,149.7245794
Asset,Feedlot,C V Donohoe,Western Downs,Western Downs Asset Model,-26.28266685,149.8021631
Asset,Feedlot,A J Thorne,Western Downs,Western Downs Asset Model,-25.95983957,149.9176557
Asset,Feedlot,KLCO Pty Ltd,Western Downs,Western Downs Asset Model,-25.83593443,150.1155835
Asset,Wind Farm,Bungaban Renewable Energy Farm,Western Downs,Western Downs Asset Model,-25.8358,150.1801
Asset,Solar Farm,Gangarri Solar Farm,Western Downs,Western Downs Asset Model,-26.26881271,149.7525893
Asset,Substation,Wandoan South,Western Downs,Western Downs Asset Model,-26.2685222,149.768145
Asset,Feedlot,J D & R M Rodger,Western Downs,Western Downs Asset Model,-25.95766923,149.3586017
Asset,Solar Farm,Wandoan South Solar Project Stage 1,Western Downs,Western Downs Asset Model,-26.26266444,149.7736036
Asset,Battery Energy Storage System,Wandoan Battery Energy Storage,Western Downs,Western Downs Asset Model,-26.261617,149.765884
Asset,Natural Gas Power Station,Reedy Creek,Western Downs,Western Downs Asset Model,-26.24310947,149.505809
Asset,Substation,Dinoun South,Western Downs,Western Downs Asset Model,-26.24310434,149.5058057
Asset,Gas Field,Reedy Creek,Western Downs,Western Downs Asset Model,-26.23658342,149.5097841
Asset,Substation,Yuleba North,Western Downs,Western Downs Asset Model,-26.18653869,149.4370553
Asset,Feedlot,B R & H M Rich,Western Downs,Western Downs Asset Model,-26.18438612,149.8616222
Asset,Hydrogen Hub,Glencore Surat Hydrogen Project,Western Downs,Western Downs Asset Model,-26.12621,149.8487
Asset,Feedlot,J B & M A Atkins,Western Downs,Western Downs Asset Model,-25.92451091,149.3893566
Asset,Wind Farm,Wandoan Wind Farm,Western Downs,Western Downs Asset Model,-26.125512,149.959035
Asset,Feedlot,H R & C B & S R Hatton,Western Downs,Western Downs Asset Model,-26.12663755,150.047231
Asset,Feedlot,Willoise Grazing Co Pty Ltd,Western Downs,Western Downs Asset Model,-26.12282603,150.1199509
Asset,Feedlot,"D J, N E, S L Stiller",Western Downs,Western Downs Asset Model,-26.26798873,150.1559639
Asset,Feedlot,R  & C Stiller,Western Downs,Western Downs Asset Model,-26.23481994,150.1639653
Asset,Feedlot,Beef Connect Pty Ltd,Western Downs,Western Downs Asset Model,-26.11359084,150.1660962
Asset,Feedlot,C J & C M Brosnan,Western Downs,Western Downs Asset Model,-26.24524722,150.1822939
Asset,Feedlot,D F & R A & T A Stiller,Western Downs,Western Downs Asset Model,-26.29972831,150.1833289
Asset,Fuel Depot,Roma,Maranoa,Maranoa Asset Model,-26.57910347,148.7754898
Asset,Fuel Depot,Roma,Maranoa,Maranoa Asset Model,-26.57942009,148.7765656
Asset,Agricultural Service,Clipex - Roma,Maranoa,Maranoa Asset Model,-26.58120638,148.7766543
Asset,Agricultural Service,RDO Equipment - Roma,Maranoa,Maranoa Asset Model,-26.57968867,148.7779115
Asset,Agricultural Service,Brown and Hurley - Roma,Maranoa,Maranoa Asset Model,-26.58037044,148.7782695
Asset,TAFE,Queensland Roma campus,Maranoa,Maranoa Asset Model,-26.567041,148.77937
Asset,Agricultural Service,Valmec - Roma,Maranoa,Maranoa Asset Model,-26.58254721,148.7821344
Asset,Regional Delivery Partner,QLD Department of Agriculture and Fisheries - Roma,Maranoa,Maranoa Asset Model,-26.56964968,148.78697
Asset,University,Country Universities Centre - Maranoa,Maranoa,Maranoa Asset Model,-26.56857776,148.7885409
Asset,Substation,Roma,Maranoa,Maranoa Asset Model,-26.57811532,148.8397943
Asset,Natural Gas Power Station,Roma,Maranoa,Maranoa Asset Model,-26.577201,148.840199
Asset,Wheat Farm,Kalyx Narrabri,Maranoa,Maranoa Asset Model,-26.57784,148.54036
Asset,Wheat Farm,Kalyx Narrabri,Maranoa,Maranoa Asset Model,-26.57784,148.54036
Asset,Feedlot,McIntyre Agriculture Pty Ltd,Maranoa,Maranoa Asset Model,-26.74842964,148.5637056
Asset,Feedlot,Shaun Nicholas Nolan,Maranoa,Maranoa Asset Model,-26.52968123,148.581851
Asset,Feedlot,Michael Charles & Jennifer Helen Reddan,Maranoa,Maranoa Asset Model,-27.03454099,148.64142
Asset,Feedlot,2DE Pty Ltd,Maranoa,Maranoa Asset Model,-26.78335746,148.685092
Asset,Feedlot,Jeremy and Julie Shaw,Maranoa,Maranoa Asset Model,-25.91069597,148.7823028
Asset,Feedlot,Lawson Kemp,Maranoa,Maranoa Asset Model,-27.51649497,148.3867966
Asset,Feedlot,Ludcke Pty Ltd,Maranoa,Maranoa Asset Model,-27.31937057,149.4413124
Asset,Wheat Farm,Kalyx Narrabri,Maranoa,Maranoa Asset Model,-27.20001,149.04539
Asset,Wheat Farm,Kalyx Narrabri,Maranoa,Maranoa Asset Model,-27.20001,149.04539
Asset,Feedlot,G L & S L Ware,Maranoa,Maranoa Asset Model,-27.14957123,149.1150987
Asset,Feedlot,TOALKI PASTORAL COY Pty Ltd,Maranoa,Maranoa Asset Model,-27.04328698,149.0938253
Asset,Feedlot,Matthew Parkinson,Maranoa,Maranoa Asset Model,-27.00297144,149.6264867
Asset,Feedlot,Donoghue Farming Company,Maranoa,Maranoa Asset Model,-26.98915662,148.9733943
Asset,Feedlot,David McInnerney,Maranoa,Maranoa Asset Model,-26.9717022,149.3088595
Asset,Feedlot,Cameron Colley,Maranoa,Maranoa Asset Model,-26.9174647,148.9255659
Asset,Feedlot,I B Price,Maranoa,Maranoa Asset Model,-26.75584615,149.4457603
Asset,Feedlot,Shane Roy & Melissa Jane Elliott,Maranoa,Maranoa Asset Model,-26.71699742,149.6069406
Asset,Feedlot,Yarrawonga Waco Pty Ltd,Maranoa,Maranoa Asset Model,-26.6585149,149.2222576
Asset,Hydrogen Hub,APA Renewable Methane Demonstration Project,Maranoa,Maranoa Asset Model,-26.58425,149.186304
Asset,Feedlot,G A & M A Maunder,Maranoa,Maranoa Asset Model,-26.49673208,149.1907475
Asset,Feedlot,Colin William Maunder,Maranoa,Maranoa Asset Model,-26.49442797,149.2669786
Asset,Substation,Blythdale,Maranoa,Maranoa Asset Model,-26.46930682,149.0274547
Asset,Substation,Gas processing facility,Maranoa,Maranoa Asset Model,-26.45359855,149.021518
Asset,Gas Field,Roma,Maranoa,Maranoa Asset Model,-26.44887807,149.179931
Asset,Feedlot,Glenn Douglas Keegan and Bruce Neville Keegan,Maranoa,Maranoa Asset Model,-26.4398066,149.169605
Asset,Substation,Clifford Creek,Maranoa,Maranoa Asset Model,-26.35376513,149.3848762
Asset,Feedlot,Australian Country Choice Pty Ltd,Maranoa,Maranoa Asset Model,-26.3428417,148.9290966
Asset,Battery Energy Storage System,Wandoan South BESS Stage 2,Maranoa,Maranoa Asset Model,-26.311617,149.815884
Asset,Feedlot,GLEN ARDEN CATTLE COMPANY Pty Ltd,Maranoa,Maranoa Asset Model,-26.18069733,149.0468082
Asset,Substation,,Maranoa,Maranoa Asset Model,-25.62128983,148.9400875
Asset,Substation,Fairview West,Maranoa,Maranoa Asset Model,-25.60718498,148.9246759
Asset,Feedlot,Daniel Campbell Penfold,Western Downs,Western Downs Asset Model,-27.61995247,149.4958108
Asset,Feedlot,D C Penfold,Western Downs,Western Downs Asset Model,-27.54635273,149.5098938
Asset,Feedlot,Scholefields Boulia Pty Ltd,Western Downs,Western Downs Asset Model,-27.39661511,149.5969238
Asset,Feedlot,Kerriett Pastoral Pty Ltd,Western Downs,Western Downs Asset Model,-27.48831251,149.6814122
Asset,Wheat Farm,Kalyx Narrabri,Western Downs,Western Downs Asset Model,-27.62452,149.86203
Asset,Wheat Farm,Kalyx Narrabri,Western Downs,Western Downs Asset Model,-27.62449,149.86205
Asset,Feedlot,Scott Attwooll,Western Downs,Western Downs Asset Model,-27.26234616,149.8887646
Asset,Feedlot,Michael McCosker and Louise McCosker,Western Downs,Western Downs Asset Model,-27.63500776,149.9052821
Asset,Feedlot,Corack Cattle Company Pty Ltd,Western Downs,Western Downs Asset Model,-27.29178222,149.9390319
Asset,Feedlot,Cara Jane Hay & Cameron Thomas Hay,Western Downs,Western Downs Asset Model,-27.55755689,150.0670313
Asset,Feedlot,G & H Dales,Western Downs,Western Downs Asset Model,-27.37195359,150.1105149
Asset,Feedlot,Raymond Douglas Moffatt,Western Downs,Western Downs Asset Model,-27.16701469,150.314936
Asset,Feedlot,Robyn  Alison Verney,Western Downs,Western Downs Asset Model,-27.15395547,149.7307908
Asset,Feedlot,Scott Bridle,Western Downs,Western Downs Asset Model,-27.08976631,149.7272988
Asset,Feedlot,M W Duffield,Goondiwindi,Goondiwindi Asset Model,-27.82041766,150.3146645
Asset,Feedlot,Brown & Sons Farming Pty Ltd,Western Downs,Western Downs Asset Model,-27.783572,150.3090213
Asset,Feedlot,AUSTRALIAN COUNTRY CHOICE FEEDLOTS PTY LTD,Western Downs,Western Downs Asset Model,-27.67138581,150.5005184
Asset,Feedlot,Donald Robert & Patsy Lee Cameron,Western Downs,Western Downs Asset Model,-27.81757473,150.2631002
Asset,Feedlot,Fucheng Woodlands Pty Ltd,Western Downs,Western Downs Asset Model,-27.96928679,149.6520741
Asset,Feedlot,J Brownlie,Western Downs,Western Downs Asset Model,-27.78698815,149.7026625
Asset,Feedlot,Bimbil Pty Ltd,Western Downs,Western Downs Asset Model,-27.78646927,150.0687444
Asset,Feedlot,J C & L D & P J Coggan,Western Downs,Western Downs Asset Model,-27.74541856,149.7662734
Asset,Feedlot,Rodney John Apelt and Kylie Ann Apelt,Western Downs,Western Downs Asset Model,-27.45065644,150.3958764
Asset,Feedlot,R N Bridle,Western Downs,Western Downs Asset Model,-27.36131545,150.7435442
Asset,Feedlot,M & M T Gibson,Western Downs,Western Downs Asset Model,-27.30131509,150.8164762
Asset,Solar Farm,Beelbee Solar Farm,Western Downs,Western Downs Asset Model,-27.14895222,150.822693
Asset,Substation,Jordan,Western Downs,Western Downs Asset Model,-27.1085891,150.712523
Asset,Battery Energy Storage System,Sixteen Mile Solar Farm,Western Downs,Western Downs Asset Model,-26.995539,150.700392
Asset,Battery Energy Storage System,Sixteen Mile,Western Downs,Western Downs Asset Model,-26.99565842,150.7003856
Asset,Battery Energy Storage System,Western Downs Green,Western Downs,Western Downs Asset Model,-27.00787146,150.7275677
Asset,Battery Energy Storage System,Western Downs Green Power Hub,Western Downs,Western Downs Asset Model,-27.00777251,150.7275759
Asset,Feedlot,ISON HAULAGE Pty Ltd,Western Downs,Western Downs Asset Model,-27.02247346,150.7723473
Asset,Feedlot,Neil and Robyn Rogers,Toowoomba,Toowoomba Asset Model,-27.15749156,151.9310785
Asset,Feedlot,N A Smoothy,Toowoomba,Toowoomba Asset Model,-27.22548235,152.0141593
Asset,Feedlot,N C & A S & R N & N M Woodland,Toowoomba,Toowoomba Asset Model,-27.34961931,151.7336748
Asset,Feedlot,Christopher Bruce & Felicity Ruth Bartlett,Toowoomba,Toowoomba Asset Model,-27.20288531,151.52346
Asset,Feedlot,DA & JF Camm Pty Ltd,Toowoomba,Toowoomba Asset Model,-27.18437443,151.5270069
Asset,Feedlot,D A & J F Camm Pty Ltd,Toowoomba,Toowoomba Asset Model,-27.16584937,151.543046
Asset,Feedlot,Carrigan AG Pty Ltd,Toowoomba,Toowoomba Asset Model,-27.19911521,151.5489638
Asset,Feedlot,B Morgan,Toowoomba,Toowoomba Asset Model,-27.12808549,151.5590031
Asset,Feedlot,Double D Cattle Co. Pty Ltd,Toowoomba,Toowoomba Asset Model,-27.17646956,151.5951863
Asset,Feedlot,B Morgan,Toowoomba,Toowoomba Asset Model,-27.15216665,151.6078064
Asset,Feedlot,ELLERSLIE FREE RANGE FARMS PTY. LTD.,Toowoomba,Toowoomba Asset Model,-27.25761147,151.608176
Asset,Feedlot,Grant Wieck,Toowoomba,Toowoomba Asset Model,-27.26679621,151.6447623
Asset,Feedlot,D A & J F Camm Pty Ltd,Toowoomba,Toowoomba Asset Model,-27.15457215,151.4735994
Asset,Substation,Tangkam,Toowoomba,Toowoomba Asset Model,-27.47958738,151.6696263
Asset,Substation,Oakey,Toowoomba,Toowoomba Asset Model,-27.41960458,151.6795076
Asset,Natural Gas Power Station,Oakey,Toowoomba,Toowoomba Asset Model,-27.41834016,151.6797053
Asset,Solar Farm,Oakey Solar Farm (Stage 2),Toowoomba,Toowoomba Asset Model,-27.46231484,151.7002551
Asset,Abattoir,Oakey Beef Exports,Toowoomba,Toowoomba Asset Model,-27.42596469,151.7020944
Asset,Feedlot,Mr Francis Corbett,Toowoomba,Toowoomba Asset Model,-27.57211924,151.7054013
Asset,Substation,Oakey,Toowoomba,Toowoomba Asset Model,-27.42938475,151.7070612
Asset,Feedlot,A C Pentecost,Toowoomba,Toowoomba Asset Model,-27.38899799,151.7145334
Asset,Feedlot,Black Enterprises (Aust) Pty Ltd,Toowoomba,Toowoomba Asset Model,-27.48692535,151.7500826
Asset,Feedlot,P C & P K Halford,Toowoomba,Toowoomba Asset Model,-27.59944279,151.5411721
Asset,Feedlot,Swift Australia Pty Ltd,Toowoomba,Toowoomba Asset Model,-27.51583842,151.612005
Asset,Solar Farm,Oakey Solar Farm (Stage 1),Toowoomba,Toowoomba Asset Model,-27.4125147,151.6572881
Asset,Feedlot,Kerwee Lot Feeders Pty Ltd,Toowoomba,Toowoomba Asset Model,-27.38249514,151.5389959
Asset,Abattoir,JBS Beef City Processing Plant,Toowoomba,Toowoomba Asset Model,-27.5308239,151.6229876
Asset,Feedlot,G C & M N Cooke,Toowoomba,Toowoomba Asset Model,-27.33542706,151.6370004
Asset,Feedlot,Fed-Up Feedlot Pty Ltd,Toowoomba,Toowoomba Asset Model,-27.46886001,151.1893039
Asset,Feedlot,Mort & Co Lot Feeders Pty Ltd,Toowoomba,Toowoomba Asset Model,-27.41464188,151.1342797
Asset,Major Project,Circularising fertiliser production in CQ enabling the bioeconomy,Toowoomba,Toowoomba Asset Model,-27.40543755,151.134058
Asset,Feedlot,The North Australian Pastoral Co. Pty Ltd,Toowoomba,Toowoomba Asset Model,-27.3131711,151.4455195
Asset,Feedlot,Yallara Livestock Pty Ltd,Toowoomba,Toowoomba Asset Model,-27.67023917,150.8672057
Asset,Feedlot,AUSTRALIAN COUNTRY CHOICE HOLDINGS Pty Ltd,Toowoomba,Toowoomba Asset Model,-27.68234755,150.9123553
Asset,Feedlot,McNamee Partners Pty Ltd,Toowoomba,Toowoomba Asset Model,-27.78515336,151.2810653
Asset,Wheat Farm,Kalyx Narrabri,Toowoomba,Toowoomba Asset Model,-27.63021,151.2964
Asset,Feedlot,Napier Property Group Pty Ltd,Toowoomba,Toowoomba Asset Model,-28.14043862,151.1336265
Asset,Feedlot,D M Fletcher,Toowoomba,Toowoomba Asset Model,-28.09479044,151.2008716
Asset,Feedlot,Simon Booth & Fiona Elder,Toowoomba,Toowoomba Asset Model,-28.09348026,151.2174089
Asset,Feedlot,J T Rural Pty Ltd,Toowoomba,Toowoomba Asset Model,-28.08577073,151.1763727
Asset,Solar Farm,Bulli Creek Solar Farm (stage 2),Toowoomba,Toowoomba Asset Model,-28.07108918,150.9278832
Asset,Feedlot,Russell Sydney & Kim Maree Stevens,Toowoomba,Toowoomba Asset Model,-28.03725208,151.2102257
Asset,Solar Farm,Bulli Creek Solar Farm (stage 1),Toowoomba,Toowoomba Asset Model,-28.02108918,150.8778832
Asset,Substation,Millmerran,Toowoomba,Toowoomba Asset Model,-27.96524788,151.2743129
Asset,Fossil Fuel Power Station,Millmerran,Toowoomba,Toowoomba Asset Model,-27.961542,151.278949
Asset,Wind Farm,Captains Mountain Wind farm,Toowoomba,Toowoomba Asset Model,-27.938684,151.13234
Asset,Substation,Bulli Creek,Toowoomba,Toowoomba Asset Model,-27.92111759,150.8431069
Asset,Feedlot,Mort & Co Lot Feeders Pty Ltd,Toowoomba,Toowoomba Asset Model,-27.77003543,151.2114419
Asset,Battery Energy Storage System,Punch's Creek Renewable Project,Toowoomba,Toowoomba Asset Model,-27.960955,151.38684
Asset,Renewable Energy Zone,Southern Downs,Toowoomba,Toowoomba Asset Model,-27.96005504,151.5417072
Asset,Solar Farm,Punch's Creek Renewable Project Stage 2,Toowoomba,Toowoomba Asset Model,-27.947625,151.408604
Asset,Solar Farm,Punch's Creek Renewable Project Stage 1,Toowoomba,Toowoomba Asset Model,-27.945486,151.371481
Asset,Feedlot,Broadwater Downs Pty Ltd,Toowoomba,Toowoomba Asset Model,-27.90624592,151.5388977
Asset,Feedlot,"C M & C J, A D & T J Waugh",Toowoomba,Toowoomba Asset Model,-27.56832781,150.883834
Asset,Feedlot,C J & C M Winter,Toowoomba,Toowoomba Asset Model,-27.61947184,151.7944117
Asset,Feedlot,Alpair Pty Ltd,Toowoomba,Toowoomba Asset Model,-27.80720502,151.7301229
Asset,Wheat Farm,Kalyx Narrabri,Toowoomba,Toowoomba Asset Model,-27.75648449,151.4435285
Asset,Substation,Yarranlea,Toowoomba,Toowoomba Asset Model,-27.72188459,151.5314089
Asset,Solar Farm,Maryrorough (Brigalow) Solar Farm,Toowoomba,Toowoomba Asset Model,-27.70960574,151.5456498
Asset,Solar Farm,Yarranlea Solar Farm,Toowoomba,Toowoomba Asset Model,-27.70934404,151.5331238
Asset,Solar Farm,Kumbarilla Renewable Energy Park,Western Downs,Western Downs Asset Model,-27.25127,150.9414
Asset,Substation,Ruby Jo,Western Downs,Western Downs Asset Model,-27.23206195,150.8548045
Asset,Substation,Kumbarilla Park,Western Downs,Western Downs Asset Model,-27.23048911,150.8515715
Asset,Solar Farm,Dalby Hybrid Power Plant,Western Downs,Western Downs Asset Model,-27.21389201,151.3118977
Asset,Feedlot,N L & B S Wirth,Western Downs,Western Downs Asset Model,-27.18533448,151.0002746
Asset,Feedlot,"A, D, and  T  Leerentveld",Western Downs,Western Downs Asset Model,-27.18393809,151.1719119
Asset,Fuel Depot,Dalby,Western Downs,Western Downs Asset Model,-27.18381882,151.2373352
Asset,Feedlot,Bevan Albert Vagg & Kym Andrea Vagg,Western Downs,Western Downs Asset Model,-27.15917137,151.1826318
Asset,Natural Gas Power Station,Darling Downs,Western Downs,Western Downs Asset Model,-27.11686167,150.8941575
Asset,Substation,Braemar,Western Downs,Western Downs Asset Model,-27.114229,150.9002875
Asset,Solar Farm,Darling Downs Solar Farm,Western Downs,Western Downs Asset Model,-27.11304799,150.8788432
Asset,Natural Gas Power Station,Braemar 2,Western Downs,Western Downs Asset Model,-27.11281127,150.9048783
Asset,Natural Gas Power Station,Braemar 1,Western Downs,Western Downs Asset Model,-27.11093403,150.9053369
Asset,Feedlot,Wambo Cattle Company Pty Ltd,Western Downs,Western Downs Asset Model,-27.09262776,150.9090856
Asset,Substation,Daandine,Western Downs,Western Downs Asset Model,-27.08643565,150.9444671
Asset,Natural Gas Power Station,Daandine,Western Downs,Western Downs Asset Model,-27.08631997,150.9430055
Asset,Feedlot,Sandalwood Feedlot Pty Ltd,Western Downs,Western Downs Asset Model,-27.13674349,151.4282397
Asset,Substation,Dalby,Western Downs,Western Downs Asset Model,-27.21436396,151.3098525
Asset,Regional Delivery Partner,Darling Downs Cotton Growers’ Inc.,Western Downs,Western Downs Asset Model,-27.18217418,151.2619101
Asset,Regional Delivery Partner,QLD Department of Agriculture and Fisheries - Dalby,Western Downs,Western Downs Asset Model,-27.18313042,151.2633221
Asset,University,Queensland Agricultural Training Colleges - Dalby,Western Downs,Western Downs Asset Model,-27.15200144,151.2912881
Asset,Regional Delivery Partner,Woods Group - Dalby,Western Downs,Western Downs Asset Model,-27.18071693,151.238087
Asset,Feedlot,James Lionel Hurley and Andrea Weiss,Western Downs,Western Downs Asset Model,-26.70235387,151.039725
Asset,Wheat Farm,Kalyx Narrabri,Western Downs,Western Downs Asset Model,-27.03761,151.08084
Asset,Wheat Farm,Kalyx Narrabri,Western Downs,Western Downs Asset Model,-27.03761,151.08084
Asset,Wheat Farm,Kalyx Narrabri,Western Downs,Western Downs Asset Model,-27.03761,151.08084
Asset,Feedlot,Kia-Ora Cattle,Western Downs,Western Downs Asset Model,-26.6599664,151.1280713
Asset,Solar Farm,Jimbour East Solar Farm,Western Downs,Western Downs Asset Model,-26.90127804,151.2289131
Asset,Wind Farm,Wambo Wind Farm (Stage 2),Western Downs,Western Downs Asset Model,-26.61067063,151.2365354
Asset,Wind Farm,Wambo Wind Farm (Stage 1),Western Downs,Western Downs Asset Model,-26.683,151.25186
Asset,Feedlot,James Ashton Fletcher,Western Downs,Western Downs Asset Model,-26.89660423,151.2531218
Asset,Feedlot,Jamie Green and Alexis Green,Western Downs,Western Downs Asset Model,-27.04169997,151.2875357
Asset,Feedlot,Aronui Feedlots Pty Ltd,Western Downs,Western Downs Asset Model,-27.02670658,151.3268775
Asset,Battery Energy Storage System,Wambo Wind Farm,Western Downs,Western Downs Asset Model,-26.783,151.35186
Asset,Feedlot,PINNACLE WAGYU Pty Ltd,Western Downs,Western Downs Asset Model,-27.02848963,151.3697694
Asset,Feedlot,Maree Leanne Densley,Western Downs,Western Downs Asset Model,-26.96615096,151.3804293
Asset,Feedlot,Ranald Ross Ferrier,Western Downs,Western Downs Asset Model,-26.9193383,151.3816538
Asset,Feedlot,FAIRMOUNT OPERATIONS PTY LTD,Western Downs,Western Downs Asset Model,-26.93479932,151.38383
Asset,Feedlot,Ranald Ross Ferrier,Western Downs,Western Downs Asset Model,-26.90753596,151.4045465
Asset,Feedlot,Brendan Scott & Jane Maree Twidale,Western Downs,Western Downs Asset Model,-26.92120747,151.4874999
Asset,Wind Farm,Goomeri Wind Farm,Western Downs,Western Downs Asset Model,-26.8,151.5
Asset,Feedlot,Layton Trevor Free and Sharalyn Jayne Free,Toowoomba,Toowoomba Asset Model,-27.96070485,151.9088322
Asset,Feedlot,Gary Riddle and Gail Mavis Riddle,Toowoomba,Toowoomba Asset Model,-27.90965957,151.7204168
Asset,Feedlot,Tramore Beef Pty Ltd,Toowoomba,Toowoomba Asset Model,-27.84573754,151.9736348
Asset,Feedlot,Canning Downs South Pty Ltd,Southern Downs,Southern Downs Asset Model,-28.40009739,152.1694115
Asset,Feedlot,BM Carr Enterprises Pty Ltd,Southern Downs,Southern Downs Asset Model,-28.33618306,152.0754209
Asset,Regional Delivery Partner,QLD Department of Agriculture and Fisheries - Warwick (Hermitage Research Station),Southern Downs,Southern Downs Asset Model,-28.20601987,152.1012126
Asset,Solar Farm,Warwick Solar Farm,Southern Downs,Southern Downs Asset Model,-28.18310757,152.0716509
Asset,Feedlot,"Clifford Ronald, Madonna Lea and Neil James Shelley",Southern Downs,Southern Downs Asset Model,-28.15052624,152.0976952
Asset,Feedlot,Philip Matthew and Lisa Anne Crothers,Southern Downs,Southern Downs Asset Model,-28.11848143,152.0309126
Asset,Wind Farm,Rabbit Ridge Wind Farm,Southern Downs,Southern Downs Asset Model,-28.50446566,151.8991085
Asset,Feedlot,Gross Meats Pty Ltd,Southern Downs,Southern Downs Asset Model,-28.33374182,152.0026465
Asset,Feedlot,RCLT Nominees Pty Ltd ATF The Rodgers Creek Land Trust,Southern Downs,Southern Downs Asset Model,-28.22268371,151.8095983
Asset,Feedlot,Vilbec Pty Ltd,Southern Downs,Southern Downs Asset Model,-28.11881411,151.8502138
Asset,Feedlot,G T Cooper,Southern Downs,Southern Downs Asset Model,-28.10443716,151.8301788
Asset,Feedlot,D J & D J Brown,Southern Downs,Southern Downs Asset Model,-28.06723607,151.9135416
Asset,Feedlot,D J & D J Brown,Southern Downs,Southern Downs Asset Model,-28.05724525,151.8973186
Asset,Feedlot,N J & M C Nolan,Southern Downs,Southern Downs Asset Model,-28.02815386,152.132295
Asset,Feedlot,Kingsford Farms Pry Ltd,Toowoomba,Toowoomba Asset Model,-28.0094424,151.7753933
Asset,Feedlot,HAMBLIN PTY. LTD.,Southern Downs,Southern Downs Asset Model,-27.99706476,151.62894
Asset,Feedlot,Strathane Holdings Pty Ltd,Toowoomba,Toowoomba Asset Model,-27.95292179,151.6291435
Asset,Feedlot,CANNING DOWNS SOUTH PTY LTD,Toowoomba,Toowoomba Asset Model,-27.93915931,151.6184152
Asset,Substation,Stanthorpe,Southern Downs,Southern Downs Asset Model,-28.6453205,151.916848
Asset,Community Energy Organisation,Granite Belt Sustainable Action Network Inc.,Southern Downs,Southern Downs Asset Model,-28.695302,151.8560036
Asset,Wind Farm,MacIntyre Wind Farm (Stage 1),Southern Downs,Southern Downs Asset Model,-28.44971662,151.67068
Asset,University,Country Universities Centre - Southern Downs (Warwick),Southern Downs,Southern Downs Asset Model,-28.21645422,152.0326666
Asset,Abattoir,John Dee Abattoir,Southern Downs,Southern Downs Asset Model,-28.19971803,152.0196169
Asset,Substation,Warwick,Southern Downs,Southern Downs Asset Model,-28.1968785,152.05077
Asset,Feedlot,C A Kelly,Southern Downs,Southern Downs Asset Model,-28.18307517,152.0298416
Asset,Health Service,Queensland Health - Woorabinda Hospital,Woorabinda,Woorabinda Asset Model,-24.13347118,149.4550495
Asset,Innovation Hub,Woorabinda Queensland Microgrid Pilot Fund - Feasibility studies,Woorabinda,Woorabinda Asset Model,-24.13485383,149.4569466
Asset,Health Service,Northside Plaza Medical Centre,Rockhampton,Rockhampton Asset Model,-23.35941031,150.5246263
Asset,Health Service,CQ Medicentre Northside,Rockhampton,Rockhampton Asset Model,-23.35940777,150.5237659
Asset,Health Service,Mount Archer Medical Centre,Rockhampton,Rockhampton Asset Model,-23.35885527,150.5269288
Asset,Health Service,Rockhampton Central Medical Centre,Rockhampton,Rockhampton Asset Model,-23.35711673,150.5220838
Asset,Wind Farm,Mount Hopeful Wind Farm,Rockhampton,Rockhampton Asset Model,-23.81161,150.559414
Asset,Fuel Terminal,Port Alma,Rockhampton,Rockhampton Asset Model,-23.58720398,150.8592453
Asset,Substation,Bouldercombe,Rockhampton,Rockhampton Asset Model,-23.53764842,150.4868646
Asset,Battery Energy Storage System,Bouldercombe,Rockhampton,Rockhampton Asset Model,-23.53644727,150.4880654
Asset,Battery Energy Storage System,Bouldercombe Battery Project,Rockhampton,Rockhampton Asset Model,-23.536419,150.488036
Asset,Substation,Bouldercombe,Rockhampton,Rockhampton Asset Model,-23.5361339,150.4869514
Asset,Solar Farm,Bouldercombe Solar Farm,Rockhampton,Rockhampton Asset Model,-23.52720538,150.4801995
Asset,Substation,Egans Hill,Rockhampton,Rockhampton Asset Model,-23.44350796,150.5011906
Asset,Health Service,The Family Practice Emu Park,Livingstone,Livingstone Asset Model,-23.25910086,150.8241447
Asset,Health Service,Total Health at Emu Park,Livingstone,Livingstone Asset Model,-23.25810269,150.8267037
Asset,Health Service,North Rockhampton Medical Centre,Rockhampton,Rockhampton Asset Model,-23.3454052,150.5363899
Asset,Substation,Pandoin,Livingstone,Livingstone Asset Model,-23.26528747,150.4708515
Asset,Major Project,Industrial land and transport precinct planning,Rockhampton,Rockhampton Asset Model,-23.44248485,150.4375307
Asset,Health Service,Gracemere Medical Centre,Rockhampton,Rockhampton Asset Model,-23.43730694,150.4560153
Asset,Health Service,Gracemere Family Practice,Rockhampton,Rockhampton Asset Model,-23.43795463,150.4563599
Asset,Abattoir,Teys Australia Rockhampton,Rockhampton,Rockhampton Asset Model,-23.3796619,150.5595809
Asset,Wind Farm,Boulder Creek Wind Farm,Rockhampton,Rockhampton Asset Model,-23.653737,150.30544
Asset,Feedlot,Seamark Pty Ltd,Rockhampton,Rockhampton Asset Model,-23.79541432,150.3473086
Asset,Health Service,Queensland Health - Mount Morgan Hospital,Rockhampton,Rockhampton Asset Model,-23.64532443,150.3928613
Asset,Health Service,Scotvale Medical Centre,Rockhampton,Rockhampton Asset Model,-23.34232082,150.5218515
Asset,Health Service,Family Practice at Glenmore | Rockhampton Doctors,Rockhampton,Rockhampton Asset Model,-23.33400598,150.5205334
Asset,University,CQUniversity - Rockhampton North,Rockhampton,Rockhampton Asset Model,-23.32630705,150.518982
Asset,Substation,Rockhampton,Rockhampton,Rockhampton Asset Model,-23.366187,150.5085245
Asset,Fuel Depot,North Rockhampton,Rockhampton,Rockhampton Asset Model,-23.36060143,150.5115509
Asset,Health Service,Dr. Lisa Plahn,Rockhampton,Rockhampton Asset Model,-23.34363357,150.516484
Asset,Major Project,Parkhurst Industrial Area,Rockhampton,Rockhampton Asset Model,-23.3196536,150.5075651
Asset,Regional Delivery Partner,QLD Department of Agriculture and Fisheries - Rockhampton,Rockhampton,Rockhampton Asset Model,-23.31303544,150.5182317
Asset,Health Service,CQ Doctors Parkhurst,Rockhampton,Rockhampton Asset Model,-23.30488727,150.5160441
Asset,Substation,Rocklands,Rockhampton,Rockhampton Asset Model,-23.4440405,150.5073645
Asset,Regional Delivery Partner,Fitzroy Basin Association Limited,Rockhampton,Rockhampton Asset Model,-23.37814341,150.5129536
Asset,Abattoir,JBS Australia Rockhampton,Livingstone,Livingstone Asset Model,-23.42222436,150.6022223
Asset,Battery Energy Storage System,Tanby Battery,Livingstone,Livingstone Asset Model,-23.22364,150.73609
Asset,Feedlot,J R Atkinson,Livingstone,Livingstone Asset Model,-22.98153313,150.088654
Asset,Major Project,Defence industry precinct development,Livingstone,Livingstone Asset Model,-22.81257146,150.132739
Asset,Feedlot,APIS CREEK HOLDINGS PTY LTD,Livingstone,Livingstone Asset Model,-23.01949272,149.5350526
Asset,Battery Energy Storage System,Clarke Creek BESS,Livingstone,Livingstone Asset Model,-22.85148356,149.4526678
Asset,Wind Farm,Clarke Creek Wind Farm,Livingstone,Livingstone Asset Model,-22.85056421,149.4534032
Asset,Renewable Energy Zone,Isaac,Livingstone,Livingstone Asset Model,-22.82280376,149.4420099
Asset,Feedlot,David Ross Atkinson,Livingstone,Livingstone Asset Model,-22.80472628,149.6951338
Asset,Wind Farm,Clarke Creek Wind and Solar Farm (Stage 2),Livingstone,Livingstone Asset Model,-22.79232713,149.4396019
Asset,Substation,Grantleigh,Rockhampton,Rockhampton Asset Model,-23.6767394,150.0201535
Asset,Wind Farm,Moonlight Range Wind Farm,Rockhampton,Rockhampton Asset Model,-23.2944,150.0752
Asset,Solar Farm,Moah Creek Renewable Energy Project,Rockhampton,Rockhampton Asset Model,-23.34,150.156
Asset,Renewable Energy Zone,Capricorn,Rockhampton,Rockhampton Asset Model,-23.03500716,149.7876224
Asset,Wind Farm,Moah Creek Renewable Energy Project,Rockhampton,Rockhampton Asset Model,-23.39018183,150.2065193
Asset,Feedlot,Tony Mortimer,Rockhampton,Rockhampton Asset Model,-23.33823296,150.2108065
Asset,Substation,Wycarbah,Rockhampton,Rockhampton Asset Model,-23.53083806,150.2443291
Asset,Battery Energy Storage System,Moah Creek Renewable Energy Project,Rockhampton,Rockhampton Asset Model,-23.44,150.256
Asset,Fossil Fuel Power Station,Stanwell,Rockhampton,Rockhampton Asset Model,-23.50972,150.319466
Asset,Substation,Stanwell,Rockhampton,Rockhampton Asset Model,-23.5157715,150.319888
Asset,Battery Energy Storage System,Stanwell Battery,Rockhampton,Rockhampton Asset Model,-23.509,150.32
Asset,Battery Energy Storage System,Stanwell,Rockhampton,Rockhampton Asset Model,-23.50900983,150.3200245
Asset,Substation,Stanwell Power Station ,Rockhampton,Rockhampton Asset Model,-23.5159451,150.3212579
Asset,Battery Energy Storage System,Central REZ,Rockhampton,Rockhampton Asset Model,-23.51567344,150.3220423
Asset,Battery Energy Storage System,Central REZ Battery,Rockhampton,Rockhampton Asset Model,-23.515675,150.322065
Asset,University,CQUniversity - Rockhampton City,Rockhampton,Rockhampton Asset Model,-23.38438844,150.4982226
Asset,Health Service,Queensland Health - Rockhampton Hospital,Rockhampton,Rockhampton Asset Model,-23.37960319,150.4944781
Asset,Health Service,Total Health Medical Centre,Livingstone,Livingstone Asset Model,-23.14484879,150.7565036
Asset,Health Service,Queensland Health - Capricorn Coast Hospital,Livingstone,Livingstone Asset Model,-23.14358295,150.7334297
Asset,Health Service,Keppel Bay Medical,Livingstone,Livingstone Asset Model,-23.12914745,150.7413427
Asset,Health Service,Health Yeppoon,Livingstone,Livingstone Asset Model,-23.13013645,150.7477346
Asset,Health Service,Yeppoon Medical Care,Livingstone,Livingstone Asset Model,-23.12957095,150.7479166
Asset,Health Service,James Street Medical Centre,Livingstone,Livingstone Asset Model,-23.12842599,150.7446462
Asset,Health Service,Yeppoon Family Practice,Livingstone,Livingstone Asset Model,-23.12785287,150.7441278
Asset,Wind Farm First Nations,Djandori gung-i,Gladstone,Gladstone Asset Model,-24.41671747,151.4414177
Asset,Pumped Hydropower,Favian Super Hybrid Project,Gladstone,Gladstone Asset Model,-24.329866,151.557025
Asset,Solar Farm,Rodds Bay Solar Farm,Gladstone,Gladstone Asset Model,-24.19321219,151.5884596
Asset,Battery Energy Storage System,Rodds Bay BESS,Gladstone,Gladstone Asset Model,-24.19321219,151.5884596
Asset,Wind Farm,Favian Super Hybrid Project,Gladstone,Gladstone Asset Model,-24.379866,151.607025
Asset,Substation,Korenan,Gladstone,Gladstone Asset Model,-24.46530215,151.6671425
Asset,Substation,Granite Creek,Gladstone,Gladstone Asset Model,-24.46281885,151.6807978
Asset,Substation,Boyne Island,Gladstone,Gladstone Asset Model,-23.928688,151.344285
Asset,Substation,Calliope River,Gladstone,Gladstone Asset Model,-23.85684129,151.1941785
Asset,Substation,Calliope River,Gladstone,Gladstone Asset Model,-23.85593019,151.1923772
Asset,Fossil Fuel Power Station,Gladstone,Gladstone,Gladstone Asset Model,-23.850753,151.218653
Asset,Substation,Gladstone,Gladstone,Gladstone Asset Model,-23.85071379,151.2168754
Asset,Biomass Plant,Gladstone A&B,Gladstone,Gladstone Asset Model,-23.85039313,151.218864
Asset,Substation,Gladstone,Gladstone,Gladstone Asset Model,-23.84979135,151.2166749
Asset,Substation,Gladstone North,Gladstone,Gladstone Asset Model,-23.84586292,151.2165571
Asset,Hydrogen Hub,Sumitomo Green Hydrogen Production and Rio Tinto Decarbonisation Production Pilot Project,Gladstone,Gladstone Asset Model,-23.831525,151.230479
Asset,Hydrogen Hub,Origin and ENEOS,Gladstone,Gladstone Asset Model,-23.83,151.2
Asset,Hydrogen Hub,Queensland Solar Hydrogen Project,Gladstone,Gladstone Asset Model,-23.827523,151.211648
Asset,Substation,Wiggins Island,Gladstone,Gladstone Asset Model,-23.82626631,151.2025963
Asset,Hydrogen Hub,Central Queensland Hydrogen Hub,Gladstone,Gladstone Asset Model,-23.825837,151.240527
Asset,University,Centre for Hydrogen and Renewable Energy,Gladstone,Gladstone Asset Model,-23.83435612,151.2433153
Asset,University,CQUniversity - Gladstone,Gladstone,Gladstone Asset Model,-23.83578026,151.2480177
Asset,Substation,Callemondah,Gladstone,Gladstone Asset Model,-23.87073478,151.1961116
Asset,Fuel Depot,Gladstone,Gladstone,Gladstone Asset Model,-23.84179306,151.2456512
Asset,Hydrogen Hub,Hydrogen Park Gladstone (HyP Gladstone),Gladstone,Gladstone Asset Model,-23.841457,151.249177
Asset,Fuel Terminal,Gladstone,Gladstone,Gladstone Asset Model,-23.83526707,151.2563324
Asset,Fuel Terminal,Gladstone,Gladstone,Gladstone Asset Model,-23.83774567,151.2576904
Asset,Industrial Precinct,SuperGrid Training Centre and Transmission Hub,Gladstone,Gladstone Asset Model,-23.85068553,151.172899
Asset,Major Project,Decarbonisation initiatives under the Central Queensland Statement of Cooperation,Gladstone,Gladstone Asset Model,-23.83968264,151.169609
Asset,Major Project,Decarbonisation initiatives under the Central Queensland Statement of Cooperation,Gladstone,Gladstone Asset Model,-23.83707313,151.1668591
Asset,Substation,Boat Creek,Gladstone,Gladstone Asset Model,-23.83082632,151.1653841
Asset,Substation,Wurdong,Gladstone,Gladstone Asset Model,-23.9605755,151.289016
Asset,Substation,Raglan,Gladstone,Gladstone Asset Model,-23.75115904,150.8377945
Asset,Solar Farm,Raglan Solar Farm,Gladstone,Gladstone Asset Model,-23.76857208,150.8718243
Asset,Feedlot,Central Queensland Livestock Depot Pty Ltd,Gladstone,Gladstone Asset Model,-23.73633293,150.8800161
Asset,Hydrogen Hub,Central Queensland Hydrogen Project,Gladstone,Gladstone Asset Model,-23.845,151.027
Asset,Major Project,Decarbonisation initiatives under the Central Queensland Statement of Cooperation,Gladstone,Gladstone Asset Model,-23.84554208,151.0292507
Asset,Solar Farm,Aldoga Solar Farm,Gladstone,Gladstone Asset Model,-23.80474107,151.038643
Asset,Major Project,Decarbonisation initiatives under the Central Queensland Statement of Cooperation,Gladstone,Gladstone Asset Model,-23.8058397,151.045987
Asset,Solar Farm,Gladstone Abattoir Solar Farm,Gladstone,Gladstone Asset Model,-23.84444565,151.046603
Asset,Substation,Larcom Creek,Gladstone,Gladstone Asset Model,-23.82301,151.0697765
Asset,Hydrogen Hub,Bio-Hydrogen Demonstration Plant,Gladstone,Gladstone Asset Model,-23.810391,151.148243
Asset,Hydrogen Hub First Nations,H2-HubTM Gladstone,Gladstone,Gladstone Asset Model,-23.80367,151.149426
Asset,Cement Plant,Gladstone,Gladstone,Gladstone Asset Model,-23.79235014,151.1511018
Asset,Major Project,Decarbonisation initiatives under the Central Queensland Statement of Cooperation,Gladstone,Gladstone Asset Model,-23.79256204,151.1512299
Asset,Natural Gas Power Station,Yarwun,Gladstone,Gladstone Asset Model,-23.830645,151.15193
Asset,Substation,Yarwun,Gladstone,Gladstone Asset Model,-23.83125089,151.1527306
Asset,Major Project,Decarbonisation initiatives under the Central Queensland Statement of Cooperation,Gladstone,Gladstone Asset Model,-23.82834926,151.1531817
Asset,Hydrogen Hub,Green Methanol Feasibility Study,Gladstone,Gladstone Asset Model,-23.79251,151.15549
Asset,Solar Farm,Pacific Solar Hydrogen Project Solar Farm,Gladstone,Gladstone Asset Model,-24.086132,150.847317
Asset,Renewable Energy Zone,Calliope,Gladstone,Gladstone Asset Model,-24.0733276,151.042489
Asset,Feedlot,WHITEMAN FAMILY CO Pty Ltd,Gladstone,Gladstone Asset Model,-24.3240027,151.3452141
Asset,Pumped Hydropower First Nations,Djandori gung-i,Gladstone,Gladstone Asset Model,-24.39694999,151.4194099
Asset,Hydrogen Hub First Nations,Djandori gung-i,Gladstone,Gladstone Asset Model,-24.40187505,151.4257193
Asset,Substation,Queensland Alumina Limited South,Gladstone,Gladstone Asset Model,-23.8731405,151.2889405
Asset,Substation,Queensland Alumina Limited,Gladstone,Gladstone Asset Model,-23.86557949,151.2927322
Asset,Substation,Gladstone South,Gladstone,Gladstone Asset Model,-23.88630268,151.2736534
Asset,Substation,Gladstone South,Gladstone,Gladstone Asset Model,-23.8845655,151.2740445
Asset,Battery Energy Storage System,Gladstone South Battery,Gladstone,Gladstone Asset Model,-23.88472,151.274411
Asset,Health Service,Queensland Health - Gladstone Hospital,Gladstone,Gladstone Asset Model,-23.8511542,151.2488755
Asset,Substation,Burleigh Heads,Gold Coast,Gold Coast Asset Model,-28.1026515,153.436329
Asset,Substation,Broadbeach,Gold Coast,Gold Coast Asset Model,-28.02602483,153.4297512
Asset,University,Southern Cross University - Tweed Heads/Gold Coast campus,Gold Coast,Gold Coast Asset Model,-28.168158,153.518239
Asset,Biomass Plant,Suntown Landfill Power Station,Gold Coast,Gold Coast Asset Model,-27.9376,153.3732
Asset,Fuel Depot,Bigerra Waters,Gold Coast,Gold Coast Asset Model,-27.933677,153.382982
Asset,Fuel Depot,Carrara,Gold Coast,Gold Coast Asset Model,-28.03138351,153.354126
Asset,Solar Farm,Metricon (Gold Coast) Stadium Solar Array,Gold Coast,Gold Coast Asset Model,-28.00627412,153.3671183
Asset,Substation,Nerang,Gold Coast,Gold Coast Asset Model,-28.0074435,153.3386125
Asset,Biomass Plant,Stapylton LFG,Gold Coast,Gold Coast Asset Model,-27.7147,153.2533
Asset,Biomass Plant,Rocky Point Sugar Mill,Gold Coast,Gold Coast Asset Model,-27.7343,153.3275
Asset,Biomass Plant,Rocky Point Sugar Sugar Mill,Gold Coast,Gold Coast Asset Model,-27.733449,153.327607
Asset,Substation,Cades County,Gold Coast,Gold Coast Asset Model,-27.9044025,153.311482
Asset,Biomass Plant,Stapylton,Gold Coast,Gold Coast Asset Model,-27.7449,153.2421
Asset,Biomass Plant,Stapylton Green Energy,Gold Coast,Gold Coast Asset Model,-27.73344896,153.2463026
Asset,Solar Farm,Gold Coast Solar Farm,Gold Coast,Gold Coast Asset Model,-27.75734736,153.2604649
Asset,Substation,Yatala,Gold Coast,Gold Coast Asset Model,-27.76064728,153.2281242
Asset,Substation,Coomera,Gold Coast,Gold Coast Asset Model,-27.85541216,153.2937417
Asset,Substation,Merrimac - SSMMC,Gold Coast,Gold Coast Asset Model,-28.03518277,153.4074369
Asset,Substation,Mudgeeraba,Gold Coast,Gold Coast Asset Model,-28.093811,153.3972585
Asset,Substation,Robina,Gold Coast,Gold Coast Asset Model,-28.06959677,153.3763435
Asset,Substation,Queensland Rail-Robina,Gold Coast,Gold Coast Asset Model,-28.06897114,153.3770702
Asset,Substation,Molendinar,Gold Coast,Gold Coast Asset Model,-27.97843192,153.3600706
Asset,Substation,Southport,Gold Coast,Gold Coast Asset Model,-27.97316238,153.4098997
Asset,Substation,Surfers Paradise,Gold Coast,Gold Coast Asset Model,-27.99784034,153.4268976
Asset,Substation,Richlands,Brisbane,Brisbane Asset Model,-27.57991655,152.9598838
Asset,Feedlot,Alan Ian Gillespie and Judith Gillespie,Scenic Rim,Scenic Rim Asset Model,-27.75501006,152.5274318
Asset,Feedlot,D. E. Brennan,Scenic Rim,Scenic Rim Asset Model,-27.86821283,152.9134796
Asset,Regional Delivery Partner,QLD Department of Agriculture and Fisheries - Boonah,Scenic Rim,Scenic Rim Asset Model,-27.99844412,152.6804471
Asset,Community Energy Organisation,Boonah Community in Transition Group,Scenic Rim,Scenic Rim Asset Model,-27.99838727,152.6818376
Asset,Pumped Hydropower,Big T,Somerset,Somerset Asset Model,-27.2519,152.198568
Asset,Battery Energy Storage System,Harlin Solar farm,Somerset,Somerset Asset Model,-27.00060742,152.4654087
Asset,Feedlot,SOMERSET OFFSET LAND Pty Ltd,Somerset,Somerset Asset Model,-27.07254504,152.3265618
Asset,Feedlot,Toogoolawah Feedlot Pty Ltd,Somerset,Somerset Asset Model,-27.12528603,152.3421546
Asset,Feedlot,Leeson Pty Ltd,Somerset,Somerset Asset Model,-27.39448375,152.3583242
Asset,Pumped Hydropower,Somerset Dam Q,Somerset,Somerset Asset Model,-27.1152,152.556
Asset,Substation,Lockrose,Lockyer Valley,Lockyer Valley Asset Model,-27.49938404,152.4526878
Asset,Abattoir,Greenmountain Food Processing Pty Ltd,Somerset,Somerset Asset Model,-27.37317859,152.5199016
Asset,Pumped Hydropower,Wivenhoe,Somerset,Somerset Asset Model,-27.395212,152.609153
Asset,Pumped Hydropower,Wivenhoe,Somerset,Somerset Asset Model,-27.3722,152.6319
Asset,Pumped Hydropower,Wivenhoe Hydroelectric,Somerset,Somerset Asset Model,-27.37222139,152.6320276
Asset,Pumped Hydropower,Wivenhoe small hydro,Somerset,Somerset Asset Model,-27.37261214,152.6321052
Asset,Substation,Mount England,Somerset,Somerset Asset Model,-27.3830635,152.647549
Asset,Biogas Plant,Ti Tree Bioenergy,Ipswich,Ipswich Asset Model,-27.680164,152.659295
Asset,Feedlot,J Allen Pty Ltd,Ipswich,Ipswich Asset Model,-27.75514589,152.7140993
Asset,Substation,Bundamba,Ipswich,Ipswich Asset Model,-27.59408647,152.8181243
Asset,Substation,Abermain,Ipswich,Ipswich Asset Model,-27.57806689,152.7707443
Asset,Substation,Abermain,Ipswich,Ipswich Asset Model,-27.57716312,152.7716419
Asset,Biomass Plant,Ti Tree LFG Willowbank - QLD,Ipswich,Ipswich Asset Model,-27.565,152.74
Asset,Substation,Blackwall,Brisbane,Brisbane Asset Model,-27.540978,152.7858575
Asset,Substation,Wulkuraka,Ipswich,Ipswich Asset Model,-27.61172635,152.7267045
Asset,Solar Farm,Karrabin Solar Farm,Ipswich,Ipswich Asset Model,-27.6022,152.699385
Asset,Substation,Raceview,Ipswich,Ipswich Asset Model,-27.63046852,152.7789548
Asset,Fossil Fuel Power Station,Swanbank B,Ipswich,Ipswich Asset Model,-27.66006546,152.8144521
Asset,Battery Energy Storage System,Swanbank Battery,Ipswich,Ipswich Asset Model,-27.66,152.81444
Asset,Substation,Swanbank B,Ipswich,Ipswich Asset Model,-27.658893,152.814541
Asset,Substation,Swanbank A,Ipswich,Ipswich Asset Model,-27.658258,152.8120075
Asset,Natural Gas Power Station,Swanbank E,Ipswich,Ipswich Asset Model,-27.65537431,152.8179382
Asset,Hydrogen Hub,Swanbank Clean Energy Hub,Ipswich,Ipswich Asset Model,-27.653,152.817
Asset,Substation,Blackstone 275,Ipswich,Ipswich Asset Model,-27.64888487,152.8121065
Asset,Biomass Plant,Swanbank,Ipswich,Ipswich Asset Model,-27.648,152.7946
Asset,Substation,Blackstone 110,Ipswich,Ipswich Asset Model,-27.647566,152.8121335
Asset,Substation,Swanbank E,Ipswich,Ipswich Asset Model,-27.65516423,152.8189397
Asset,Biomass Plant,Swanbank Waste-to-energy,Ipswich,Ipswich Asset Model,-27.66391098,152.8229324
Asset,Biogas Plant,Whitwood Road,Ipswich,Ipswich Asset Model,-27.659014,152.823743
Asset,Abattoir,Dinmore meat works,Ipswich,Ipswich Asset Model,-27.58352612,152.8350878
Asset,Substation,Redbank Plains,Ipswich,Ipswich Asset Model,-27.64059081,152.8519318
Asset,Substation,Goodna,Ipswich,Ipswich Asset Model,-27.62080037,152.8780741
Asset,Biomass Plant,Whitwood Road LFG,Ipswich,Ipswich Asset Model,-27.618,152.831
Asset,Feedlot,John Joseph Brennan,Scenic Rim,Scenic Rim Asset Model,-28.02588256,152.9434559
Asset,Biomass Plant,Bromelton Bioenergy Plant,Scenic Rim,Scenic Rim Asset Model,-27.9796,152.9472
Asset,Substation,Beaudesert,Scenic Rim,Scenic Rim Asset Model,-27.9649035,152.992965
Asset,Fuel Depot,Beaudesert,Scenic Rim,Scenic Rim Asset Model,-27.97425652,152.9938126
Asset,Feedlot,DJE Palmer Pty Ltd,Scenic Rim,Scenic Rim Asset Model,-28.27215772,152.9156866
Asset,Feedlot,O'Briens Transport Pty Ltd,Scenic Rim,Scenic Rim Asset Model,-28.26475624,153.0609914
Asset,Substation,Queensland Rail-Beenleigh,Logan,Logan Asset Model,-27.7204705,153.209126
Asset,Abattoir,Teys Australia Beenleigh,Logan,Logan Asset Model,-27.71373588,153.1786998
Asset,Substation,Beenleigh,Logan,Logan Asset Model,-27.72442346,153.2082523
Asset,Substation,Browns Plains,Logan,Logan Asset Model,-27.66286414,153.0375422
Asset,Biogas Plant,Browns Plains,Logan,Logan Asset Model,-27.672131,153.066346
Asset,Feedlot,Pacific Agricom Pty Ltd,Logan,Logan Asset Model,-27.84079721,152.8875139
Asset,Battery Energy Storage System,Greenbank Battery,Logan,Logan Asset Model,-27.733281,152.954451
Asset,Substation,Greenbank,Logan,Logan Asset Model,-27.73227582,152.9563731
Asset,Substation,Jimboomba,Logan,Logan Asset Model,-27.8091422,153.0442623
Asset,Substation,Loganlea,Logan,Logan Asset Model,-27.664334,153.13149
Asset,Substation,North Springwood,Logan,Logan Asset Model,-27.61541772,153.1211529
Asset,Substation,Broadsound,Isaac,Isaac Asset Model,-22.82071617,149.4039598
Asset,Solar Farm,Broadsound Solar Farm,Isaac,Isaac Asset Model,-22.81140475,149.3885683
Asset,Wind Farm,Clarke Creek,Isaac,Isaac Asset Model,-22.74233926,149.3910976
Asset,Solar Farm,Clarke Creek Solar Farm,Isaac,Isaac Asset Model,-22.66709196,149.3360456
Asset,Solar Farm,Blair Athol Solar Farm,Isaac,Isaac Asset Model,-22.629039,149.246134
Asset,Wind Farm,Lotus Creek Wind Farm,Isaac,Isaac Asset Model,-22.3593,149.25596
Asset,Coal Mine Site,Wilton Fairhill Project Mine,Isaac,Isaac Asset Model,-23.3473457,148.5712137
Asset,Coal Mine Site,German Creek Mine,Isaac,Isaac Asset Model,-22.9278097,148.5511594
Asset,Natural Gas Power Station,German Creek,Isaac,Isaac Asset Model,-22.928147,148.551497
Asset,Solar Farm,Middlemount Sun Farm,Isaac,Isaac Asset Model,-22.82347712,148.7190896
Asset,Feedlot,Dino Fiorino Penna and Norma Myrtle Penna,Isaac,Isaac Asset Model,-22.63006188,149.0856465
Asset,Feedlot,"Phillip Conaghan, Lynise Conaghan",Isaac,Isaac Asset Model,-22.54995145,149.0620492
Asset,Feedlot,Lotus Park Grazing Co.,Isaac,Isaac Asset Model,-22.30560637,149.0163116
Asset,Feedlot,"RH, GW and GR Garside",Isaac,Isaac Asset Model,-22.64554693,148.0482159
Asset,Substation,Broadlea,Isaac,Isaac Asset Model,-21.97913821,148.2282766
Asset,Substation,Coppabella,Isaac,Isaac Asset Model,-21.91297717,148.3528022
Asset,Solar Farm,Broadlea Solar Farm,Isaac,Isaac Asset Model,-21.88460185,148.2892025
Asset,Feedlot,Andrew Neil Wedel & Priscilla Gaye Benney,Isaac,Isaac Asset Model,-22.62030895,148.1542493
Asset,Feedlot,Russell Stewart Purvis,Isaac,Isaac Asset Model,-22.75872947,148.2237766
Asset,Coal Mine Site,Saraji Mine,Isaac,Isaac Asset Model,-22.41247185,148.2976949
Asset,Health Service,Dysart Medical Centre,Isaac,Isaac Asset Model,-22.58296877,148.3522169
Asset,Health Service,Dysart Hospital,Isaac,Isaac Asset Model,-22.58264457,148.3529669
Asset,Substation,Dysart,Isaac,Isaac Asset Model,-22.54705288,148.4063609
Asset,Coal Mine Site,Norwich Park Mine (closed),Isaac,Isaac Asset Model,-22.61418726,148.4281209
Asset,Solar Farm,Dysart Solar Energy Farm,Isaac,Isaac Asset Model,-22.5738571,148.433082
Asset,Substation,Norwich Park,Isaac,Isaac Asset Model,-22.705549,148.4413925
Asset,Feedlot,"Brian Lloyd Pownall, John Charles Pownall and Judith Louise Pownall",Isaac,Isaac Asset Model,-22.4995105,148.5338916
Asset,Health Service,Middlemount Medical Centre,Isaac,Isaac Asset Model,-22.80983474,148.6992955
Asset,Substation,Burton Downs,Isaac,Isaac Asset Model,-21.69175278,148.2103615
Asset,Substation,Kemmis,Isaac,Isaac Asset Model,-21.57350371,148.3844658
Asset,Feedlot,G M & L J Bortolo,Isaac,Isaac Asset Model,-21.50790504,148.5105653
Asset,Substation,Mindi,Isaac,Isaac Asset Model,-21.84199304,148.6268868
Asset,Wind Farm,Fiery Creek Wind Farm,Isaac,Isaac Asset Model,-21.503165,148.660244
Asset,Substation,Nebo,Isaac,Isaac Asset Model,-21.63002114,148.6827141
Asset,Substation,Nebo,Isaac,Isaac Asset Model,-21.63172666,148.6831987
Asset,Substation,Wandoo,Isaac,Isaac Asset Model,-21.77600407,148.8854541
Asset,Feedlot,Racecourse Projects Pty Ltd,Isaac,Isaac Asset Model,-21.50400531,148.9674058
Asset,University,Country Universities Centre - Isaac (Clermont),Isaac,Isaac Asset Model,-22.83802146,147.1601131
Asset,Feedlot,Bruce Werner & Sally Werner,Isaac,Isaac Asset Model,-22.03938816,147.1820102
Asset,Substation,Clermont,Isaac,Isaac Asset Model,-22.8498955,147.6107961
Asset,Solar Farm,Clermont Solar Farm,Isaac,Isaac Asset Model,-22.83879,147.582676
Asset,Health Service,Clermont Country Practice,Isaac,Isaac Asset Model,-22.82793631,147.6341672
Asset,Health Service,Clermont Hospital,Isaac,Isaac Asset Model,-22.82778721,147.6328092
Asset,Coal Mine Site,Clermont Mine,Isaac,Isaac Asset Model,-22.7215272,147.6338785
Asset,Feedlot,Glenmore Downs Farming Pty Ltd,Isaac,Isaac Asset Model,-22.55474909,147.6115704
Asset,Substation,Mount McLaren,Isaac,Isaac Asset Model,-22.47853774,147.6992269
Asset,Feedlot,J T & B J Cook,Isaac,Isaac Asset Model,-22.42919163,147.5519084
Asset,Feedlot,Peter Neil Anderson,Isaac,Isaac Asset Model,-22.32895953,147.6891817
Asset,Feedlot,Lund Grain Pty Ltd,Isaac,Isaac Asset Model,-22.26592912,147.6790797
Asset,Substation,Peak Downs,Isaac,Isaac Asset Model,-22.23181098,148.2082554
Asset,Substation,Eagles Downs,Isaac,Isaac Asset Model,-22.17483434,148.1890077
Asset,Feedlot,Blair Angus,Isaac,Isaac Asset Model,-21.63950891,147.7180158
Asset,Substation,Blue Valley,Whitsunday,Whitsunday Asset Model,-20.44895039,147.3462236
Asset,Substation,King Creek,Whitsunday,Whitsunday Asset Model,-20.36529185,147.4727366
Asset,Solar Farm,Whitsunday Solar Farm,Whitsunday,Whitsunday Asset Model,-20.49459907,147.7483754
Asset,Solar Farm,Hayman Solar Farm,Whitsunday,Whitsunday Asset Model,-20.48750648,147.7492324
Asset,Solar Farm,Hamilton Solar Farm,Whitsunday,Whitsunday Asset Model,-20.50524976,147.7673444
Asset,Solar Farm,Daydream Solar Farm,Whitsunday,Whitsunday Asset Model,-20.4932501,147.7714704
Asset,Substation,Strathmore,Whitsunday,Whitsunday Asset Model,-20.49918551,147.7753644
Asset,Renewable Energy Zone,Collinsville,Whitsunday,Whitsunday Asset Model,-20.51889413,147.7779916
Asset,Solar Farm,Collinsville Green Energy Hub Solar Farm,Whitsunday,Whitsunday Asset Model,-20.5,147.8
Asset,Fossil Fuel Power Station,Collinsville,Whitsunday,Whitsunday Asset Model,-20.544682,147.804887
Asset,Substation,Collinsville North,Whitsunday,Whitsunday Asset Model,-20.54267807,147.8054846
Asset,Solar Farm,Collinsville Solar Power Station,Whitsunday,Whitsunday Asset Model,-20.54110941,147.8073376
Asset,Solar Farm,Collinsville Solar Farm,Whitsunday,Whitsunday Asset Model,-20.54107964,147.8074388
Asset,Solar Farm,Collinsville North Solar Project,Whitsunday,Whitsunday Asset Model,-20.52800405,147.807705
Asset,Hydrogen Hub,Han-Ho H2 Hub,Whitsunday,Whitsunday Asset Model,-20.5531,147.8443
Asset,Wind Farm,Collinsville Green Energy Hub,Whitsunday,Whitsunday Asset Model,-20.58174,147.882391
Asset,Wind Farm,Springlands Wind Farm,Whitsunday,Whitsunday Asset Model,-20.557918,147.932863
Asset,Substation,Bowen North,Whitsunday,Whitsunday Asset Model,-20.01783092,148.1675134
Asset,Wind Farm,Mt Challenger Wind Farm,Whitsunday,Whitsunday Asset Model,-20.265164,148.339502
Asset,Battery Energy Storage System,Gumlu Solar Farm,Whitsunday,Whitsunday Asset Model,-19.94091034,147.7157349
Asset,Solar Farm,Gumlu Solar Farm,Whitsunday,Whitsunday Asset Model,-19.89091034,147.6657349
Asset,Substation,Newlands North,Whitsunday,Whitsunday Asset Model,-20.88899868,147.7909161
Asset,Substation,Newlands,Whitsunday,Whitsunday Asset Model,-21.07143909,147.802102
Asset,Substation,Newlands,Whitsunday,Whitsunday Asset Model,-20.95657967,147.8929538
Asset,Substation,Stony Creek,Whitsunday,Whitsunday Asset Model,-21.28825,147.9421545
Asset,Feedlot,W J & V M Pownall,Isaac,Isaac Asset Model,-22.19437947,148.0308345
Asset,Solar Farm,Rugby Run Solar Farm Stage 2,Isaac,Isaac Asset Model,-22.18586379,147.9797526
Asset,Solar Farm,Rugby Run Solar Farm Stage 1,Isaac,Isaac Asset Model,-22.14060311,147.9203738
Asset,Substation,Moran Plains,Isaac,Isaac Asset Model,-22.13960656,147.919172
Asset,Substation,Moranbah South,Isaac,Isaac Asset Model,-22.06020079,147.9920743
Asset,University,Country Universities Centre - Isaac (Moranbah),Isaac,Isaac Asset Model,-22.00301919,148.0432056
Asset,Substation,Moranbah,Isaac,Isaac Asset Model,-21.98654693,148.0246703
Asset,Natural Gas Power Station,Moranbah,Isaac,Isaac Asset Model,-21.98513021,148.0246472
Asset,Substation,,Isaac,Isaac Asset Model,-21.94058563,148.1121879
Asset,Substation,Wotonga,Isaac,Isaac Asset Model,-21.93719057,148.0960453
Asset,Natural Gas Power Station,Moranbah North,Isaac,Isaac Asset Model,-21.89665526,147.9506554
Asset,Feedlot,Mal Burston Pty Ltd,Isaac,Isaac Asset Model,-21.89162999,148.167853
Asset,Substation,North Goonyella,Isaac,Isaac Asset Model,-21.65801171,147.9690791
Asset,Substation,Goonyella Riverside,Isaac,Isaac Asset Model,-21.71790773,148.023343
Asset,Wind Farm,Bowen Renewable Energy Hub (Eungella Wind Farm),Mackay,Mackay Asset Model,-21.1374,148.3452
Asset,Solar Farm,Bowen Renewable Energy Hub,Mackay,Mackay Asset Model,-20.939321,148.441109
Asset,Pumped Hydropower,Bowen Renewable Energy Hub,Mackay,Mackay Asset Model,-20.989321,148.491109
Asset,Regional Delivery Partner,Reef Catchments (Mackay Whitsunday Isaac) Limited,Mackay,Mackay Asset Model,-21.14265308,149.1796753
Asset,University,Queensland Agricultural Training Colleges - Mackay,Mackay,Mackay Asset Model,-21.14455105,149.1850544
Asset,University,CQUniversity - Mackay City,Mackay,Mackay Asset Model,-21.14646517,149.1857358
Asset,Regional Delivery Partner,QLD Department of Agriculture and Fisheries - Mackay,Mackay,Mackay Asset Model,-21.14451625,149.1902126
Asset,University,Mackay Electric Vehicle and Energy Training Centre,Mackay,Mackay Asset Model,-21.14585273,149.1858605
Asset,Substation,Mackay Ports,Mackay,Mackay Asset Model,-21.11305506,149.2095446
Asset,Fuel Depot,Mackay,Mackay,Mackay Asset Model,-21.11102676,149.2110214
Asset,Fuel Terminal,Mackay,Mackay,Mackay Asset Model,-21.11205292,149.219635
Asset,Fuel Terminal,Mackay,Mackay,Mackay Asset Model,-21.10977364,149.2203293
Asset,Fuel Terminal,Mackay,Mackay,Mackay Asset Model,-21.11103249,149.2206726
Asset,Biomass Plant,Farleigh Mill,Mackay,Mackay Asset Model,-21.09873236,149.0997816
Asset,Biomass Plant,Racecourse,Mackay,Mackay Asset Model,-21.16424115,149.1338122
Asset,Biomass Plant,Racecourse Mill,Mackay,Mackay Asset Model,-21.163451,149.1344086
Asset,University,CQUniversity - Mackay Ooralea,Mackay,Mackay Asset Model,-21.17772557,149.1420197
Asset,Battery Energy Storage System,Mackay battery,Mackay,Mackay Asset Model,-21.15123,149.150489
Asset,Fuel Depot,Paget,Mackay,Mackay Asset Model,-21.16911888,149.1619415
Asset,Regional Delivery Partner,Emerald Coaches - Mackay,Mackay,Mackay Asset Model,-21.17721907,149.1628733
Asset,Solar Farm,Paget Solar Farm,Mackay,Mackay Asset Model,-21.18937171,149.165261
Asset,Abattoir,Thomas Borthwicks & Sons,Mackay,Mackay Asset Model,-21.21255207,149.1503563
Asset,Pumped Hydropower,Pioneer-Burdekin Pumped Hydro,Mackay,Mackay Asset Model,-21.1392,148.5294
Asset,Solar Farm,Mirani Solar Farm,Mackay,Mackay Asset Model,-21.1485269,148.8287151
Asset,Biomass Plant,Marian Mill,Mackay,Mackay Asset Model,-21.14325495,148.9393106
Asset,Battery Energy Storage System,Marian South Battery,Mackay,Mackay Asset Model,-21.15186,148.9426955
Asset,Substation,Bolingbroke,Mackay,Mackay Asset Model,-21.64425608,149.1010891
Asset,Substation,Alligator Creek,Mackay,Mackay Asset Model,-21.3243155,149.1918295
Asset,Biomass Plant,Plane Creek Sugar Mill,Mackay,Mackay Asset Model,-21.428223,149.215912
Asset,Biomass Plant,Plane Creek Mill,Mackay,Mackay Asset Model,-21.42856864,149.2160893
Asset,Substation,Oonooie,Mackay,Mackay Asset Model,-21.46900093,149.2339528
Asset,Substation,Louise Creek,Mackay,Mackay Asset Model,-21.29626166,149.2692096
Asset,Hydrogen Hub,Hay Point Hydrogen Export,Mackay,Mackay Asset Model,-21.297,149.285
Asset,Wind Farm,Proserpine Wind Farm,Mackay,Mackay Asset Model,-20.9246,148.6625
Asset,Battery Energy Storage System,Proserpine Wind Farm,Mackay,Mackay Asset Model,-20.9746,148.7125
Asset,Substation,Pioneer Valley,Mackay,Mackay Asset Model,-21.159566,149.01417
Asset,Substation,Mackay,Mackay,Mackay Asset Model,-21.145111,149.15861
Asset,Natural Gas Power Station,Mackay,Mackay,Mackay Asset Model,-21.144566,149.159097
Asset,Solar Farm,Mt Challenger Solar Farm,Whitsunday,Whitsunday Asset Model,-20.315164,148.389502
Asset,Wind Farm,Rangemore Wind Farm,Whitsunday,Whitsunday Asset Model,-20.387897,148.391896
Asset,Battery Energy Storage System,Mt Challenger Battery,Whitsunday,Whitsunday Asset Model,-20.365164,148.439502
Asset,Solar Farm,Rangemore Solar Farm,Whitsunday,Whitsunday Asset Model,-20.437897,148.441896
Asset,Battery Energy Storage System,Rangemore Battery,Whitsunday,Whitsunday Asset Model,-20.487897,148.491896
Asset,Solar Farm,Kelsey Creek Solar Farm,Whitsunday,Whitsunday Asset Model,-20.3760165,148.5078682
Asset,Substation,Proserpine,Whitsunday,Whitsunday Asset Model,-20.388501,148.539783
Asset,Fuel Depot,Proserpine,Whitsunday,Whitsunday Asset Model,-20.40520096,148.5777054
Asset,Biomass Plant,Proserpine Sugar Mill,Whitsunday,Whitsunday Asset Model,-20.39854476,148.5797163
Asset,Biomass Plant,Proserpine Sugar Mill,Whitsunday,Whitsunday Asset Model,-20.39882102,148.5800426
Asset,Solar Farm,Ningi Solar Farm,Moreton Bay,Moreton Bay Asset Model,-27.08433674,153.0576377
Asset,Battery Energy Storage System,Bribie Island Battery,Moreton Bay,Moreton Bay Asset Model,-27.06333,153.15407
Asset,Fuel Depot,Caboolture,Moreton Bay,Moreton Bay Asset Model,-27.08754921,152.9805908
Asset,Fuel Depot,Caboolture,Moreton Bay,Moreton Bay Asset Model,-27.08692074,152.9809723
Asset,Substation,Caboolture,Moreton Bay,Moreton Bay Asset Model,-27.06502315,152.9632802
Asset,Abattoir,Meramist Abattoir,Moreton Bay,Moreton Bay Asset Model,-27.06740008,152.9427065
Asset,Substation,Caboolture SSQR50,Moreton Bay,Moreton Bay Asset Model,-27.06910209,152.9490186
Asset,Solar Farm,Harlin Solar farm,Somerset,Somerset Asset Model,-26.95060742,152.4154087
Asset,Abattoir,Kilcoy Global Foods,Somerset,Somerset Asset Model,-26.93577228,152.588032
Asset,Battery Energy Storage System,Morayfield Battery,Moreton Bay,Moreton Bay Asset Model,-27.13357,152.95933
Asset,Substation,Hays Inlet,Moreton Bay,Moreton Bay Asset Model,-27.220298,153.04766
Asset,Community Energy Organisation,Sustainable Dayboro,Moreton Bay,Moreton Bay Asset Model,-27.19714507,152.8229597
Asset,Substation,Griffin,Moreton Bay,Moreton Bay Asset Model,-27.27304806,153.0205905
Asset,Substation,Brendale,Moreton Bay,Moreton Bay Asset Model,-27.32578674,152.970835
Asset,Substation,South Pine,Moreton Bay,Moreton Bay Asset Model,-27.32355216,152.9700921
Asset,Regional Delivery Partner,Cape York Natural Resource Management Ltd,Cook,Cook Asset Model,-14.4414068,142.981589
Asset,Remote Power Station,Coen,Cook,Cook Asset Model,-13.94532624,143.1988709
Asset,Remote Power Station,Lockhart River,Lockhart River,Lockhart River Asset Model,-12.7860857,143.3419577
Asset,Remote Power Station,Mapoon,Mapoon,Mapoon Asset Model,-12.02140458,141.9021031
Asset,Battery Energy Storage System,Cape York Solar Storage,Cook,Cook Asset Model,-15.94785982,144.9120522
Asset,Solar Farm,Cape York Solar Storage,Cook,Cook Asset Model,-15.89785982,144.8620522
Asset,Substation,Lakeland ,Cook,Cook Asset Model,-15.87229631,144.8617268
Asset,Solar Farm,Lakeland Solar Farm,Cook,Cook Asset Model,-15.8686,144.8621
Asset,Wind Farm,Lakeland Wind Farm,Cook,Cook Asset Model,-15.81653997,144.8065898
Asset,Substation,Rossville,Cook,Cook Asset Model,-15.66803839,145.2164364
Asset,Wind Farm,Archer Point Wind Farm,Cook,Cook Asset Model,-15.58,145.31
Asset,University,Country Universities Centre - Cape York,Cook,Cook Asset Model,-15.47273721,145.2533798
Asset,Fuel Terminal,Cape Flattery,Hope Vale,Hope Vale Asset Model,-14.9559145,145.3114624
Asset,Wind Farm,Forsayth Wind Farm,Etheridge,Etheridge Asset Model,-18.60158636,143.7811734
Asset,Substation,Georgetown,Etheridge,Etheridge Asset Model,-18.32939578,143.5219369
Asset,Feedlot,William Ronnell Henry and Colleen Olive Henry,Etheridge,Etheridge Asset Model,-18.32480491,143.1731563
Asset,Solar Farm,Kidston Solar Project (Stage 2),Etheridge,Etheridge Asset Model,-18.9052,144.1312
Asset,Solar Farm,Kidston Solar Project (Stage 1),Etheridge,Etheridge Asset Model,-18.88904575,144.1426156
Asset,Wind Farm,Kidston Wind Farm,Etheridge,Etheridge Asset Model,-18.88108017,144.1494156
Asset,Substation,Kidston,Etheridge,Etheridge Asset Model,-18.8745935,144.1432605
Asset,Pumped Hydropower,Kidston Pumped Storage Project,Etheridge,Etheridge Asset Model,-18.8732,144.1559
Asset,Remote Power Station,Kowanyama,Pormpuraaw,Pormpuraaw Asset Model,-14.895968,141.6250287
Asset,Remote Power Station,Pormpuraaw,Pormpuraaw,Pormpuraaw Asset Model,-14.49899981,141.5604316
Asset,Remote Power Station,Bamaga,Northern Peninsula Area,Northern Peninsula Area Asset Model,-10.89264489,142.3946806
Asset,Feedlot,Sundown Pastoral Co Pty Ltd,Mareeba,Mareeba Asset Model,-17.96763323,144.7014884
Asset,Substation,Yalkula,Mareeba,Mareeba Asset Model,-16.69400634,145.342693
Asset,Substation,Mount Molloy,Mareeba,Mareeba Asset Model,-16.68355306,145.3322445
Asset,Renewable Energy Zone,Far North Queensland,Mareeba,Mareeba Asset Model,-16.66647113,145.3364714
Asset,Battery Energy Storage System,Desailly Renewable Energy Park,Mareeba,Mareeba Asset Model,-16.5849,145.0039
Asset,Wind Farm,Desailly Renewable Energy Park,Mareeba,Mareeba Asset Model,-16.5349,144.9539
Asset,Solar Farm,Desailly Renewable Energy Park,Mareeba,Mareeba Asset Model,-16.4849,144.9039
Asset,Feedlot,MSF Sugar Pty Ltd,Mareeba,Mareeba Asset Model,-17.05974,145.2444658
Asset,Biomass Plant,Tableland Sugar Mill,Mareeba,Mareeba Asset Model,-17.12028495,145.344384
Asset,Biomass Plant,Tableland,Mareeba,Mareeba Asset Model,-17.11929219,145.3449699
Asset,Substation,Walkamin,Mareeba,Mareeba Asset Model,-17.18495995,145.3798325
Asset,Solar Farm,Chewko Solar farm,Mareeba,Mareeba Asset Model,-17.05059548,145.3847598
Asset,Wind Farm,Mt Emerald Wind Farm,Mareeba,Mareeba Asset Model,-17.16889733,145.385747
Asset,Biomass Plant,Tableland Sugar Mill Stage 2,Mareeba,Mareeba Asset Model,-17.17028495,145.394384
Asset,Remote Power Station,"Nhurupai, Wasaga, Horn Is.",Torres,Torres Asset Model,-10.59244294,142.2499606
Asset,Fuel Terminal,Horn Island,Torres,Torres Asset Model,-10.59170437,142.2479858
Asset,Remote Power Station,Thursday Island,Torres,Torres Asset Model,-10.585,142.2206
Asset,Remote Power Station,"Waiben, Thursday Is.",Torres,Torres Asset Model,-10.58013366,142.2210704
Asset,Wind Farm,Thursday Island,Torres,Torres Asset Model,-10.5789,142.2203
Asset,Hydrogen Hub,Hydrogen Hubs Powering Remote Communities (H2H),Torres,Torres Asset Model,-10.5788889,142.22
Asset,Remote Power Station,"Kiriri, Hammond Is.",Torres Strait Island,Torres Strait Island Asset Model,-10.55449476,142.2180685
Asset,Remote Power Station,"Kubin, St Pauls, Moa Is.",Torres Strait Island,Torres Strait Island Asset Model,-10.23394583,142.219598
Asset,Remote Power Station,Warraber Is.,Torres Strait Island,Torres Strait Island Asset Model,-10.20555971,142.8255239
Asset,Remote Power Station,Badu Is.,Torres Strait Island,Torres Strait Island Asset Model,-10.15842212,142.16542
Asset,Remote Power Station,"Poruma, Coconut Is.",Torres Strait Island,Torres Strait Island Asset Model,-10.04994872,143.067624
Asset,Remote Power Station,Mabuiag Is.,Torres Strait Island,Torres Strait Island Asset Model,-9.951668137,142.1951822
Asset,Remote Power Station,"Mer, Murray Is.",Torres Strait Island,Torres Strait Island Asset Model,-9.913632546,144.0528642
Asset,Remote Power Station,"Iama, Yam Is.",Torres Strait Island,Torres Strait Island Asset Model,-9.898441717,142.7700271
Asset,Remote Power Station,"Masig, Yorke Is.",Torres Strait Island,Torres Strait Island Asset Model,-9.751077252,143.4113616
Asset,Remote Power Station,"Erub, Darnley Is.",Torres Strait Island,Torres Strait Island Asset Model,-9.594193496,143.7599167
Asset,Remote Power Station,"Ugar, Stephens Is.",Torres Strait Island,Torres Strait Island Asset Model,-9.507060785,143.5467639
Asset,Remote Power Station,Dauan Is.,Torres Strait Island,Torres Strait Island Asset Model,-9.412029687,142.5378227
Asset,Remote Power Station,Saibai Is.,Torres Strait Island,Torres Strait Island Asset Model,-9.378308822,142.6224634
Asset,Remote Power Station,Boigu Is.,Torres Strait Island,Torres Strait Island Asset Model,-9.230514121,142.2195909
Asset,Fuel Terminal,Weipa,Weipa,Weipa Asset Model,-12.66248131,141.8460999
Asset,Solar Farm,Weipa Solar Farm,Cook,Cook Asset Model,-12.6476517,141.8590739
Asset,Remote Power Station,Aurukun,Weipa,Weipa Asset Model,-12.63694396,141.8670607
Asset,Substation,Century Mine,Burke,Burke Asset Model,-18.73413313,138.6179535
Asset,Remote Power Station,Doomadgee,Doomadgee,Doomadgee Asset Model,-17.93652976,138.8310647
Asset,Remote Power Station,Burketown,Burke,Burke Asset Model,-17.73991638,139.5460363
Asset,Remote Power Station,Gununa Mornington Is.,Mornington,Mornington Asset Model,-16.66015892,139.1802258
Asset,Fuel Terminal,Karumba,Carpentaria,Carpentaria Asset Model,-17.49255943,140.8315353
Asset,Solar Farm,Normanton Solar Farm,Carpentaria,Carpentaria Asset Model,-17.68096032,141.0500048
Asset,Natural Gas Power Station,Xstata X41,Mount Isa,Mount Isa Asset Model,-20.74368854,139.4803434
Asset,Substation,X41,Mount Isa,Mount Isa Asset Model,-20.74310007,139.4811851
Asset,Substation,Duchess Road-Mt Isa,Mount Isa,Mount Isa Asset Model,-20.73956731,139.4956398
Asset,Substation,Pendine Street ,Mount Isa,Mount Isa Asset Model,-20.73283571,139.4836153
Asset,Regional Delivery Partner,Southern Gulf NRM Ltd,Mount Isa,Mount Isa Asset Model,-20.72341415,139.4940262
Asset,Solar Farm,North West Queensland Hybrid Power Project,Mount Isa,Mount Isa Asset Model,-20.7302,139.5157
Asset,University,Country Universities Centre - Mount Isa,Mount Isa,Mount Isa Asset Model,-20.7289706,139.4932738
Asset,Natural Gas Power Station,Phosphate Hill,Cloncurry,Cloncurry Asset Model,-21.88052274,139.9743916
Asset,Solar Farm,Mica Creek Solar Farm (Stage 2),Mount Isa,Mount Isa Asset Model,-20.832828,139.532773
Asset,Substation,Mica Creek C,Mount Isa,Mount Isa Asset Model,-20.77992172,139.4869108
Asset,Substation,Mica Creek B,Mount Isa,Mount Isa Asset Model,-20.77849797,139.4872825
Asset,Substation,?,Mount Isa,Mount Isa Asset Model,-20.77555866,139.4872724
Asset,Substation,Chumvale,Cloncurry,Cloncurry Asset Model,-20.71936089,140.4054689
Asset,Regional Delivery Partner,QLD Department of Agriculture and Fisheries - Cloncurry,Cloncurry,Cloncurry Asset Model,-20.70475151,140.5058391
Asset,Substation,George Fisher South Mine,Mount Isa,Mount Isa Asset Model,-20.56986539,139.4800904
Asset,Substation,George Fisher North Mine,Mount Isa,Mount Isa Asset Model,-20.54969301,139.4692645
Asset,Substation,Ernest Henry Mining,Cloncurry,Cloncurry Asset Model,-20.4411781,140.7177018
Asset,Substation,Dugald River Mine,Cloncurry,Cloncurry Asset Model,-20.254007,140.1564351
Asset,Remote Power Station,Camooweal,Mount Isa,Mount Isa Asset Model,-19.92150955,138.120052
Asset,Substation,Gunpowder Mine,Mount Isa,Mount Isa Asset Model,-19.69043953,139.3702667
Asset,Feedlot,Lorraine Pastoral Co. Pty Ltd,Cloncurry,Cloncurry Asset Model,-19.05372736,140.2040719
Asset,Natural Gas Power Station,Diamantina,Mount Isa,Mount Isa Asset Model,-20.78374958,139.4832674
Asset,Natural Gas Power Station,Leichhardt,Mount Isa,Mount Isa Asset Model,-20.78346722,139.4864195
Asset,Solar Farm,Mica Creek Solar Farm (Stage 1),Mount Isa,Mount Isa Asset Model,-20.782828,139.482773
Asset,Natural Gas Power Station,Mica Creek,Mount Isa,Mount Isa Asset Model,-20.77759916,139.4905533
Asset,Natural Gas Power Station,Cannington Mine,McKinlay,McKinlay Asset Model,-21.86013329,140.9157675
Asset,Solar Farm,Kennedy Energy Park,Flinders (Qld),Flinders (Qld) Asset Model,-20.9260537,144.3704792
Asset,Substation,Jardine Creek,Flinders (Qld),Flinders (Qld) Asset Model,-20.87273997,144.4129691
Asset,Renewable Energy Zone,Flinders,Flinders (Qld),Flinders (Qld) Asset Model,-20.85711031,144.2637587
Asset,Solar Farm,Hughenden Solar Farm,Flinders (Qld),Flinders (Qld) Asset Model,-20.85484103,144.1863504
Asset,Wind Farm,Julia Creek Renewables Project (stage 3),McKinlay,McKinlay Asset Model,-20.788581,141.969884
Asset,Wind Farm,Julia Creek Renewables Project (stage 2),McKinlay,McKinlay Asset Model,-20.756396,141.906305
Asset,Wind Farm,Julia Creek Renewables Project (stage 1),McKinlay,McKinlay Asset Model,-20.721931,141.861812
Asset,Wind Farm,Mount James Wind Farm,Flinders (Qld),Flinders (Qld) Asset Model,-20.111,144.2
Asset,Wind Farm,Kennedy Energy Park,Flinders (Qld),Flinders (Qld) Asset Model,-20.87458456,144.419213
Asset,Wind Farm,Wongalee Wind Farm,Flinders (Qld),Flinders (Qld) Asset Model,-20.622459,144.4199
Asset,Wind Farm,Prairie Wind Farm,Flinders (Qld),Flinders (Qld) Asset Model,-20.713768,144.563922
Asset,Feedlot,C R Tritton,Richmond,Richmond Asset Model,-20.59612137,142.9983161
Asset,University,Country Universities Centre - RAPAD (Blackall),Blackall Tambo,Blackall Tambo Asset Model,-24.42309843,145.4649091
Asset,Fuel Depot,Blackall Roadhouse,Blackall Tambo,Blackall Tambo Asset Model,-24.42872429,145.4748688
Asset,University,Country Universities Centre - RAPAD (Barcaldine),Barcaldine,Barcaldine Asset Model,-23.55524322,145.2873024
Asset,Natural Gas Power Station,Barcaldine (Len Wishaw),Barcaldine,Barcaldine Asset Model,-23.55245184,145.3141861
Asset,Substation,Barcaldine,Barcaldine,Barcaldine Asset Model,-23.55107429,145.3123793
Asset,Solar Farm,Barcaldine Remote Community Solar Farm,Barcaldine,Barcaldine Asset Model,-23.54708784,145.3189393
Asset,Solar Farm,Dunblane Solar Farm,Barcaldine,Barcaldine Asset Model,-23.53877543,145.2732039
Asset,Health Service,Alpha Hospital and Multipurpose Health Service,Barcaldine,Barcaldine Asset Model,-23.64919854,146.6331614
Asset,Feedlot,Forrester Grazing Company,Barcaldine,Barcaldine Asset Model,-22.89116273,146.4339577
Asset,Regional Delivery Partner,QLD Department of Agriculture and Fisheries - Charleville,Murweh,Murweh Asset Model,-26.40854426,146.2445858
Asset,Remote Power Station,Windorah,Barcoo,Barcoo Asset Model,-25.42263586,142.6557849
Asset,Solar Farm,Windorah Solar Farm,Barcoo,Barcoo Asset Model,-25.41266443,142.6607615
Asset,Remote Power Station,Jundah,Barcoo,Barcoo Asset Model,-24.82959309,143.0593648
Asset,University,Country Universities Centre - RAPAD (Jundah),Barcoo,Barcoo Asset Model,-24.83350651,143.0620695
Asset,Remote Power Station,Bedourie,Diamantina,Diamantina Asset Model,-24.3624675,139.4707119
Asset,University,Country Universities Centre - Rapad (Bedourie),Diamantina,Diamantina Asset Model,-24.35959642,139.4704008
Asset,Remote Power Station,Boulia,Boulia,Boulia Asset Model,-22.91104342,139.911991
Asset,University,Country Universities Centre - RAPAD (Boulia),Boulia,Boulia Asset Model,-22.28194722,138.7452084
Asset,University,Country Universities Centre - Rapad (Birdsville),Diamantina,Diamantina Asset Model,-25.89806721,139.3523189
Asset,Remote Power Station,Birdsville,Diamantina,Diamantina Asset Model,-25.89824214,139.3536184
Asset,University,Country Universities Centre - RAPAD (Winton),Winton,Winton Asset Model,-22.38452109,143.0362973
Asset,Fuel Refinery,Eromanga,Quilpie,Quilpie Asset Model,-26.66785184,143.2730026
Asset,Natural Gas Power Station,Ballera,Bulloo,Bulloo Asset Model,-27.39692005,141.8100796
Asset,Innovation Hub,Thargomindah Queensland Microgrid Pilot Fund - Feasibility studies,Bulloo,Bulloo Asset Model,-27.99683885,143.8219457
Asset,University,Queensland Agricultural Training Colleges - Rosebank Station,Longreach,Longreach Asset Model,-23.52068468,144.2572399
Asset,Solar Farm,Longreach Solar Farm,Longreach,Longreach Asset Model,-23.44661076,144.3590996
Asset,University,Queensland Agricultural Training Colleges - Longreach,Longreach,Longreach Asset Model,-23.44234786,144.2869481
Asset,Regional Delivery Partner,QLD Department of Agriculture and Fisheries - Longreach,Longreach,Longreach Asset Model,-23.44190071,144.2827325
Asset,Regional Delivery Partner,Desert Channels Queensland Ltd,Longreach,Longreach Asset Model,-23.44167969,144.251849
Asset,Fuel Depot,Longreach,Longreach,Longreach Asset Model,-23.4395504,144.2478867
Asset,Fuel Depot,Longreach,Longreach,Longreach Asset Model,-23.4391098,144.2483444
Asset,University,Country Universities Centre - RAPAD (Longreach),Longreach,Longreach Asset Model,-23.43788693,144.2586687
Asset,Substation,Mooloolaba,Sunshine Coast,Sunshine Coast Asset Model,-26.7089253,153.0688841
Asset,Community Energy Organisation,Sunshine Coast Community Solar Association (SCCSA),Sunshine Coast,Sunshine Coast Asset Model,-26.66057838,153.0668983
Asset,Community Energy Organisation,Zero Emissions Noosa Inc.,Noosa,Noosa Asset Model,-26.39603392,153.0894391
Asset,Regional Delivery Partner,Emerald Coaches - Noosa,Noosa,Noosa Asset Model,-26.39941211,153.0913703
Asset,Substation,Sunrise Hills,Noosa,Noosa Asset Model,-26.42293494,153.0291055
Asset,Substation,Noosaville,Noosa,Noosa Asset Model,-26.40275615,153.0688275
Asset,Substation,Beerwah,Sunshine Coast,Sunshine Coast Asset Model,-26.853715,152.9278885
Asset,Community Energy Organisation,Maleney Community Electricity,Sunshine Coast,Sunshine Coast Asset Model,-26.75816838,152.8467451
Asset,Substation,Palmwoods,Sunshine Coast,Sunshine Coast Asset Model,-26.70697037,152.9370253
Asset,Fuel Depot,Nambour,Sunshine Coast,Sunshine Coast Asset Model,-26.61657143,152.9840851
Asset,Solar Farm,Sunshine Coast Solar Farm ,Sunshine Coast,Sunshine Coast Asset Model,-26.56009333,153.025774
Asset,Regional Delivery Partner,QLD Department of Agriculture and Fisheries - Nambour,Sunshine Coast,Sunshine Coast Asset Model,-26.64271116,152.9396871
Asset,Substation,Image Flat,Sunshine Coast,Sunshine Coast Asset Model,-26.60967709,152.9467382
Asset,Substation,Nambour,Sunshine Coast,Sunshine Coast Asset Model,-26.61572408,152.9609474
Asset,Substation,Cooran,Noosa,Noosa Asset Model,-26.34485212,152.8641422
Asset,Substation,Cooroy,Noosa,Noosa Asset Model,-26.43341944,152.9231122
Asset,Feedlot,Harrow Pastoral Company Pty Ltd,Toowoomba,Toowoomba Asset Model,-27.70070593,151.8002982
Asset,Substation,Kearneys Spring,Toowoomba,Toowoomba Asset Model,-27.61345637,151.9378978
Asset,Substation,South Toowoomba,Toowoomba,Toowoomba Asset Model,-27.584802,151.9429891
Asset,Substation,Middle Ridge 110,Toowoomba,Toowoomba Asset Model,-27.62229852,151.9436717
Asset,Substation,Middle Ridge,Toowoomba,Toowoomba Asset Model,-27.6229838,151.9465189
Asset,Fuel Depot,Toowoomba,Toowoomba,Toowoomba Asset Model,-27.57964897,151.9214783
Asset,Fuel Depot,Toowoomba,Toowoomba,Toowoomba Asset Model,-27.57896996,151.9218521
Asset,Substation,Gatton,Lockyer Valley,Lockyer Valley Asset Model,-27.53673952,152.2779056
Asset,University,Queensland Agricultural Training Colleges - Gatton,Lockyer Valley,Lockyer Valley Asset Model,-27.55445147,152.3342366
Asset,Solar Farm,Gatton Solar Research Facility,Lockyer Valley,Lockyer Valley Asset Model,-27.5591,152.3419
Asset,Battery Energy Storage System,Kleinton Battery,Toowoomba,Toowoomba Asset Model,-27.43178,151.9341
Asset,Substation,Postmans Ridge,Lockyer Valley,Lockyer Valley Asset Model,-27.53336017,152.0663083
Asset,Abattoir,Stanbroke Abattoir,Lockyer Valley,Lockyer Valley Asset Model,-27.58896134,152.1755922
Asset,Battery Energy Storage System,Lockyer Energy Project,Lockyer Valley,Lockyer Valley Asset Model,-27.5359,152.27634
Asset,Regional Delivery Partner,Southern Queensland Natural Resources,Toowoomba,Toowoomba Asset Model,-27.56009725,151.9453013
Asset,Substation,Toowoomba Central,Toowoomba,Toowoomba Asset Model,-27.56221086,151.9505305
Asset,Community Energy Organisation,Toowoomba Renew,Toowoomba,Toowoomba Asset Model,-27.56773339,151.9527874
Asset,Regional Delivery Partner,Woods Group - Toowoomba,Toowoomba,Toowoomba Asset Model,-27.61215509,151.8085937
Asset,Major Project,Hub for sustainable products - Re-manufacture agricultural and industry waste to produce products that are currently not produced in Queensland,Toowoomba,Toowoomba Asset Model,-27.53577385,151.8434411
Asset,Regional Delivery Partner,Woods Group - Toowoomba,Toowoomba,Toowoomba Asset Model,-27.54915817,151.895472
Asset,Substation,Torrington,Toowoomba,Toowoomba Asset Model,-27.5563545,151.899565
Asset,Battery Energy Storage System,Torrington Battery,Toowoomba,Toowoomba Asset Model,-27.55635,151.90022
Asset,Regional Delivery Partner,QLD Department of Agriculture and Fisheries - Toowoomba,Toowoomba,Toowoomba Asset Model,-27.5350125,151.9317522
Asset,Fuel Depot,Toowoomba,Toowoomba,Toowoomba Asset Model,-27.54960632,151.9054947
Asset,University,Queensland Agricultural Training Colleges - Ayr,Burdekin,Burdekin Asset Model,-19.61898517,147.3788691
Asset,Fuel Depot,Ayr,Burdekin,Burdekin Asset Model,-19.57136154,147.3939362
Asset,Fuel Depot,Ayr,Burdekin,Burdekin Asset Model,-19.57129669,147.4022141
Asset,Solar Farm,Haughton Solar Farm (stage 2),Burdekin,Burdekin Asset Model,-19.757894,147.0245
Asset,Battery Energy Storage System,Haughton Solar Farm (Stage 1),Burdekin,Burdekin Asset Model,-19.74499727,147.0364136
Asset,Solar Farm,Haughton Solar Farm (Stage 1),Burdekin,Burdekin Asset Model,-19.744994,147.049473
Asset,Battery Energy Storage System,Haughton Solar Farm (stage 2),Burdekin,Burdekin Asset Model,-19.79499727,147.0864136
Asset,Biomass Plant,Invicta,Burdekin,Burdekin Asset Model,-19.51722271,147.1064752
Asset,Biomass Plant,Invicta Sugar Mill,Burdekin,Burdekin Asset Model,-19.516697,147.106526
Asset,Substation,Invicta Mill,Burdekin,Burdekin Asset Model,-19.51722485,147.1074488
Asset,Solar Farm,Burdekin Solar Farm,Burdekin,Burdekin Asset Model,-19.87926258,147.1612685
Asset,Solar Farm,Clare Solar Farm,Burdekin,Burdekin Asset Model,-19.83977039,147.210542
Asset,Battery Energy Storage System,Burdekin Solar Farm,Burdekin,Burdekin Asset Model,-19.92926258,147.2112685
Asset,Substation,Clare South,Burdekin,Burdekin Asset Model,-19.83836553,147.2121933
Asset,Substation,Clare,Burdekin,Burdekin Asset Model,-19.90614728,147.234059
Asset,Feedlot,Kelly Lund,Burdekin,Burdekin Asset Model,-19.80105984,147.3001522
Asset,Biomass Plant,Pioneer,Burdekin,Burdekin Asset Model,-19.55771467,147.3306817
Asset,Biomass Plant,Pioneer Sugar Mill,Burdekin,Burdekin Asset Model,-19.557465,147.330801
Asset,Biomass Plant,Inkerman Sugar Mill,Burdekin,Burdekin Asset Model,-19.642155,147.401591
Asset,Biomass Plant,Inkerman Mill,Burdekin,Burdekin Asset Model,-19.64373778,147.4018809
Asset,Regional Delivery Partner,Woods Group - Home Hill,Burdekin,Burdekin Asset Model,-19.66397444,147.4139837
Asset,Biomass Plant,Kalamia Sugar Mill,Burdekin,Burdekin Asset Model,-19.522339,147.415237
Asset,Biomass Plant,Kalamia Mill,Burdekin,Burdekin Asset Model,-19.52273497,147.4153977
Asset,Solar Farm,Koberinga Solar Farm,Burdekin,Burdekin Asset Model,-19.82776169,147.5238786
Asset,Substation,Millchester,Charters Towers,Charters Towers Asset Model,-20.10156569,146.2802824
Asset,Fuel Depot,Charters Towers,Charters Towers,Charters Towers Asset Model,-20.07795049,146.2683474
Asset,Regional Delivery Partner,QLD Department of Agriculture and Fisheries - Charters Towers,Charters Towers,Charters Towers Asset Model,-20.05743546,146.2633379
Asset,Substation,Cape River East,Charters Towers,Charters Towers Asset Model,-20.47568291,145.4683564
Asset,Feedlot,Peter and Suzanne Hammer,Charters Towers,Charters Towers Asset Model,-19.92712825,146.263895
Asset,Feedlot,LLSG Holdings Pty Ltd,Charters Towers,Charters Towers Asset Model,-19.78104086,146.0337908
Asset,Solar Farm,Yabulu Solar Farm,Charters Towers,Charters Towers Asset Model,-19.21723,145.690915
Asset,Wind Farm,Upper Burdekin Wind Farm,Charters Towers,Charters Towers Asset Model,-18.75032,145.626171
Asset,Solar Farm,Freedom Energy One,Charters Towers,Charters Towers Asset Model,-19.34,146.12
Asset,Battery Energy Storage System,Yabulu Battery,Charters Towers,Charters Towers Asset Model,-19.2228,145.6048
Asset,Feedlot,Claver William Kenny,Charters Towers,Charters Towers Asset Model,-21.28222241,146.8138585
Asset,Pumped Hydropower,Burdekin Hydro,Charters Towers,Charters Towers Asset Model,-20.457509,146.955014
Asset,Feedlot,Blackspur Pty Ltd,Charters Towers,Charters Towers Asset Model,-20.39382854,147.1456774
Asset,Fuel Depot,Ingham,Hinchinbrook,Hinchinbrook Asset Model,-18.670578,146.1517563
Asset,Substation,Ingham South,Hinchinbrook,Hinchinbrook Asset Model,-18.6648335,146.15603
Asset,Battery Energy Storage System,Mount Fox Battery,Hinchinbrook,Hinchinbrook Asset Model,-18.858,145.84368
Asset,Wind Farm,Mount Fox Wind Farm,Hinchinbrook,Hinchinbrook Asset Model,-18.84876,145.885303
Asset,Biomass Plant,Victoria Sugar Mill,Hinchinbrook,Hinchinbrook Asset Model,-18.650804,146.201627
Asset,Biomass Plant,Victoria Mill,Hinchinbrook,Hinchinbrook Asset Model,-18.6504999,146.2023608
Asset,Biomass Plant,Macknade Sugar Mill,Hinchinbrook,Hinchinbrook Asset Model,-18.589043,146.257961
Asset,Biomass Plant,Macknade Mill,Hinchinbrook,Hinchinbrook Asset Model,-18.58874255,146.2583357
Asset,Remote Power Station,Palm Island,Palm Island,Palm Island Asset Model,-18.73450758,146.5797703
Asset,Substation,Aitkenvale,Townsville,Townsville Asset Model,-19.29891643,146.7712297
Asset,Solar Farm,Townsville RSL Stadium Solar Array,Townsville,Townsville Asset Model,-19.30786103,146.8010543
Asset,Solar Farm,Springvale Renewable Project,Townsville,Townsville Asset Model,-19.311011,146.678497
Asset,Battery Energy Storage System,Bohle Plains Battery,Townsville,Townsville Asset Model,-19.29884,146.69271
Asset,Substation,Rasmussen,Townsville,Townsville Asset Model,-19.36377447,146.7202352
Asset,Battery Energy Storage System,Rasmussen Battery,Townsville,Townsville Asset Model,-19.36372,146.72013
Asset,Battery Energy Storage System,Springvale Renewable Project,Townsville,Townsville Asset Model,-19.361011,146.728497
Asset,Substation,Dan Gleeson,Townsville,Townsville Asset Model,-19.32044616,146.7179527
Asset,Substation,Cranbrook,Townsville,Townsville Asset Model,-19.31148234,146.7473907
Asset,Fuel Depot,Garbutt,Townsville,Townsville Asset Model,-19.26706505,146.7681274
Asset,Regional Delivery Partner,QLD Department of Agriculture and Fisheries - Townsville,Townsville,Townsville Asset Model,-19.267243,146.7713
Asset,Substation,Garbutt,Townsville,Townsville Asset Model,-19.26905611,146.7781712
Asset,Substation,Hermit Park,Townsville,Townsville Asset Model,-19.280025,146.8003155
Asset,Solar Farm,Ross River Solar Farm,Townsville,Townsville Asset Model,-19.4261522,146.7154156
Asset,Substation,Ross,Townsville,Townsville Asset Model,-19.404489,146.726602
Asset,Substation,Bohle,Townsville,Townsville Asset Model,-19.2643815,146.7079785
Asset,Substation,Alan Sherriff,Townsville,Townsville Asset Model,-19.28650813,146.7476528
Asset,Solar Farm,Rollingstone Solar Farm,Townsville,Townsville Asset Model,-19.00312676,146.3698335
Asset,Solar Farm,Bluewater Solar Farm,Townsville,Townsville Asset Model,-19.14303841,146.4885954
Asset,Battery Energy Storage System,Bluewater Solar Farm,Townsville,Townsville Asset Model,-19.19303841,146.5385954
Asset,Substation,Yabulu South,Townsville,Townsville Asset Model,-19.25107877,146.5745957
Asset,Fuel Refinery,Yabulu Nickel Refinery,Townsville,Townsville Asset Model,-19.20420377,146.6118973
Asset,Natural Gas Power Station,Townsville ,Townsville,Townsville Asset Model,-19.201056,146.618707
Asset,Substation,Townsville ,Townsville,Townsville Asset Model,-19.20153473,146.6189928
Asset,Substation,Townsville,Townsville,Townsville Asset Model,-19.20009534,146.6194231
Asset,Fuel Terminal,Townsville,Townsville,Townsville Asset Model,-19.26220894,146.8313293
Asset,Fuel Terminal,Townsville,Townsville,Townsville Asset Model,-19.25733948,146.8317032
Asset,Substation,Townsville Port,Townsville,Townsville Asset Model,-19.26023652,146.8328519
Asset,Substation,Townsville East,Townsville,Townsville Asset Model,-19.261779,146.8337675
Asset,Fuel Terminal,Townsville,Townsville,Townsville Asset Model,-19.25536919,146.834198
Asset,Feedlot,WOODSTOCK PASTORAL SERVICES Pty Ltd,Townsville,Townsville Asset Model,-19.67158659,146.8259657
Asset,Industrial Precinct,Lansdown Eco-Industrial Precinct,Townsville,Townsville Asset Model,-19.63131181,146.8345268
Asset,Hydrogen Hub,Edify Green Hydrogen Project,Townsville,Townsville Asset Model,-19.6299231,146.8143332
Asset,Solar Farm,Majors Creek Solar Project,Townsville,Townsville Asset Model,-19.58411047,146.8611872
Asset,Substation,Townsville South,Townsville,Townsville Asset Model,-19.35111744,146.8529699
Asset,Feedlot,David Richard Vivian Cox,Townsville,Townsville Asset Model,-19.70046911,146.9906373
Asset,University,CQUniversity - Townsville,Townsville,Townsville Asset Model,-19.26600209,146.8118056
Asset,Substation,Neil Smith,Townsville,Townsville Asset Model,-19.261259,146.8134905
Asset,Regional Delivery Partner,NQ Dry Tropics,Townsville,Townsville Asset Model,-19.25637522,146.815296
Asset,Hydrogen Hub,Green Hydrogen Export Project,Townsville,Townsville Asset Model,-19.258479,146.816331
Asset,Substation,Stuart,Townsville,Townsville Asset Model,-19.3446178,146.848154
Asset,Fossil Fuel Power Station,Mount Stuart,Townsville,Townsville Asset Model,-19.33799835,146.8511705
Asset,Substation,Townsville Zinc,Townsville,Townsville Asset Model,-19.33545611,146.8884966
Asset,Hydrogen Hub,Hydrogen Mobility Project,Townsville,Townsville Asset Model,-19.3337514,146.8336711
Asset,Abattoir,JBS Australia Townsville,Townsville,Townsville Asset Model,-19.33363974,146.8546667
Asset,Hydrogen Hub,SunHQ Hydrogen Hub,Townsville,Townsville Asset Model,-19.332736,146.891269
Asset,Solar Farm,Sun Metals Solar Farm,Townsville,Townsville Asset Model,-19.33207226,146.8745609
Asset,Substation,Oonoonba,Townsville,Townsville Asset Model,-19.30639038,146.8238211
Asset,Major Project,Production of Battery Grade Ferrous Chloride,Townsville,Townsville Asset Model,-19.29303963,146.8511835
Asset,Battery Energy Storage System,Black River Battery,Townsville,Townsville Asset Model,-19.23246,146.6529
Asset,Substation,Black River,Townsville,Townsville Asset Model,-19.23297683,146.6533193
Asset,Solar Farm,Three Chain Solar Farm (Stage 1),Bundaberg,Bundaberg Asset Model,-24.90394187,152.4342629
Asset,Solar Farm,Innes Park Solar Farm,Bundaberg,Bundaberg Asset Model,-24.88208631,152.4542424
Asset,Battery Energy Storage System,Bargara Battery,Bundaberg,Bundaberg Asset Model,-24.86649,152.4454
Asset,University,Queensland Agricultural Training Colleges - Bundaburg,Bundaberg,Bundaberg Asset Model,-24.85034718,152.3999898
Asset,Regional Delivery Partner,Burnett Mary Regional Group for Natural Resource Management Ltd.,Bundaberg,Bundaberg Asset Model,-24.83152295,152.4671813
Asset,Fuel Terminal,Bundaberg,Bundaberg,Bundaberg Asset Model,-24.76913166,152.3836517
Asset,Solar Farm,Childers Solar Farm (DDN),Bundaberg,Bundaberg Asset Model,-24.92267447,152.2928325
Asset,Substation,Bundaberg,Bundaberg,Bundaberg Asset Model,-24.9171415,152.299799
Asset,University,CQUniversity - Bundaberg,Bundaberg,Bundaberg Asset Model,-24.89962003,152.3122927
Asset,Fuel Depot,Bundaberg,Bundaberg,Bundaberg Asset Model,-24.85941696,152.3679504
Asset,Fuel Depot,Bundaberg,Bundaberg,Bundaberg Asset Model,-24.85532188,152.3704605
Asset,Biomass Plant,Millaquin Sugar Mill,Bundaberg,Bundaberg Asset Model,-24.86020064,152.35201
Asset,Solar Farm,Bundaberg Solar Farm (Denzo),Bundaberg,Bundaberg Asset Model,-24.832573,152.330761
Asset,Solar Farm,Bullyard Solar Farm,Bundaberg,Bundaberg Asset Model,-24.9392444,152.0800028
Asset,Biomass Plant,Bingera Sugar Mill,Bundaberg,Bundaberg Asset Model,-24.92948446,152.1990265
Asset,Feedlot,J C & F G Land Pty Ltd,Bundaberg,Bundaberg Asset Model,-24.82784829,152.1708839
Asset,Solar Farm,Three Chain Solar Farm (Stage 2),Bundaberg,Bundaberg Asset Model,-24.95394187,152.4842629
Asset,Substation,Clayton,Bundaberg,Bundaberg Asset Model,-24.939046,152.366053
Asset,Solar Farm,Childers Solar Farm,Bundaberg,Bundaberg Asset Model,-25.30518253,152.4027074
Asset,Substation,Isis,Bundaberg,Bundaberg Asset Model,-25.2551795,152.3666995
Asset,Solar Farm,Banksia Solar Farm,Bundaberg,Bundaberg Asset Model,-25.242041,152.368025
Asset,Biomass Plant,Isis Central Sugar Mill,Bundaberg,Bundaberg Asset Model,-25.19428211,152.2070885
Asset,Regional Delivery Partner,QLD Department of Agriculture and Fisheries - Bundaberg,Bundaberg,Bundaberg Asset Model,-24.88615415,152.3266784
Asset,Feedlot,Paul Hatton,North Burnett,North Burnett Asset Model,-25.749666,150.9391448
Asset,Feedlot,Carly Augustine,North Burnett,North Burnett Asset Model,-25.70912368,151.1915075
Asset,Feedlot,B R & V C Hutchinson,North Burnett,North Burnett Asset Model,-25.68694511,151.1859414
Asset,Battery Energy Storage System,Mundubbera Battery,North Burnett,North Burnett Asset Model,-25.57673,151.31216
Asset,Regional Delivery Partner,QLD Department of Agriculture and Fisheries - Gayndah,North Burnett,North Burnett Asset Model,-25.62515606,151.6091176
Asset,Wind Farm,Stony Creek Wind Farm,North Burnett,North Burnett Asset Model,-25.4928,151.8991
Asset,Feedlot,Gibbs Enterprises (QLD) Pty Ltd,North Burnett,North Burnett Asset Model,-25.47603155,151.9578889
Asset,Abattoir,Biggenden Meat Works,North Burnett,North Burnett Asset Model,-25.47533551,152.0541567
Asset,Pumped Hydropower,Paradise Dam Mini Hydro,North Burnett,North Burnett Asset Model,-25.353,151.923
Asset,Solar Farm,Bundaberg Solar Farm,Bundaberg,Bundaberg Asset Model,-24.93756324,152.013456
Asset,Substation,Gin Gin,Bundaberg,Bundaberg Asset Model,-24.901506,151.81927
Asset,Major Project,Kingaroy Water for Growth,South Burnett,South Burnett Asset Model,-26.5503956,151.8191152
Asset,Major Project,High tech conversion of nut waste to high value consumer and industrial products,South Burnett,South Burnett Asset Model,-26.53271992,151.8348178
Asset,Fuel Depot,Kingaroy,South Burnett,South Burnett Asset Model,-26.55733033,151.8372365
Asset,Fuel Depot,Caltex,South Burnett,South Burnett Asset Model,-26.55743027,151.8377838
Asset,Major Project,Keratin Production from Pig Hair,South Burnett,South Burnett Asset Model,-26.54319547,151.8591643
Asset,Major Project,CO2 Generation from Boiler Flue Exhaust,South Burnett,South Burnett Asset Model,-26.54301468,151.8593061
Asset,Solar Farm,Kingaroy Solar Farm,South Burnett,South Burnett Asset Model,-26.53842167,151.8814318
Asset,Feedlot,Mother Duck (Bellbowrie) Pty Ltd,South Burnett,South Burnett Asset Model,-26.30969861,151.719443
Asset,Feedlot,KJAL Pastoral,South Burnett,South Burnett Asset Model,-26.31476919,151.7601782
Asset,Fuel Depot,Wondai,South Burnett,South Burnett Asset Model,-26.31985855,151.8678284
Asset,Major Project,Parkside Biofuel Briquette and Pellet Project,South Burnett,South Burnett Asset Model,-26.3172605,151.8778306
Asset,Feedlot,Smithfield Services Pty Ltd,South Burnett,South Burnett Asset Model,-26.15783591,151.5552791
Asset,Feedlot,D & M Hiron,South Burnett,South Burnett Asset Model,-26.12020855,151.7966286
Asset,Feedlot,BW and GJ Smith,South Burnett,South Burnett Asset Model,-26.11038223,151.6630743
Asset,Feedlot,Ian Anthony Newson,South Burnett,South Burnett Asset Model,-26.05577295,151.8108567
Asset,Feedlot,Selwyn Richard Maller,South Burnett,South Burnett Asset Model,-26.0436576,151.8036313
Asset,Feedlot,Barron Pastoral Qld Pty Ltd,South Burnett,South Burnett Asset Model,-26.58178812,151.7495469
Asset,Regional Delivery Partner,QLD Department of Agriculture and Fisheries - Kingaroy Research Station,South Burnett,South Burnett Asset Model,-26.57903891,151.833931
Asset,Feedlot,R E Black & Co.,South Burnett,South Burnett Asset Model,-26.67857979,151.8473301
Asset,Feedlot,G D & V R Black,South Burnett,South Burnett Asset Model,-26.60023842,151.9113031
Asset,Wind Farm,Coopers Gap Wind Farm,South Burnett,South Burnett Asset Model,-26.7113224,151.4181876
Asset,Feedlot,GREYSTONLEA Pty Ltd,South Burnett,South Burnett Asset Model,-26.57415387,151.4360922
Asset,Substation,Coopers Gap,South Burnett,South Burnett Asset Model,-26.73469924,151.4744309
Asset,Renewable Energy Zone,Western Downs,South Burnett,South Burnett Asset Model,-26.72130139,151.4810734
Asset,Wind Farm,Tarong West Wind Farm,South Burnett,South Burnett Asset Model,-26.575574,151.512797
Asset,Wind Farm,Kingaroy Wind Farm,South Burnett,South Burnett Asset Model,-26.61446184,151.535588
Asset,Renewable Energy Zone,Tarong,South Burnett,South Burnett Asset Model,-26.74386513,151.5760663
Asset,Battery Energy Storage System,Kingaroy BESS,South Burnett,South Burnett Asset Model,-26.66446184,151.585588
Asset,Feedlot,James Allan Crawford & Nikki Louise Hansen,South Burnett,South Burnett Asset Model,-26.59499976,151.5996674
Asset,Feedlot,Stuart Jeffrey Hamilton and Joy Margaret Hamilton,North Burnett,North Burnett Asset Model,-25.48674887,150.8016989
Asset,Feedlot,J D Hamilton,North Burnett,North Burnett Asset Model,-25.46552044,151.020339
Asset,Feedlot,Scott James Hutson,North Burnett,North Burnett Asset Model,-25.12371811,150.7696331
Asset,Feedlot,Dale and Stephanie Olive,North Burnett,North Burnett Asset Model,-24.93619441,151.1245393
Asset,Feedlot,S B Dowling,North Burnett,North Burnett Asset Model,-24.89652301,151.1074251
Asset,University,Queensland Agricultural Training Colleges - Narayen,North Burnett,North Burnett Asset Model,-25.68685841,150.869938
Asset,Wind Farm,Kariboe Wind Farm,North Burnett,North Burnett Asset Model,-24.5664,150.8917
Asset,Substation,Halys,South Burnett,South Burnett Asset Model,-26.77070756,151.7115293
Asset,Feedlot,Andrew Ranald Winks,South Burnett,South Burnett Asset Model,-26.84252148,151.7268893
Asset,Feedlot,K P Cramp,South Burnett,South Burnett Asset Model,-26.74738867,151.7964283
Asset,Solar Farm,Tumuruu Solar Farm,South Burnett,South Burnett Asset Model,-26.833892,152.104385
Asset,Battery Energy Storage System,Southern REZ Battery,South Burnett,South Burnett Asset Model,-26.78728,151.906353
Asset,Substation,Tarong,South Burnett,South Burnett Asset Model,-26.7866435,151.9065315
Asset,Fossil Fuel Power Station,Tarong,South Burnett,South Burnett Asset Model,-26.7865,151.9141
Asset,Fossil Fuel Power Station,Tarong North,South Burnett,South Burnett Asset Model,-26.77576259,151.9146017
Asset,Battery Energy Storage System,Tarong Battery,South Burnett,South Burnett Asset Model,-26.7814,151.915
Asset,Fossil Fuel Power Station,Tarong,South Burnett,South Burnett Asset Model,-26.78235751,151.9152732
Asset,Fossil Fuel Power Station,Tarong,South Burnett,South Burnett Asset Model,-26.785767,151.917164
Asset,Feedlot,R C H  & P R A & G R H Brown,South Burnett,South Burnett Asset Model,-26.43977104,151.9530767
Asset,Biomass Plant,Gympie Coffee Manufacturing,Gympie,Gympie Asset Model,-26.18256158,152.6469733
Asset,Regional Delivery Partner,QLD Department of Agriculture and Fisheries - Gympie,Gympie,Gympie Asset Model,-26.17800578,152.664591
Asset,Biomass Plant,Suncoast Gold Macadamias,Gympie,Gympie Asset Model,-26.19,152.665
Asset,Fuel Depot,Gympie,Gympie,Gympie Asset Model,-26.1754055,152.6776047
Asset,Substation,Gympie,Gympie,Gympie Asset Model,-26.19633834,152.6815531
Asset,Biomass Plant,Suncoast Gold Macadamia,Gympie,Gympie Asset Model,-26.226125,152.698102
Asset,Pumped Hydropower,Borumba Dam,Gympie,Gympie Asset Model,-26.5066,152.583286
Asset,Abattoir,Nolan Meats,Gympie,Gympie Asset Model,-26.19948403,152.6995139
Asset,Substation,Traveston,Gympie,Gympie Asset Model,-26.31804537,152.7776922
Asset,Feedlot,J McMillan Investments Pty Ltd,Gympie,Gympie Asset Model,-26.12278557,152.1384188
Asset,Feedlot,J W & E R & J K Cotter,Gympie,Gympie Asset Model,-26.22880473,152.1633194
Asset,Feedlot,Nolan Meats Pty Ltd,Gympie,Gympie Asset Model,-26.14754045,152.1787895
Asset,Feedlot,Saxby Feedlot Pty Ltd,Gympie,Gympie Asset Model,-26.24104697,152.2123975
Asset,Substation,Woolooga 132,Gympie,Gympie Asset Model,-26.0901556,152.4411309
Asset,Substation,Woolooga 275,Gympie,Gympie Asset Model,-26.089696,152.4383545
Asset,Battery Energy Storage System,Woolooga Battery,Gympie,Gympie Asset Model,-26.08650576,152.4452732
Asset,Feedlot,R J Maudsley,Gympie,Gympie Asset Model,-26.08172832,152.0303314
Asset,Substation,Kilkivan,Gympie,Gympie Asset Model,-26.08119976,152.2585255
Asset,Solar Farm,Woolooga North Solar Farm,Gympie,Gympie Asset Model,-26.07583965,152.440127
Asset,Renewable Energy Zone,Woolooga,Gympie,Gympie Asset Model,-26.06683286,152.4441399
Asset,Feedlot,R J Maudsley,Gympie,Gympie Asset Model,-26.06151335,152.0330263
Asset,Feedlot,Gowanlock Pastoral Co Pty Ltd,Gympie,Gympie Asset Model,-25.99146691,151.9929184
Asset,Solar Farm,Woolooga South Solar Farm,Gympie,Gympie Asset Model,-26.1119,152.433158
Asset,Solar Farm,Lower Wonga Solar Farm,Gympie,Gympie Asset Model,-26.09877951,152.4497502
Asset,Battery Energy Storage System,Lower Wonga BESS,Gympie,Gympie Asset Model,-26.09899438,152.4508727
Asset,Solar Farm,Fraser Coast Community Solar Farm,Fraser Coast,Fraser Coast Asset Model,-25.3183986,152.7901683
Asset,Fuel Depot,Nikenbah,Fraser Coast,Fraser Coast Asset Model,-25.31785584,152.8044662
Asset,Battery Energy Storage System,Torquay Battery,Fraser Coast,Fraser Coast Asset Model,-25.29376,152.87692
Asset,Battery Energy Storage System,Susan River BESS,Fraser Coast,Fraser Coast Asset Model,-25.42493147,152.7455326
Asset,Solar Farm,Susan River Solar Farm,Fraser Coast,Fraser Coast Asset Model,-25.41931799,152.7416502
Asset,Battery Energy Storage System,Childers BESS,Fraser Coast,Fraser Coast Asset Model,-25.35518253,152.4527074
Asset,Battery Energy Storage System,Howard Battery,Fraser Coast,Fraser Coast Asset Model,-25.32239,152.57545
Asset,Biomass Plant,Maryborough Sugar Factory,Fraser Coast,Fraser Coast Asset Model,-25.54768524,152.7170575
Asset,Biomass Plant,Maryborough,Fraser Coast,Fraser Coast Asset Model,-25.54758801,152.7170961
Asset,Fuel Depot,Maryborough,Fraser Coast,Fraser Coast Asset Model,-25.54468346,152.7109528
Asset,Regional Delivery Partner,QLD Department of Agriculture and Fisheries - Maryborough,Fraser Coast,Fraser Coast Asset Model,-25.539296,152.6993331
Asset,Substation,Maryborough,Fraser Coast,Fraser Coast Asset Model,-25.49830738,152.6673399
Asset,Solar Farm,Munna Creek Solar Farm,Fraser Coast,Fraser Coast Asset Model,-25.87781183,152.4356913
Asset,Wind Farm,Forest Wind Farm,Fraser Coast,Fraser Coast Asset Model,-25.800837,152.797592
Asset,Substation,Teebar Creek,Fraser Coast,Fraser Coast Asset Model,-25.69054123,152.2475761
Asset,Substation,Mungar,Fraser Coast,Fraser Coast Asset Model,-25.59866278,152.593886
Asset,Solar Farm,Aramara Solar farm,Fraser Coast,Fraser Coast Asset Model,-25.57125645,152.3292771
Asset,Substation,Aramara,Fraser Coast,Fraser Coast Asset Model,-25.51095804,152.3490329
Asset,Substation,Whitmore Square,Adelaide,Adelaide Asset Model,-34.93221422,138.595326
Asset,Community Energy Organisation,Electrify Adelaide,Adelaide,Adelaide Asset Model,-34.92846834,138.6007567
Asset,Substation,East Terrace,Adelaide,Adelaide Asset Model,-34.92457825,138.6103277
Asset,Community Energy Organisation,Community Energy Action South Australia,Adelaide,Adelaide Asset Model,-34.90852742,138.5783657
Asset,Community Energy Organisation,Citizens Own Renewable Energy Network Australia (CORENA),Adelaide,Adelaide Asset Model,-34.90211177,138.6092566
Asset,Substation,Millbrook,Adelaide Hills,Adelaide Hills Asset Model,-34.83360852,138.8063628
Asset,Substation,Angas Creek,Adelaide Hills,Adelaide Hills Asset Model,-34.847306,138.936869
Asset,Substation,Harndorf,Mount Barker,Mount Barker Asset Model,-35.0435803,138.8129851
Asset,Substation,Balhannah,Adelaide Hills,Adelaide Hills Asset Model,-34.99688287,138.8199644
Asset,Substation,Mount Barker South,Mount Barker,Mount Barker Asset Model,-35.08475004,138.8486071
Asset,Substation,Mount Barker,Mount Barker,Mount Barker Asset Model,-35.079285,138.852368
Asset,Regional Delivery Partner,Hills and Fleurieu Landscape Board,Mount Barker,Mount Barker Asset Model,-35.06816979,138.8590964
Asset,Fuel Depot,Littlehampton,Mount Barker,Mount Barker Asset Model,-35.05511093,138.8598175
Asset,Substation,Meadows,Mount Barker,Mount Barker Asset Model,-35.17180376,138.7692966
Asset,Substation,Kanmantoo Mine,Mount Barker,Mount Barker Asset Model,-35.0961086,139.0127654
Asset,Substation,Murray Bridge-Hahndorf No 3,Mount Barker,Mount Barker Asset Model,-35.05703487,139.0164607
Asset,Community Energy Organisation,Imagine Uraidla,Adelaide Hills,Adelaide Hills Asset Model,-34.95841335,138.7275776
Asset,Substation,Magill,Campbelltown (SA),Campbelltown (SA) Asset Model,-34.91080382,138.6820177
Asset,Substation,Prospect,Prospect,Prospect Asset Model,-34.88043697,138.5847888
Asset,Solar Farm,Adelaide Showgrounds Solar Farm,Unley,Unley Asset Model,-34.94528525,138.5881935
Asset,University,CQUniversity - Adelaide,Unley,Unley Asset Model,-34.94221859,138.5908063
Asset,Community Energy Organisation,Sustainable Communities SA,Unley,Unley Asset Model,-34.95024332,138.607429
Asset,Fossil Fuel Power Station,Amcor Gawler,Light,Light Asset Model,-34.550857,138.765864
Asset,Substation,Roseworthy,Light,Light Asset Model,-34.54870596,138.7610555
Asset,Fuel Depot,Roseworthy,Light,Light Asset Model,-34.53355114,138.7568254
Asset,Substation,Munno Para,Playford,Playford Asset Model,-34.653165,138.6997234
Asset,Substation,Para,Playford,Playford Asset Model,-34.735692,138.711882
Asset,Substation,Kilburn,Port Adelaide Enfield,Port Adelaide Enfield Asset Model,-34.84752325,138.5806041
Asset,Substation,Dry Creek,Port Adelaide Enfield,Port Adelaide Enfield Asset Model,-34.84808251,138.5817415
Asset,Natural Gas Power Station,Dry Creek,Port Adelaide Enfield,Port Adelaide Enfield Asset Model,-34.847463,138.581758
Asset,Substation,Kilburn South,Port Adelaide Enfield,Port Adelaide Enfield Asset Model,-34.86519302,138.5858179
Asset,Substation,Clearview,Port Adelaide Enfield,Port Adelaide Enfield Asset Model,-34.86044456,138.6105131
Asset,Substation,Hillcrest,Port Adelaide Enfield,Port Adelaide Enfield Asset Model,-34.86184126,138.6481636
Asset,Substation,Northfield,Port Adelaide Enfield,Port Adelaide Enfield Asset Model,-34.8475135,138.633938
Asset,Substation,Ingle Farm,Salisbury,Salisbury Asset Model,-34.82143033,138.6513206
Asset,Substation,Parafield Gardens West,Salisbury,Salisbury Asset Model,-34.77686665,138.598236
Asset,Hydrogen Hub,Green Hydrogen and Battery Energy Storage System,Salisbury,Salisbury Asset Model,-34.767509,138.593112
Asset,Fuel Depot,Cavan,Salisbury,Salisbury Asset Model,-34.8257103,138.6024017
Asset,Biogas Plant,Highbury,Tea Tree Gully,Tea Tree Gully Asset Model,-34.84902902,138.7202836
Asset,Substation,Holden Hill,Tea Tree Gully,Tea Tree Gully Asset Model,-34.84542828,138.6717566
Asset,Pumped Hydropower,Terminal Storage,Tea Tree Gully,Tea Tree Gully Asset Model,-34.839323,138.711226
Asset,Biogas Plant,Tea Tree Gully,Tea Tree Gully,Tea Tree Gully Asset Model,-34.83032707,138.712851
Asset,Hydrogen Hub,Hydrogen Park South Australia (HyP SA),Marion,Marion Asset Model,-35.010047,138.570863
Asset,Hydrogen Hub,Australian Hydrogen Centre,Marion,Marion Asset Model,-35.00999,138.571
Asset,Substation,Cherry Gardens,Onkaparinga,Onkaparinga Asset Model,-35.0949761,138.6458818
Asset,Substation,Happy Valley,Onkaparinga,Onkaparinga Asset Model,-35.05197958,138.5767273
Asset,Fuel Refinery,Port Stanvac,Onkaparinga,Onkaparinga Asset Model,-35.10829926,138.4811707
Asset,Substation,Port Stanvac,Onkaparinga,Onkaparinga Asset Model,-35.1087614,138.4898564
Asset,Fossil Fuel Power Station,Lonsdale,Onkaparinga,Onkaparinga Asset Model,-35.10966855,138.4910068
Asset,Fossil Fuel Power Station,Port Stanvac,Onkaparinga,Onkaparinga Asset Model,-35.11039534,138.4914591
Asset,Biogas Plant,Pedler Creek,Onkaparinga,Onkaparinga Asset Model,-35.202321,138.502094
Asset,Substation,Willunga,Onkaparinga,Onkaparinga Asset Model,-35.25988693,138.5706553
Asset,Substation,Morphett Vale East,Onkaparinga,Onkaparinga Asset Model,-35.113283,138.5498425
Asset,Substation,Port Noarlunga,Onkaparinga,Onkaparinga Asset Model,-35.1706023,138.4800141
Asset,Substation,Croydon,Charles Sturt,Charles Sturt Asset Model,-34.90046994,138.5659266
Asset,Substation,Athol,Charles Sturt,Charles Sturt Asset Model,-34.85309185,138.5384473
Asset,Biogas Plant,Wingfield II,Port Adelaide Enfield,Port Adelaide Enfield Asset Model,-34.832081,138.548903
Asset,Fuel Terminal,Birkenhead,Port Adelaide Enfield,Port Adelaide Enfield Asset Model,-34.82719612,138.5018616
Asset,Cement Plant,Birkenhead,Port Adelaide Enfield,Port Adelaide Enfield Asset Model,-34.83310612,138.5027772
Asset,Fuel Terminal,Birkenhead,Port Adelaide Enfield,Port Adelaide Enfield Asset Model,-34.82373428,138.5066681
Asset,Fuel Terminal,Largs North,Port Adelaide Enfield,Port Adelaide Enfield Asset Model,-34.81930542,138.5046616
Asset,Natural Gas Power Station,Pelican Point,Port Adelaide Enfield,Port Adelaide Enfield Asset Model,-34.764972,138.505325
Asset,Substation,New Osborne,Port Adelaide Enfield,Port Adelaide Enfield Asset Model,-34.79748848,138.5057395
Asset,Substation,Pelican Point,Port Adelaide Enfield,Port Adelaide Enfield Asset Model,-34.76555372,138.5069119
Asset,Natural Gas Power Station,Osborne,Port Adelaide Enfield,Port Adelaide Enfield Asset Model,-34.798021,138.507884
Asset,Substation,Le Fevre,Port Adelaide Enfield,Port Adelaide Enfield Asset Model,-34.77959332,138.5092707
Asset,Fuel Terminal,Adelaide,Port Adelaide Enfield,Port Adelaide Enfield Asset Model,-34.78973389,138.5095215
Asset,Biogas Plant,Wingfield I,Port Adelaide Enfield,Port Adelaide Enfield Asset Model,-34.83482,138.557247
Asset,Substation,Torrens Island A,Unincorporated SA,Unincorporated SA Asset Model,-34.80786168,138.5231515
Asset,Natural Gas Power Station,Torrens Island A,Unincorporated SA,Unincorporated SA Asset Model,-34.806844,138.521322
Asset,Substation,Torrens Island B,Unincorporated SA,Unincorporated SA Asset Model,-34.80616652,138.5245909
Asset,Natural Gas Power Station,Torrens Island B,Unincorporated SA,Unincorporated SA Asset Model,-34.805171,138.52262
Asset,Hydrogen Hub,Torrens Island Green Hydrogen Hub,Unincorporated SA,Unincorporated SA Asset Model,-34.7999968,138.5333312
Asset,Substation,Torrens North,Unincorporated SA,Unincorporated SA Asset Model,-34.77952125,138.5218458
Asset,Natural Gas Power Station,Quarantine,Unincorporated SA,Unincorporated SA Asset Model,-34.779284,138.522352
Asset,Solar Farm,Adelaide Airport Solar Farm,West Torrens,West Torrens Asset Model,-34.93867455,138.5376555
Asset,Substation,Keswick,West Torrens,West Torrens Asset Model,-34.944567,138.5787102
Asset,Substation,City West,West Torrens,West Torrens Asset Model,-34.939635,138.5798455
Asset,Fossil Fuel Power Station,Angaston,Barossa,Barossa Asset Model,-34.50344259,139.0245702
Asset,Cement Plant,Angaston,Barossa,Barossa Asset Model,-34.50226522,139.0286427
Asset,Substation,Templers,Light,Light Asset Model,-34.4626665,138.771348
Asset,Substation,Templers West,Light,Light Asset Model,-34.4616924,138.7680443
Asset,Substation,Dorrien,Light,Light Asset Model,-34.49181856,138.9664031
Asset,Community Energy Organisation,Solar Harvest,Barossa,Barossa Asset Model,-34.5241203,138.9602458
Asset,Community Energy Organisation,Barossa and Light Community Energy,Barossa,Barossa Asset Model,-34.52381821,138.9606378
Asset,Regional Delivery Partner,Northern and Yorke Landscape Board,Clare and Gilbert Valleys,Clare and Gilbert Valleys Asset Model,-33.83913063,138.6162717
Asset,Substation,Clare North,Clare and Gilbert Valleys,Clare and Gilbert Valleys Asset Model,-33.82334238,138.6266446
Asset,Wheat Farm,SARDI Waite,Clare and Gilbert Valleys,Clare and Gilbert Valleys Asset Model,-33.91691089,138.7238316
Asset,Wheat Farm,SARDI Waite,Clare and Gilbert Valleys,Clare and Gilbert Valleys Asset Model,-33.91691089,138.7238316
Asset,Substation,Mintaro,Clare and Gilbert Valleys,Clare and Gilbert Valleys Asset Model,-33.90276023,138.7379569
Asset,Natural Gas Power Station,Mintaro,Clare and Gilbert Valleys,Clare and Gilbert Valleys Asset Model,-33.9031,138.7383
Asset,Substation,Waterloo,Clare and Gilbert Valleys,Clare and Gilbert Valleys Asset Model,-33.989832,138.8765395
Asset,Wind Farm,Waterloo Wind Farm,Clare and Gilbert Valleys,Clare and Gilbert Valleys Asset Model,-34.00102479,138.9109315
Asset,Substation,Waterloo East,Clare and Gilbert Valleys,Clare and Gilbert Valleys Asset Model,-34.00174338,138.9109263
Asset,Wind Farm,Hallett 1 Brown Hill  Wind Farm,Goyder,Goyder Asset Model,-33.3949602,138.7299434
Asset,Wind Farm,Hallett 1 Brown Hill  Wind Farm,Goyder,Goyder Asset Model,-33.33973358,138.7323317
Asset,Natural Gas Power Station,Hallett,Goyder,Goyder Asset Model,-33.348652,138.751659
Asset,Substation,Canowie,Goyder,Goyder Asset Model,-33.3466424,138.7518677
Asset,Wind Farm,Hallet 5 - The Bluff,Goyder,Goyder Asset Model,-33.38554626,138.7928315
Asset,Substation,Willalo,Goyder,Goyder Asset Model,-33.45095014,138.797243
Asset,Substation,Mokota,Goyder,Goyder Asset Model,-33.55677562,138.8482522
Asset,Wind Farm,Hallett 2 Hallet Hill  Wind Farm,Goyder,Goyder Asset Model,-33.52260243,138.8551598
Asset,Wind Farm,Hallett 2 Hallet Hill  Wind Farm,Goyder,Goyder Asset Model,-33.57166812,138.8579506
Asset,Hydrogen Hub,Neoen-ENEOS Export Project,Goyder,Goyder Asset Model,-33.7882,138.9984
Asset,Substation,Morgan-Whyalla No 4,Goyder,Goyder Asset Model,-33.96588949,139.0629399
Asset,Substation,Robertstown,Goyder,Goyder Asset Model,-33.95572927,139.1272407
Asset,Substation,MDR Pump MW3,Goyder,Goyder Asset Model,-33.9724059,139.188906
Asset,Wheat Farm,AgXtra,Barunga West,Barunga West Asset Model,-33.7080725,138.0442388
Asset,Wheat Farm,AgXtra,Barunga West,Barunga West Asset Model,-33.7080725,138.0442388
Asset,Substation,Hummocks,Barunga West,Barunga West Asset Model,-34.0878905,138.0914405
Asset,Wind Farm,Snowtown Wind Farm South,Wakefield,Wakefield Asset Model,-33.83016399,138.118444
Asset,Substation,Snowtown Windfarm South,Wakefield,Wakefield Asset Model,-33.83016399,138.118444
Asset,Wind Farm,Clements Gap Wind Farm,Port Pirie,Port Pirie Asset Model,-33.50856771,138.1191752
Asset,Substation,Clements Gap Wind Farm,Port Pirie,Port Pirie Asset Model,-33.50826467,138.1307084
Asset,Substation,Snowtown Windfarm North,Wakefield,Wakefield Asset Model,-33.71395594,138.1401735
Asset,Wind Farm,Snowtown Wind Farm North,Wakefield,Wakefield Asset Model,-33.71395594,138.1401735
Asset,Substation,Brinkworth,Wakefield,Wakefield Asset Model,-33.6312825,138.372536
Asset,Substation,Blyth West,Wakefield,Wakefield Asset Model,-33.84690195,138.4075434
Asset,Wheat Farm,SARDI Waite,Wakefield,Wakefield Asset Model,-34.30792732,138.4608882
Asset,Wheat Farm,SARDI Waite,Wakefield,Wakefield Asset Model,-34.30792732,138.4608882
Asset,Fuel Depot,Jamestown,Northern Areas,Northern Areas Asset Model,-33.19419479,138.6096878
Asset,Substation,Mount Lock,Northern Areas,Northern Areas Asset Model,-33.0857649,138.5220069
Asset,Wind Farm,Hornsdale Wind Farm,Northern Areas,Northern Areas Asset Model,-33.04283906,138.5562164
Asset,Wheat Farm,SARDI Waite,Northern Areas,Northern Areas Asset Model,-33.49896568,138.6075782
Asset,Wheat Farm,SARDI Waite,Northern Areas,Northern Areas Asset Model,-33.49896568,138.6075782
Asset,Substation,Belalie-North Brown Hill Wind Farm,Northern Areas,Northern Areas Asset Model,-33.30921239,138.7272941
Asset,Wind Farm,North Brown Hill  Wind Farm,Northern Areas,Northern Areas Asset Model,-33.30925994,138.7295955
Asset,Substation,Baroota,Mount Remarkable,Mount Remarkable Asset Model,-32.96766308,138.0392806
Asset,Wheat Farm,SARDI Waite,Mount Remarkable,Mount Remarkable Asset Model,-32.88082019,138.3503277
Asset,Substation,Port Pirie,Port Pirie,Port Pirie Asset Model,-33.17098,138.007012
Asset,Hydrogen Hub,Port Pirie Green Hydrogen Project,Port Pirie,Port Pirie Asset Model,-33.17828,138.00893
Asset,University,Uni Hub Spencer Gulf Port Pirie,Port Pirie,Port Pirie Asset Model,-33.17653612,138.0105377
Asset,Substation,Bungama,Port Pirie,Port Pirie Asset Model,-33.195418,138.067305
Asset,Substation,Red Hill,Port Pirie,Port Pirie Asset Model,-33.49521627,138.2674306
Asset,University,Uni Hub Spencer Gulf Kadina,Copper Coast,Copper Coast Asset Model,-33.9618244,137.7089052
Asset,Fuel Depot,Kadina,Copper Coast,Copper Coast Asset Model,-33.96684647,137.7172852
Asset,Fuel Depot,Kadina (Dermody),Copper Coast,Copper Coast Asset Model,-33.96879578,137.7173157
Asset,Substation,Kadina East,Copper Coast,Copper Coast Asset Model,-33.9769575,137.7296105
Asset,Wheat Farm,AgXtra,Copper Coast,Copper Coast Asset Model,-34.03697387,137.8994023
Asset,Fuel Depot,Minlaton,Yorke Peninsula,Yorke Peninsula Asset Model,-34.77798462,137.5914993
Asset,Wheat Farm,AgXtra,Yorke Peninsula,Yorke Peninsula Asset Model,-34.77119427,137.5956768
Asset,Fuel Depot,Maitland,Yorke Peninsula,Yorke Peninsula Asset Model,-34.37927628,137.6679153
Asset,Wheat Farm,AgXtra,Yorke Peninsula,Yorke Peninsula Asset Model,-34.37385652,137.6731567
Asset,Wheat Farm,AgXtra,Yorke Peninsula,Yorke Peninsula Asset Model,-34.37385652,137.6731567
Asset,Substation,Ardrossan West,Yorke Peninsula,Yorke Peninsula Asset Model,-34.429165,137.888842
Asset,Wind Farm,Wattle Point Wind Farm,Yorke Peninsula,Yorke Peninsula Asset Model,-35.11035045,137.7057778
Asset,Substation,Wattle Point Wind Farm,Yorke Peninsula,Yorke Peninsula Asset Model,-35.11035045,137.7057778
Asset,Substation,Dalrymple,Yorke Peninsula,Yorke Peninsula Asset Model,-34.936008,137.7442405
Asset,Fuel Depot,Ceduna,Ceduna,Ceduna Asset Model,-32.11856461,133.6820908
Asset,Wind Farm,Cathedral Rocks Wind Farm,Lower Eyre Peninsula,Lower Eyre Peninsula Asset Model,-34.850861,135.585172
Asset,Substation,Sleaford,Lower Eyre Peninsula,Lower Eyre Peninsula Asset Model,-34.850022,135.594413
Asset,Wheat Farm,SARDI Waite,Lower Eyre Peninsula,Lower Eyre Peninsula Asset Model,-34.52871,135.6746193
Asset,Wheat Farm,SARDI Waite,Lower Eyre Peninsula,Lower Eyre Peninsula Asset Model,-34.26049031,135.7284405
Asset,Fossil Fuel Power Station,Port Lincoln,Lower Eyre Peninsula,Lower Eyre Peninsula Asset Model,-34.70033444,135.8044238
Asset,Substation,Port Lincoln,Lower Eyre Peninsula,Lower Eyre Peninsula Asset Model,-34.699899,135.8047165
Asset,Hydrogen Hub,Cape Hardy Green Hydrogen Project,Tumby Bay,Tumby Bay Asset Model,-34.1791667,136.30333
Asset,Wheat Farm,SARDI Waite,Kimba,Kimba Asset Model,-33.14143102,136.4198641
Asset,Wheat Farm,SARDI Waite,Cleve,Cleve Asset Model,-33.95807229,136.2408099
Asset,Wheat Farm,SARDI Waite,Cleve,Cleve Asset Model,-33.68997975,136.2734651
Asset,Substation,Yadnarie,Cleve,Cleve Asset Model,-33.68948821,136.4005783
Asset,Major Project,Siviour Battery Anode Materials Project,Cleve,Cleve Asset Model,-33.91434099,136.4372972
Asset,Fuel Depot,Cleve,Cleve,Cleve Asset Model,-33.70106125,136.4831085
Asset,Substation,Mount Millar Wind Farm,Franklin Harbour,Franklin Harbour Asset Model,-33.62536079,136.7037056
Asset,Wind Farm,Mount Millar Wind Farm,Franklin Harbour,Franklin Harbour Asset Model,-33.62550972,136.7038958
Asset,Wheat Farm,SARDI Waite,Franklin Harbour,Franklin Harbour Asset Model,-33.60796715,137.1412957
Asset,Substation,Cultana,Whyalla,Whyalla Asset Model,-32.93154802,137.54481
Asset,Battery Energy Storage System First Nations,Yoorndoo Ilga,Whyalla,Whyalla Asset Model,-32.92436601,137.586499
Asset,Solar Farm First Nations,Yoorndoo Ilga Solar Farm,Whyalla,Whyalla Asset Model,-32.92323113,137.5886773
Asset,Hydrogen Hub,Port Bonython Hydrogen Hub (Change to HUB),Whyalla,Whyalla Asset Model,-32.991667,137.763889
Asset,Hydrogen Hub,South Australian Government Hydrogen Facility,Whyalla,Whyalla Asset Model,-32.98524,137.77221
Asset,Substation,Stony Point,Whyalla,Whyalla Asset Model,-32.98695017,137.7741168
Asset,Wheat Farm,SARDI Waite,Wudinna,Wudinna Asset Model,-32.82767,135.15163
Asset,Wheat Farm,SARDI Waite,Wudinna,Wudinna Asset Model,-32.85613621,135.153464
Asset,Substation,Wudinna,Wudinna,Wudinna Asset Model,-33.05235943,135.4523742
Asset,Fuel Depot,Wudinna,Wudinna,Wudinna Asset Model,-33.05353165,135.4640427
Asset,Wheat Farm,SARDI Waite,Wudinna,Wudinna Asset Model,-33.24285448,135.597795
Asset,Fuel Terminal,Port Lincoln,Port Lincoln,Port Lincoln Asset Model,-34.73347092,135.8567352
Asset,Regional Delivery Partner,"Eyre Peninsula Landscape Board	",Port Lincoln,Port Lincoln Asset Model,-34.7210544,135.8598567
Asset,Fuel Depot,Port Lincoln,Port Lincoln,Port Lincoln Asset Model,-34.72558594,135.8690491
Asset,Fuel Terminal,Port Lincoln,Port Lincoln,Port Lincoln Asset Model,-34.72387695,135.8694153
Asset,Wheat Farm,SARDI Waite,Unincorporated SA,Unincorporated SA Asset Model,-31.92862674,133.009027
Asset,Wheat Farm,SARDI Waite,Ceduna,Ceduna Asset Model,-32.2705766,134.3459282
Asset,Wheat Farm,SARDI Waite,Streaky Bay,Streaky Bay Asset Model,-32.74156143,134.4108444
Asset,Hydrogen Hub,Eyre Peninsula Gateway Project,Whyalla,Whyalla Asset Model,-33.034574,137.575607
Asset,Substation,Whyalla Central,Whyalla,Whyalla Asset Model,-33.00985281,137.563294
Asset,Substation,Whyalla,Whyalla,Whyalla Asset Model,-33.00992564,137.5766823
Asset,Fossil Fuel Power Station,Ernabella,Anangu Pitjantjatjara Yankunytjatjara,Anangu Pitjantjatjara Yankunytjatjara Asset Model,-26.27796062,132.131371
Asset,Solar Farm,Umuwa Solar Farm,Anangu Pitjantjatjara Yankunytjatjara,Anangu Pitjantjatjara Yankunytjatjara Asset Model,-26.4735559,132.0146568
Asset,Regional Delivery Partner,Alinytjara Wilurara Landscape Board,Anangu Pitjantjatjara Yankunytjatjara,Anangu Pitjantjatjara Yankunytjatjara Asset Model,-26.77047176,131.1090573
Asset,Substation,Middleback,Unincorporated SA,Unincorporated SA Asset Model,-33.16719658,137.1014294
Asset,Wind Farm,Lincoln Gap,Unincorporated SA,Unincorporated SA Asset Model,-32.56450753,137.5571919
Asset,Substation,Corraberra,Unincorporated SA,Unincorporated SA Asset Model,-32.61736109,137.5925691
Asset,Hydrogen Hub,SM1,Unincorporated SA,Unincorporated SA Asset Model,-32.2,137.6
Asset,Fuel Depot,Quorn,Flinders Ranges,Flinders Ranges Asset Model,-32.34779739,138.0414658
Asset,Substation,Neuroodla,Flinders Ranges,Flinders Ranges Asset Model,-31.83821597,138.1104813
Asset,Substation,Prominent Hill,Unincorporated SA,Unincorporated SA Asset Model,-29.68504,135.59131
Asset,Substation,Woomera,Unincorporated SA,Unincorporated SA Asset Model,-31.1472762,136.8018111
Asset,Substation,Pimba,Unincorporated SA,Unincorporated SA Asset Model,-31.23476798,136.8315207
Asset,Substation,Mount Gunson,Unincorporated SA,Unincorporated SA Asset Model,-31.46612941,137.0880483
Asset,Substation,Leigh Creek Coalfield,Unincorporated SA,Unincorporated SA Asset Model,-30.523788,138.387774
Asset,Substation,Leigh Creek South,Unincorporated SA,Unincorporated SA Asset Model,-30.570263,138.393565
Asset,Solar Farm,Wilpena Solar Farm,Unincorporated SA,Unincorporated SA Asset Model,-31.52339249,138.619757
Asset,Forest,Chowilla Floodplain,Unincorporated SA,Unincorporated SA Asset Model,-33.96524291,140.9706727
Asset,Fuel Depot,Port Augusta,Port Augusta,Port Augusta Asset Model,-32.47042847,137.7367249
Asset,Fuel Depot,Tarcoola,Port Augusta,Port Augusta Asset Model,-32.4713974,137.7370758
Asset,Fuel Depot,Port Augusta West,Port Augusta,Port Augusta Asset Model,-32.47262192,137.7409058
Asset,Fuel Depot,Port Augusta West,Port Augusta,Port Augusta Asset Model,-32.47249985,137.7420502
Asset,University,Uni Hub Spencer Gulf Port Augusta,Port Augusta,Port Augusta Asset Model,-32.49185589,137.7626291
Asset,Regional Delivery Partner,South Australian Arid Lands Landscape Board,Port Augusta,Port Augusta Asset Model,-32.49221558,137.7634847
Asset,Fossil Fuel Power Station,Playford B,Port Augusta,Port Augusta Asset Model,-32.539279,137.78188
Asset,Substation,Playford B,Port Augusta,Port Augusta Asset Model,-32.53832346,137.7838106
Asset,Fuel Depot,Port Augusta,Port Augusta,Port Augusta Asset Model,-32.4820652,137.785614
Asset,Fossil Fuel Power Station,Northern,Port Augusta,Port Augusta Asset Model,-32.54325419,137.7882042
Asset,Substation,Davenport,Port Augusta,Port Augusta Asset Model,-32.53700955,137.813
Asset,Substation,Olympic Dam West,Unincorporated SA,Unincorporated SA Asset Model,-30.44916602,136.860475
Asset,Substation,Olympic Dam North,Unincorporated SA,Unincorporated SA Asset Model,-30.44237409,136.8712978
Asset,Regional Delivery Partner,Kangaroo Island Landscape Board,Kangaroo Island,Kangaroo Island Asset Model,-35.65638219,137.6381411
Asset,Substation,Strathalbyn,Alexandrina,Alexandrina Asset Model,-35.27117233,138.8961509
Asset,Wind Farm,Starfish Hill Wind Farm,Yankalilla,Yankalilla Asset Model,-35.567765,138.143238
Asset,Substation,South East,Grant,Grant Asset Model,-37.733363,140.840427
Asset,Natural Gas Power Station,Snuggery,Wattle Range,Wattle Range Asset Model,-37.66455062,140.4155575
Asset,Substation,Snuggery,Wattle Range,Wattle Range Asset Model,-37.6642355,140.4166225
Asset,Fuel Depot,Naracoorte,Naracoorte Lucindale,Naracoorte Lucindale Asset Model,-36.95221329,140.754837
Asset,Fuel Depot,Naracoorte,Naracoorte Lucindale,Naracoorte Lucindale Asset Model,-36.95214462,140.7555466
Asset,Fuel Depot,Naracoorte,Naracoorte Lucindale,Naracoorte Lucindale Asset Model,-36.95193863,140.7570038
Asset,Fuel Depot,Naracoorte,Naracoorte Lucindale,Naracoorte Lucindale Asset Model,-36.95210266,140.7580643
Asset,Substation,Kincraig,Naracoorte Lucindale,Naracoorte Lucindale Asset Model,-36.965143,140.68796
Asset,Abattoir,Teys Australia Naracoorte,Naracoorte Lucindale,Naracoorte Lucindale Asset Model,-36.93658863,140.8254746
Asset,Wheat Farm,SARDI Waite,Naracoorte Lucindale,Naracoorte Lucindale Asset Model,-37.13438502,140.1728692
Asset,Wheat Farm,SARDI Waite,Naracoorte Lucindale,Naracoorte Lucindale Asset Model,-37.135753,140.270249
Asset,Natural Gas Power Station,Ladbroke Grove,Wattle Range,Wattle Range Asset Model,-37.456673,140.782692
Asset,Substation,Penola West,Wattle Range,Wattle Range Asset Model,-37.4570595,140.7817076
Asset,Fuel Depot,Keith,Tatiara,Tatiara Asset Model,-36.10513306,140.3419495
Asset,Fuel Depot,Keith,Tatiara,Tatiara Asset Model,-36.0927508,140.3483161
Asset,Fossil Fuel Power Station,Tatiara Meats,Tatiara,Tatiara Asset Model,-36.32655639,140.7367694
Asset,Fuel Depot,Bordertown,Tatiara,Tatiara Asset Model,-36.307724,140.7727509
Asset,Fuel Depot,Bordertown,Tatiara,Tatiara Asset Model,-36.30900955,140.7769852
Asset,Substation,Keith,Tatiara,Tatiara Asset Model,-36.1079139,140.2990887
Asset,Fossil Fuel Power Station,Blue Lake Milling Power Plant,Tatiara,Tatiara Asset Model,-36.31643279,140.7574619
Asset,Wheat Farm,SARDI Waite,Tatiara,Tatiara Asset Model,-36.09806084,140.3549949
Asset,Wind Farm,Lake Bonney Stage 3 Wind Farm,Wattle Range,Wattle Range Asset Model,-37.75049632,140.3930292
Asset,Wind Farm,Canunda Wind Farm,Wattle Range,Wattle Range Asset Model,-37.76025336,140.4033113
Asset,Wind Farm,Lake Bonney Stage 1 Wind Farm,Wattle Range,Wattle Range Asset Model,-37.78154577,140.4057917
Asset,Wind Farm,Lake Bonney Stage 2 Wind Farm,Wattle Range,Wattle Range Asset Model,-37.81489402,140.4194991
Asset,Substation,Mayura,Wattle Range,Wattle Range Asset Model,-37.7378365,140.3878255
Asset,Biomass Plant,Mt Gambier,Mount Gambier,Mount Gambier Asset Model,-37.83884533,140.805696
Asset,Substation,Mount Gambier,Mount Gambier,Mount Gambier Asset Model,-37.838932,140.804478
Asset,Substation,Blanche,Grant,Grant Asset Model,-37.8254425,140.731522
Asset,Fuel Depot,Mount Gambier,Mount Gambier,Mount Gambier Asset Model,-37.81518252,140.7533396
Asset,Fuel Depot,Mt Gambier,Mount Gambier,Mount Gambier Asset Model,-37.83091736,140.7736893
Asset,Regional Delivery Partner,Limestone Coast Landscape Board,Mount Gambier,Mount Gambier Asset Model,-37.83039766,140.7786549
Asset,Substation,Monash,Berri Barmera,Berri Barmera Asset Model,-34.23768917,140.5969743
Asset,University,Murray River Study Hub Riverland,Berri Barmera,Berri Barmera Asset Model,-34.27780181,140.6103765
Asset,Substation,Berri,Berri Barmera,Berri Barmera Asset Model,-34.269859,140.597989
Asset,Wheat Farm,SARDI Waite,Karoonda East Murray,Karoonda East Murray Asset Model,-34.7655223,140.310985
Asset,Wheat Farm,SARDI Waite,Southern Mallee,Southern Mallee Asset Model,-35.37789637,140.1595336
Asset,Fuel Depot,Pinnaroo,Southern Mallee,Southern Mallee Asset Model,-35.2618866,140.9009399
Asset,Wheat Farm,SARDI Waite,Southern Mallee,Southern Mallee Asset Model,-35.342565,140.882892
Asset,Wheat Farm,SARDI Waite,Southern Mallee,Southern Mallee Asset Model,-35.26083714,140.9117683
Asset,Wheat Farm,SARDI Waite,Loxton Waikerie,Loxton Waikerie Asset Model,-34.49090305,140.8711166
Asset,Wheat Farm,SARDI Waite,Loxton Waikerie,Loxton Waikerie Asset Model,-34.49041698,140.2997667
Asset,Substation,Tungkillo,Mid Murray,Mid Murray Asset Model,-34.87774891,139.0595036
Asset,Substation,Mannum-Adelaide Pumping Station 3,Mid Murray,Mid Murray Asset Model,-34.85022062,139.1338559
Asset,Wheat Farm,SARDI Waite,Mid Murray,Mid Murray Asset Model,-34.8517593,139.1593584
Asset,Substation,Mannum-Adelaide Pumping Station 2,Mid Murray,Mid Murray Asset Model,-34.85742538,139.1675998
Asset,Substation,Mannum,Mid Murray,Mid Murray Asset Model,-34.917069,139.2644765
Asset,Substation,Mannum-Adelaide Pumping Station 1,Mid Murray,Mid Murray Asset Model,-34.91905229,139.3075361
Asset,Substation,Murray Bridge-Hahndorf No 2,Murray Bridge,Murray Bridge Asset Model,-35.09337213,139.2098505
Asset,University,Murray River Study Hub Murrylands,Murray Bridge,Murray Bridge Asset Model,-35.11835562,139.2774698
Asset,Regional Delivery Partner,Murraylands and Riverland Landscape Board,Murray Bridge,Murray Bridge Asset Model,-35.12125872,139.2785608
Asset,Substation,Murray Bridge-Hahndorf No 1,Murray Bridge,Murray Bridge Asset Model,-35.09555347,139.2874699
Asset,Substation,Mobilong,Murray Bridge,Murray Bridge Asset Model,-35.064599,139.2664035
Asset,Forest,"Lower Lakes, Coorong & Murray Mouth",Murray Bridge,Murray Bridge Asset Model,-35.44831802,139.2074977
Asset,Fuel Depot,Renmark,Renmark Paringa,Renmark Paringa Asset Model,-34.18209839,140.7387009
Asset,Fuel Depot,Tailem Bend,Coorong,Coorong Asset Model,-35.25580025,139.4577484
Asset,Fuel Depot,Tailem Bend,Coorong,Coorong Asset Model,-35.25640106,139.458725
Asset,Substation,Tailem Bend,Coorong,Coorong Asset Model,-35.27079614,139.4924376
Asset,Solar Farm,Tailem Bend Solar Farm,Coorong,Coorong Asset Model,-35.27079614,139.4924376
Asset,Fuel Depot,Waikerie,Loxton Waikerie,Loxton Waikerie Asset Model,-34.18795395,140.0040283
Asset,Substation,MDR Pump MW2,Mid Murray,Mid Murray Asset Model,-33.97042994,139.4231691
Asset,Substation,MDR Pump MW1,Mid Murray,Mid Murray Asset Model,-34.02078471,139.6873233
Asset,Substation,North West Bend,Mid Murray,Mid Murray Asset Model,-33.99469909,139.7323179
Asset,Community Energy Organisation,Augusta Margaret River Clean Community Energy Inc,Augusta Margaret River,Augusta Margaret River Asset Model,-34.31354299,115.1597864
Asset,Substation,Beenup,Augusta Margaret River,Augusta Margaret River Asset Model,-34.19426798,115.2708045
Asset,Community Energy Organisation,Naturaliste Renewable Energy Group,Busselton,Busselton Asset Model,-33.61758009,115.1009825
Asset,Community Energy Organisation,Transition Margaret River,Augusta Margaret River,Augusta Margaret River Asset Model,-33.9535296,115.0628587
Asset,Substation,Margaret River,Augusta Margaret River,Augusta Margaret River Asset Model,-33.95334863,115.0841529
Asset,Fuel Depot,Craybrook Nominees P/L,Busselton,Busselton Asset Model,-33.66255379,115.3486938
Asset,Substation,Busselton,Busselton,Busselton Asset Model,-33.68613906,115.2683457
Asset,Substation,Capel,Capel,Capel Asset Model,-33.57074792,115.5283116
Asset,Substation,Westralian Sands,Capel,Capel Asset Model,-33.51222723,115.5869679
Asset,Substation,Worsley,Collie,Collie Asset Model,-33.2370565,116.059524
Asset,Natural Gas Power Station,Worsley Cogeneration,Collie,Collie Asset Model,-33.2365459,116.0637377
Asset,Fossil Fuel Power Station,Worsley,Collie,Collie Asset Model,-33.23549327,116.0687975
Asset,Substation,Collie,Collie,Collie Asset Model,-33.34853111,116.140895
Asset,Hydrogen Hub,Collie Battery and Hydrogen Industrial Hub Project,Collie,Collie Asset Model,-33.36206,116.15617
Asset,Fossil Fuel Power Station,Collie (Bluewaters),Collie,Collie Asset Model,-33.331,116.229
Asset,Substation,Bluewaters ,Collie,Collie Asset Model,-33.33187561,116.2338208
Asset,Substation,Collie,Collie,Collie Asset Model,-33.34091412,116.2611505
Asset,Fossil Fuel Power Station,Collie A,Collie,Collie Asset Model,-33.342181,116.261165
Asset,Substation,West Collieries,Collie,Collie Asset Model,-33.403001,116.272167
Asset,Substation,Shotts ,Collie,Collie Asset Model,-33.317878,116.2758835
Asset,Fossil Fuel Power Station,Muja C,Collie,Collie Asset Model,-33.44604657,116.3061833
Asset,Substation,Muja ,Collie,Collie Asset Model,-33.4479725,116.3071159
Asset,Fossil Fuel Power Station,Muja D,Collie,Collie Asset Model,-33.4463574,116.3074283
Asset,Fossil Fuel Power Station,Muja A,Collie,Collie Asset Model,-33.44667107,116.3081086
Asset,Fossil Fuel Power Station,Muja B,Collie,Collie Asset Model,-33.44680683,116.3087195
Asset,Substation,Muja,Collie,Collie Asset Model,-33.45584897,116.3094649
Asset,Regional Delivery Partner,South West Catchments Council,Bunbury,Bunbury Asset Model,-33.35752282,115.6759217
Asset,Substation,Barrack Silicon,Harvey,Harvey Asset Model,-33.21907648,115.7464367
Asset,Substation,Marriot Road,Harvey,Harvey Asset Model,-33.215735,115.7598011
Asset,Natural Gas Power Station,Kemerton,Harvey,Harvey Asset Model,-33.16325,115.78054
Asset,Substation,Kemerton,Harvey,Harvey Asset Model,-33.152779,115.7663045
Asset,Substation,Binningup Desalination Plant,Harvey,Harvey Asset Model,-33.129828,115.7056005
Asset,Substation,Picton,Bunbury,Bunbury Asset Model,-33.35054,115.701407
Asset,Fuel Depot,Picton,Bunbury,Bunbury Asset Model,-33.348526,115.6994553
Asset,Substation,Bunbury Harbour,Bunbury,Bunbury Asset Model,-33.3346775,115.6683345
Asset,Substation,Wagerup,Waroona,Waroona Asset Model,-32.91625153,115.9220681
Asset,Natural Gas Power Station,Wagerup,Waroona,Waroona Asset Model,-32.916017,115.918647
Asset,Substation,Alinta-Wagerup,Waroona,Waroona Asset Model,-32.9150223,115.9220165
Asset,Natural Gas Power Station,Wagerup Bauxite Mine and Alumina Refinery,Waroona,Waroona Asset Model,-32.914495,115.916995
Asset,Hydrogen Hub,Bristol Springs Solar Hydrogen Project,Waroona,Waroona Asset Model,-32.90638,115.8203
Asset,Substation,Landwehr,Waroona,Waroona Asset Model,-32.89879968,115.8170233
Asset,Substation,Yornup,Bridgetown-Greenbushes,Bridgetown-Greenbushes Asset Model,-34.05507357,116.1715411
Asset,Fuel Depot,Bridgetown,Bridgetown-Greenbushes,Bridgetown-Greenbushes Asset Model,-33.9594059,116.1386337
Asset,Substation,Bridgetown,Bridgetown-Greenbushes,Bridgetown-Greenbushes Asset Model,-33.92044554,116.1373688
Asset,Community Energy Organisation,Clever Clogs (Community Organisation for Climate Action),Manjimup,Manjimup Asset Model,-34.44556914,116.0332892
Asset,Substation,Manjimup,Manjimup,Manjimup Asset Model,-34.32621808,116.1105322
Asset,Substation,Mandurah,Mandurah,Mandurah Asset Model,-32.53245578,115.7389956
Asset,Regional Delivery Partner,Peel-Harvey Catchment Council Inc.,Mandurah,Mandurah Asset Model,-32.52808184,115.7235695
Asset,Fuel Depot,Mandurah,Mandurah,Mandurah Asset Model,-32.51720047,115.7437935
Asset,Biogas Plant,Mandurah,Mandurah,Mandurah Asset Model,-32.50791827,115.7589572
Asset,Substation,Meadow Springs,Mandurah,Mandurah Asset Model,-32.48478265,115.7651619
Asset,Substation,Coolup,Murray,Murray Asset Model,-32.783321,115.8900635
Asset,Substation,Alcoa-Pinjarra,Murray,Murray Asset Model,-32.64891433,115.9465597
Asset,Natural Gas Power Station,Pinjarra Bauxite Mine and Alumina Refinery,Murray,Murray Asset Model,-32.647303,115.946894
Asset,Substation,Oakley ,Murray,Murray Asset Model,-32.64704789,115.8961129
Asset,Substation,Pinjarra,Murray,Murray Asset Model,-32.57107555,115.86672
Asset,Substation,Cottesloe,Cottesloe,Cottesloe Asset Model,-31.9982305,115.76021
Asset,Substation,Nedlands,Nedlands,Nedlands Asset Model,-31.98409401,115.7913087
Asset,Substation,University,Perth,Perth Asset Model,-31.982164,115.815886
Asset,Substation,Medical Centre,Perth,Perth Asset Model,-31.9701335,115.8124425
Asset,Biogas Plant,Shenton Park WMRC Project,Nedlands,Nedlands Asset Model,-31.95766666,115.7924435
Asset,Substation,Western Terminal,Nedlands,Nedlands Asset Model,-31.95661296,115.7902875
Asset,Substation,Mount Lawley ,Stirling,Stirling Asset Model,-31.9166688,115.8673776
Asset,Substation,North Perth,Vincent,Vincent Asset Model,-31.93216412,115.8497242
Asset,Substation,Shenton Park,Nedlands,Nedlands Asset Model,-31.957081,115.8058385
Asset,Substation,Herdsman Parade,Stirling,Stirling Asset Model,-31.93034,115.811262
Asset,Substation,Forrest Avenue,Perth,Perth Asset Model,-31.957177,115.875568
Asset,Substation,East Perth Terminal,Vincent,Vincent Asset Model,-31.94566,115.8789808
Asset,Substation,Joel Terrace,Vincent,Vincent Asset Model,-31.94471649,115.8791134
Asset,Substation,Joel Terrace 132,Vincent,Vincent Asset Model,-31.94448283,115.8808007
Asset,Substation,Hay Street,Perth,Perth Asset Model,-31.95513989,115.8630116
Asset,Substation,Wellington Street,Perth,Perth Asset Model,-31.9529325,115.864933
Asset,Substation,Milligan Street,Perth,Perth Asset Model,-31.95230012,115.8517272
Asset,Substation,James Street,Perth,Perth Asset Model,-31.94733793,115.854141
Asset,Substation,Cook Street,Perth,Perth Asset Model,-31.94674,115.838559
Asset,Substation,Hadfields,Bassendean,Bassendean Asset Model,-31.90665652,115.9421655
Asset,Substation,Morley,Bayswater,Bayswater Asset Model,-31.90502359,115.8963841
Asset,Substation,Beechboro,Bayswater,Bayswater Asset Model,-31.872257,115.9241725
Asset,Substation,Darlington,Mundaring,Mundaring Asset Model,-31.92609,116.069626
Asset,Substation,Mundaring Weir,Kalamunda,Kalamunda Asset Model,-31.9569505,116.1612685
Asset,Substation,Sawyers Valley,Mundaring,Mundaring Asset Model,-31.9056855,116.1997005
Asset,Substation,Ellenbrook,Swan,Swan Asset Model,-31.796419,115.9612405
Asset,Substation,Guildford,Swan,Swan Asset Model,-31.90209151,116.0033606
Asset,Substation,Hazelmere,Swan,Swan Asset Model,-31.90586833,116.0019349
Asset,Substation,Malaga,Swan,Swan Asset Model,-31.85395639,115.8922136
Asset,Substation,Northern ,Swan,Swan Asset Model,-31.85119385,115.89234
Asset,Substation,Midland Junction,Swan,Swan Asset Model,-31.88943,116.013342
Asset,Biogas Plant,Red Hill,Swan,Swan Asset Model,-31.83165058,116.0992397
Asset,Substation,Edgewater,Joondalup,Joondalup Asset Model,-31.77299809,115.7811335
Asset,Substation,Mullaloo,Joondalup,Joondalup Asset Model,-31.7728205,115.7817075
Asset,Substation,Joondalup,Joondalup,Joondalup Asset Model,-31.73839775,115.7590151
Asset,Substation,Padbury,Joondalup,Joondalup Asset Model,-31.80486952,115.7740035
Asset,Fuel Depot,Balcatta,Stirling,Stirling Asset Model,-31.86224556,115.8191757
Asset,Substation,Balcatta,Stirling,Stirling Asset Model,-31.858796,115.8090672
Asset,Biogas Plant,Noranda,Stirling,Stirling Asset Model,-31.8653894,115.8773271
Asset,Substation,Osborne Park,Stirling,Stirling Asset Model,-31.90306967,115.8011209
Asset,Substation,North Beach,Stirling,Stirling Asset Model,-31.857427,115.7770484
Asset,Substation,Arkana,Stirling,Stirling Asset Model,-31.8654895,115.841905
Asset,Substation,Manning Street,Stirling,Stirling Asset Model,-31.89185011,115.763464
Asset,Substation,Wembley Downs,Cambridge,Cambridge Asset Model,-31.9223155,115.7738165
Asset,Substation,Yokine,Stirling,Stirling Asset Model,-31.90366813,115.8485457
Asset,Natural Gas Power Station,Neerabup,Wanneroo,Wanneroo Asset Model,-31.67125,115.802149
Asset,Biogas Plant,Tamala Park,Wanneroo,Wanneroo Asset Model,-31.70778613,115.7266449
Asset,Substation,Clarkson,Wanneroo,Wanneroo Asset Model,-31.67124535,115.7284711
Asset,Substation,Wanneroo,Wanneroo,Wanneroo Asset Model,-31.7185375,115.7843175
Asset,Substation,Yanchep,Wanneroo,Wanneroo Asset Model,-31.623499,115.715444
Asset,Substation,Neerabup ,Wanneroo,Wanneroo Asset Model,-31.68180255,115.8219549
Asset,Substation,Neerabup,Wanneroo,Wanneroo Asset Model,-31.6792921,115.8233589
Asset,Substation,Pinjar,Wanneroo,Wanneroo Asset Model,-31.55767491,115.8223795
Asset,Natural Gas Power Station,Pinjar,Wanneroo,Wanneroo Asset Model,-31.556798,115.820403
Asset,Substation,Landsdale,Wanneroo,Wanneroo Asset Model,-31.82023978,115.8533879
Asset,Substation,Wangara,Wanneroo,Wanneroo Asset Model,-31.79671948,115.8240048
Asset,Substation,Belmont,Belmont,Belmont Asset Model,-31.9554385,115.935478
Asset,Substation,Victoria Park,Victoria Park,Victoria Park Asset Model,-31.985661,115.914383
Asset,Fuel Terminal,Kewdale,Belmont,Belmont Asset Model,-31.98113442,115.9720421
Asset,Substation,Kewdale,Belmont,Belmont Asset Model,-31.97497111,115.9537636
Asset,Substation,Rivervale 132,Victoria Park,Victoria Park Asset Model,-31.96291,115.901847
Asset,Substation,Tate Street,Canning,Canning Asset Model,-31.995656,115.92284
Asset,Regional Delivery Partner,Perth Region NRM Inc.,Victoria Park,Victoria Park Asset Model,-31.99357862,115.8903729
Asset,Biogas Plant,Canning Vale,Canning,Canning Asset Model,-32.07389875,115.8914057
Asset,Substation,Canningvale,Canning,Canning Asset Model,-32.0558295,115.9230885
Asset,Substation,Cannington ,Canning,Canning Asset Model,-32.01888188,115.942355
Asset,Substation,Beckenham,Canning,Canning Asset Model,-32.0180285,115.949962
Asset,Substation,Welshpool,Canning,Canning Asset Model,-31.9961855,115.9537445
Asset,Substation,Webforge,Canning,Canning Asset Model,-31.9955667,115.9182888
Asset,Substation,Tomlinson,Canning,Canning Asset Model,-31.99207635,115.9264031
Asset,Fuel Depot,Welshpool,Canning,Canning Asset Model,-31.9906807,115.9627266
Asset,Substation,Kenwick Link,Gosnells,Gosnells Asset Model,-32.03654602,115.9572582
Asset,Substation,Gosnells,Gosnells,Gosnells Asset Model,-32.07647546,115.9892651
Asset,Substation,Southern River,Gosnells,Gosnells Asset Model,-32.10935288,115.9570313
Asset,Biogas Plant,Gosnells,Gosnells,Gosnells Asset Model,-32.02275096,116.0128715
Asset,Substation,Forrestfield,Kalamunda,Kalamunda Asset Model,-31.96795702,115.9837437
Asset,Fossil Fuel Power Station,Kalamunda,Kalamunda,Kalamunda Asset Model,-31.97677862,115.9987933
Asset,Substation,Kalamunda,Kalamunda,Kalamunda Asset Model,-31.9853575,116.0681925
Asset,Substation,Byford,Serpentine-Jarrahdale,Serpentine-Jarrahdale Asset Model,-32.205371,116.008119
Asset,Biogas Plant,South Cardup (Shale Road Landfill),Serpentine-Jarrahdale,Serpentine-Jarrahdale Asset Model,-32.26643616,116.0193144
Asset,Substation,Collier Street,South Perth,South Perth Asset Model,-31.996736,115.870639
Asset,Substation,Clarence Street,South Perth,South Perth Asset Model,-31.9776705,115.857114
Asset,Solar Farm,Perth Zoo Solar Farm,South Perth,South Perth Asset Model,-31.97666278,115.8547801
Asset,Substation,Bibra Lake,Cockburn,Cockburn Asset Model,-32.1148755,115.8007775
Asset,Substation,Australian Paper Mills,Cockburn,Cockburn Asset Model,-32.098823,115.808237
Asset,Hydrogen Hub,Hazer Commercial Demonstration Plant,Cockburn,Cockburn Asset Model,-32.147723,115.77295
Asset,Biogas Plant,Woodman Point,Cockburn,Cockburn Asset Model,-32.14241986,115.771305
Asset,Substation,South Fremantle,Cockburn,Cockburn Asset Model,-32.09208505,115.7587123
Asset,Substation,Southern,Cockburn,Cockburn Asset Model,-32.09539543,115.8444155
Asset,Biogas Plant,Henderson,Cockburn,Cockburn Asset Model,-32.16502102,115.8008001
Asset,Hydrogen Hub,Green Hydrogen for City of Cockburn,Cockburn,Cockburn Asset Model,-32.163963,115.792911
Asset,Substation,Cockburn Cement,Cockburn,Cockburn Asset Model,-32.15201685,115.801055
Asset,Substation,Cockburn Cement Limited,Cockburn,Cockburn Asset Model,-32.151688,115.8011145
Asset,Hydrogen Hub,Hydrogen Refueller Station Project,Cockburn,Cockburn Asset Model,-32.11486,115.858373
Asset,Hydrogen Hub,ATCO Hydrogen Blending Project,Cockburn,Cockburn Asset Model,-32.114,115.859
Asset,Hydrogen Hub,Clean Energy Innovation Hub,Cockburn,Cockburn Asset Model,-32.113886,115.858845
Asset,Substation,Glen Iris,Cockburn,Cockburn Asset Model,-32.093162,115.850161
Asset,Substation,Amherst,Fremantle,Fremantle Asset Model,-32.05700429,115.7617365
Asset,Substation,Edmund Street,Fremantle,Fremantle Asset Model,-32.05613879,115.7612
Asset,Community Energy Organisation,Fremantle Wind Farm Cooperative Ltd,Fremantle,Fremantle Asset Model,-32.05179315,115.7552119
Asset,Fuel Terminal,North Fremantle,Fremantle,Fremantle Asset Model,-32.03858566,115.7479019
Asset,Substation,North Fremantle,Fremantle,Fremantle Asset Model,-32.03792019,115.7521985
Asset,Fuel Terminal,Fremantle,Fremantle,Fremantle Asset Model,-32.0334549,115.7484283
Asset,Wind Farm,Rottnest Island Wind Turbine,Cockburn,Cockburn Asset Model,-31.99375199,115.5289139
Asset,Substation,O'Connor,Fremantle,Fremantle Asset Model,-32.057186,115.802845
Asset,Substation,Medina,Kwinana,Kwinana Asset Model,-32.2250955,115.8062735
Asset,Fuel Depot,Kwinana,Kwinana,Kwinana Asset Model,-32.24588585,115.7825089
Asset,Fuel Terminal,Kwinana,Kwinana,Kwinana Asset Model,-32.24534226,115.7719078
Asset,Hydrogen Hub,Parmelia Green Hydrogen Project,Kwinana,Kwinana Asset Model,-32.2443111,115.7744906
Asset,Substation,CSBP,Kwinana,Kwinana Asset Model,-32.23621491,115.7758297
Asset,Fuel Terminal,Kwinana,Kwinana,Kwinana Asset Model,-32.22916991,115.7630975
Asset,Hydrogen Hub,Kwinana Hydrogen Hub,Kwinana,Kwinana Asset Model,-32.227669,115.775597
Asset,Fuel Refinery,Kwinana,Kwinana,Kwinana Asset Model,-32.2270813,115.7631073
Asset,Hydrogen Hub,H2Kwinana,Kwinana,Kwinana Asset Model,-32.22658,115.7639
Asset,Substation,Mason Road,Kwinana,Kwinana Asset Model,-32.22550423,115.7749671
Asset,Substation,British Petroleum,Kwinana,Kwinana Asset Model,-32.2254115,115.7758955
Asset,Biomass Plant,Kwinana Energy Hub,Kwinana,Kwinana Asset Model,-32.22535892,115.7656133
Asset,Natural Gas Power Station,Kwinana Swift,Kwinana,Kwinana Asset Model,-32.22425833,115.7782769
Asset,Substation,British Petroleum Refinery,Kwinana,Kwinana Asset Model,-32.22337856,115.7657359
Asset,Substation,Kwinana Power Partnership,Kwinana,Kwinana Asset Model,-32.22313205,115.7662999
Asset,Natural Gas Power Station,Kwinana Cogeneration,Kwinana,Kwinana Asset Model,-32.222532,115.766121
Asset,Substation,Hismelt,Kwinana,Kwinana Asset Model,-32.21321685,115.7760971
Asset,Substation,Broken Hill-Kwinana,Kwinana,Kwinana Asset Model,-32.2095803,115.7763047
Asset,Substation,Kwinana Stage C,Kwinana,Kwinana Asset Model,-32.2026145,115.7741335
Asset,Natural Gas Power Station,Kwinana NewGen,Kwinana,Kwinana Asset Model,-32.20198,115.772821
Asset,Substation,Cockburn Terminal,Kwinana,Kwinana Asset Model,-32.20032254,115.7760641
Asset,Natural Gas Power Station,Cockburn,Kwinana,Kwinana Asset Model,-32.200119,115.773679
Asset,Fossil Fuel Power Station,Kwinana C,Kwinana,Kwinana Asset Model,-32.19922939,115.7747022
Asset,Fossil Fuel Power Station,Kwinana A,Kwinana,Kwinana Asset Model,-32.1979529,115.7751521
Asset,Substation,Kwinana Stage A B,Kwinana,Kwinana Asset Model,-32.19763872,115.7765384
Asset,Natural Gas Power Station,Kwinana High Efficiency Gas Turbine Plant,Kwinana,Kwinana Asset Model,-32.19729543,115.7753769
Asset,Natural Gas Power Station,Kwinana,Kwinana,Kwinana Asset Model,-32.19700264,115.7759455
Asset,Substation,Alcoa-Kwinana,Kwinana,Kwinana Asset Model,-32.19654406,115.778513
Asset,Natural Gas Power Station,Kwinana (Alcoa Refinery),Kwinana,Kwinana Asset Model,-32.194635,115.779676
Asset,Hydrogen Hub,H2Perth,Kwinana,Kwinana Asset Model,-32.243999,115.814003
Asset,Substation,Myaree,Melville,Melville Asset Model,-32.036623,115.822599
Asset,Regional Delivery Partner,Rangelands NRM Co-ordinating Group (Inc.),Melville,Melville Asset Model,-32.01326858,115.8498115
Asset,Substation,Riverton,Melville,Melville Asset Model,-32.04892717,115.8634568
Asset,Substation,Murdoch,Melville,Melville Asset Model,-32.07749733,115.8431726
Asset,Substation,Australian Fused Metals,Rockingham,Rockingham Asset Model,-32.26421572,115.7628323
Asset,Substation,Western Mining,Rockingham,Rockingham Asset Model,-32.25366259,115.76477
Asset,Substation,Rockingham,Rockingham,Rockingham Asset Model,-32.2852495,115.729793
Asset,Substation,Waikiki,Rockingham,Rockingham Asset Model,-32.32534025,115.7565831
Asset,Biogas Plant,Rockingham,Rockingham,Rockingham Asset Model,-32.28632251,115.8153889
Asset,Fuel Terminal,Albany,Albany,Albany Asset Model,-35.03593445,117.9075279
Asset,Regional Delivery Partner,South Coast Natural Resource Management Inc.,Albany,Albany Asset Model,-35.01552534,117.8797267
Asset,Wheat Farm,Living Farm,Albany,Albany Asset Model,-34.540011,118.2915
Asset,Wheat Farm,Living Farm,Albany,Albany Asset Model,-34.540011,118.2915
Asset,Wind Farm,Denmark,Denmark,Denmark Asset Model,-35.03690722,117.321435
Asset,Community Energy Organisation,Denmark Community Windfarm Ltd,Denmark,Denmark Asset Model,-34.96111919,117.3530447
Asset,Wheat Farm,Living Farm,Gnowangerup,Gnowangerup Asset Model,-34.058305,118.023124
Asset,Wheat Farm,Living Farm,Jerramungup,Jerramungup Asset Model,-33.9176,118.9978
Asset,Wheat Farm,Living Farm,Jerramungup,Jerramungup Asset Model,-33.9176,118.9978
Asset,Fossil Fuel Power Station,Bremer Bay Diesel Backup,Jerramungup,Jerramungup Asset Model,-34.40182818,119.3888043
Asset,Wind Farm,Bremer Bay Wind Turbine,Jerramungup,Jerramungup Asset Model,-34.39900715,119.3914814
Asset,Substation,Katanning,Katanning,Katanning Asset Model,-33.70068553,117.5295511
Asset,Fuel Depot,Katanning,Katanning,Katanning Asset Model,-33.69695282,117.5629539
Asset,Fuel Depot,Katanning,Katanning,Katanning Asset Model,-33.69656372,117.5624847
Asset,Community Energy Organisation,Katanning Energy,Katanning,Katanning Asset Model,-33.68940784,117.5551284
Asset,Wheat Farm,Living Farm,Kojonup,Kojonup Asset Model,-33.890738,116.968536
Asset,Substation,Kojonup,Kojonup,Kojonup Asset Model,-33.809974,117.1351255
Asset,Wind Farm,Albany Wind Farm,Albany,Albany Asset Model,-35.064147,117.797695
Asset,Wind Farm,Grasmere Wind Farm (Albany Stage II),Albany,Albany Asset Model,-35.05065052,117.7637609
Asset,Fuel Depot,Milpara,Albany,Albany Asset Model,-34.99531174,117.8722305
Asset,Substation,Albany,Albany,Albany Asset Model,-34.97638184,117.8316106
Asset,Substation,Mount Barker,Plantagenet,Plantagenet Asset Model,-34.6029833,117.6065028
Asset,Wind Farm,Mt Barker,Plantagenet,Plantagenet Asset Model,-34.60124985,117.6460456
Asset,Wheat Farm,Living Farm,Plantagenet,Plantagenet Asset Model,-34.46209,117.5253
Asset,Substation,Muchea,Chittering,Chittering Asset Model,-31.55777379,115.9585799
Asset,Substation,Kerr-McGee Muchea,Chittering,Chittering Asset Model,-31.53354476,115.9667934
Asset,Fuel Depot,Quairading,Quairading,Quairading Asset Model,-32.01380158,117.391571
Asset,Wheat Farm,Kalyx Perth,Cunderdin,Cunderdin Asset Model,-31.59005,117.10934
Asset,Substation,Cunderdin,Cunderdin,Cunderdin Asset Model,-31.6527355,117.2437485
Asset,Wheat Farm,Kalyx Perth,Kellerberrin,Kellerberrin Asset Model,-31.64652,117.65746
Asset,Substation,Kellerberrin,Kellerberrin,Kellerberrin Asset Model,-31.632935,117.77456
Asset,Fuel Depot,Wongan Hills,Wongan-Ballidu,Wongan-Ballidu Asset Model,-30.89797497,116.7199707
Asset,Wheat Farm,SLR,Goomalling,Goomalling Asset Model,-31.272719,116.891302
Asset,Wheat Farm,Living Farm,Wongan-Ballidu,Wongan-Ballidu Asset Model,-30.836456,117.035558
Asset,Wheat Farm,Living Farm,Wyalkatchem,Wyalkatchem Asset Model,-31.061452,117.300994
Asset,Fuel Depot,Wyalkatchem,Wyalkatchem,Wyalkatchem Asset Model,-31.17848587,117.377594
Asset,Fuel Depot,Koorda,Koorda,Koorda Asset Model,-30.82310295,117.4820786
Asset,Solar Farm,Boonanarring Solar Farm,Gingin,Gingin Asset Model,-31.19978757,115.8053096
Asset,Substation,Regans,Gingin,Gingin Asset Model,-31.01021167,115.7130442
Asset,Wind Farm,Karakin,Gingin,Gingin Asset Model,-31.00646486,115.4634756
Asset,Wind Farm,West Hills,Dandaragan,Dandaragan Asset Model,-30.87102586,115.3916304
Asset,Wind Farm,Yandin,Dandaragan,Dandaragan Asset Model,-30.76831565,115.642823
Asset,Wheat Farm,SLR,Dandaragan,Dandaragan Asset Model,-30.69501,115.701841
Asset,Substation,Cataby,Dandaragan,Dandaragan Asset Model,-30.65165856,115.4576433
Asset,Wind Farm,Emu Downs Wind Farm,Dandaragan,Dandaragan Asset Model,-30.488191,115.376754
Asset,Solar Farm,Emu Downs Solar Farm,Dandaragan,Dandaragan Asset Model,-30.4854129,115.4149531
Asset,Solar Farm,Badgingarra Solar Farm,Dandaragan,Dandaragan Asset Model,-30.46126255,115.3461273
Asset,Wind Farm,Badgingarra,Dandaragan,Dandaragan Asset Model,-30.40230661,115.3268578
Asset,Wheat Farm,Living Farm,Narembeen,Narembeen Asset Model,-31.983779,118.323621
Asset,Substation,Merredin 66/22kV,Merredin,Merredin Asset Model,-31.493776,118.2437345
Asset,Solar Farm,Merredin Solar Farm,Merredin,Merredin Asset Model,-31.54460815,118.2281408
Asset,Wheat Farm,Living Farm,Merredin,Merredin Asset Model,-31.568,118.097274
Asset,Fossil Fuel Power Station,Merredin,Merredin,Merredin Asset Model,-31.54231385,118.2269979
Asset,Fuel Depot,Merredin,Merredin,Merredin Asset Model,-31.48302078,118.2524529
Asset,Wind Farm,Collgar Wind Farm,Merredin,Merredin Asset Model,-31.54317741,118.4565685
Asset,Substation,Baandee,Merredin,Merredin Asset Model,-31.5806146,118.0123636
Asset,Fuel Depot,Bruce Rock,Bruce Rock,Bruce Rock Asset Model,-31.87469769,118.1494751
Asset,Substation,Merredin Terminal,Merredin,Merredin Asset Model,-31.53965295,118.2274279
Asset,Substation,Collgar,Merredin,Merredin Asset Model,-31.54208881,118.4565923
Asset,Fuel Depot,Moora,Moora,Moora Asset Model,-30.63504887,116.0089188
Asset,Substation,Moora,Moora,Moora Asset Model,-30.6314569,116.0287036
Asset,Wheat Farm,SLR,Moora,Moora Asset Model,-30.435716,116.319104
Asset,Wheat Farm,SLR,Victoria Plains,Victoria Plains Asset Model,-31.120665,116.511955
Asset,Wheat Farm,SLR,Dalwallinu,Dalwallinu Asset Model,-30.199078,116.660624
Asset,Fuel Depot,Geraldton Fuel,Dalwallinu,Dalwallinu Asset Model,-30.27365875,116.6650162
Asset,Wheat Farm,SLR,Dalwallinu,Dalwallinu Asset Model,-30.310207,116.955321
Asset,Wheat Farm,SLR,Dalwallinu,Dalwallinu Asset Model,-30.369222,117.037753
Asset,Wheat Farm,SLR,Dalwallinu,Dalwallinu Asset Model,-30.369222,117.037753
Asset,Fuel Depot,Kelannie,Dalwallinu,Dalwallinu Asset Model,-30.36605644,117.1198311
Asset,Wheat Farm,Living Farm,Trayning,Trayning Asset Model,-31.051639,117.810913
Asset,Wheat Farm,Living Farm,Mount Marshall,Mount Marshall Asset Model,-30.486151,117.87953
Asset,Wheat Farm,Living Farm,Mount Marshall,Mount Marshall Asset Model,-30.486151,117.87953
Asset,Fuel Depot,Mukinbudin,Mukinbudin,Mukinbudin Asset Model,-30.91324806,118.2031136
Asset,Wheat Farm,Living Farm,Mukinbudin,Mukinbudin Asset Model,-31.006378,118.278984
Asset,Substation,Carrabin,Westonia,Westonia Asset Model,-31.39590026,118.6828393
Asset,Substation,Yerbillon,Westonia,Westonia Asset Model,-31.39129811,118.7378705
Asset,Substation,Southern Cross,Yilgarn,Yilgarn Asset Model,-31.19841799,119.3111091
Asset,Substation,Yilgarn,Yilgarn,Yilgarn Asset Model,-31.30981797,119.3686801
Asset,Substation,Bounty Gold Mine,Yilgarn,Yilgarn Asset Model,-32.10490996,119.7677925
Asset,Wheat Farm,Living Farm,Yilgarn,Yilgarn Asset Model,-31.494096,119.096336
Asset,Wheat Farm,Living Farm,Yilgarn,Yilgarn Asset Model,-31.494096,119.096336
Asset,Substation,Wundowie,Northam,Northam Asset Model,-31.77430983,116.3903926
Asset,Regional Delivery Partner,Wheatbelt Natural Resource Management,Northam,Northam Asset Model,-31.65602756,116.6692079
Asset,Hydrogen Hub,Early Production System: MEG-HP1,Northam,Northam Asset Model,-31.653519,116.672693
Asset,Fuel Depot,"Northam
",Northam,Northam Asset Model,-31.64854431,116.6796608
Asset,Fuel Depot,Northam,Northam,Northam Asset Model,-31.65012741,116.685257
Asset,Substation,Northam 66,Northam,Northam Asset Model,-31.65278274,116.6981601
Asset,Substation,Northam 132,Northam,Northam Asset Model,-31.65309592,116.6997261
Asset,Solar Farm,Northam Solar Farm,Northam,Northam Asset Model,-31.65208373,116.7115296
Asset,Wheat Farm,Kalyx Perth,Beverley,Beverley Asset Model,-32.03041,116.87139
Asset,Wheat Farm,Kalyx Perth,Beverley,Beverley Asset Model,-32.03041,116.87139
Asset,Wheat Farm,Kalyx Perth,Beverley,Beverley Asset Model,-32.10976034,116.9232475
Asset,Wheat Farm,Kalyx Perth,Corrigin,Corrigin Asset Model,-32.53514,117.68213
Asset,Fuel Depot,Corrigin,Corrigin,Corrigin Asset Model,-32.33312225,117.8730392
Asset,Wheat Farm,Kalyx Perth,Corrigin,Corrigin Asset Model,-32.33964,117.87746
Asset,Wheat Farm,Kalyx Perth,Kulin,Kulin Asset Model,-32.61513,117.98405
Asset,Substation,Kondinin,Kondinin,Kondinin Asset Model,-32.45906454,118.2492961
Asset,Wheat Farm,Living Farm,Lake Grace,Lake Grace Asset Model,-33.01026,118.4698
Asset,Fuel Depot,Hyden,Kondinin,Kondinin Asset Model,-32.45137215,118.8609924
Asset,Wheat Farm,Living Farm,Kondinin,Kondinin Asset Model,-32.379001,119.285417
Asset,Wheat Farm,Living Farm,Kondinin,Kondinin Asset Model,-32.379001,119.285417
Asset,Wheat Farm,Kalyx Perth,Kulin,Kulin Asset Model,-32.72695,119.50266
Asset,Substation,Wells Terminal,Boddington,Boddington Asset Model,-32.71731119,116.3165261
Asset,Substation,Boddington Gold Mine,Boddington,Boddington Asset Model,-32.73639617,116.3593731
Asset,Fuel Depot,Narrogin,Narrogin,Narrogin Asset Model,-32.92845917,117.1777344
Asset,Fuel Depot,Narrogin,Narrogin,Narrogin Asset Model,-32.92925644,117.1778221
Asset,Biomass Plant,Narrogin Bioenergy Plant,Narrogin,Narrogin Asset Model,-32.95211795,117.191581
Asset,Substation,Narrogin,Narrogin,Narrogin Asset Model,-32.95264052,117.19193
Asset,Substation,Narrogin South,Narrogin,Narrogin Asset Model,-32.9611955,117.193667
Asset,Wheat Farm,Kalyx Perth,Williams,Williams Asset Model,-32.95687,116.88524
Asset,Wheat Farm,Kalyx Perth,Williams,Williams Asset Model,-32.95687,116.88524
Asset,Substation,Wagin,Wagin,Wagin Asset Model,-33.31668495,117.3160484
Asset,Wheat Farm,Living Farm,Wagin,Wagin Asset Model,-33.30854965,117.3445679
Asset,Natural Gas Power Station,Broome,Broome,Broome Asset Model,-17.981027,122.204602
Asset,Fuel Terminal,Broome,Broome,Broome Asset Model,-18.00362396,122.2058983
Asset,Fuel Terminal,Broome,Broome,Broome Asset Model,-18.00322723,122.2079086
Asset,Community Energy Organisation,Low Carbon Kimberly,Broome,Broome Asset Model,-17.96170294,122.2369207
Asset,University,Pilbara Kimberley University Centres Broome,Broome,Broome Asset Model,-17.9535163,122.2449916
Asset,Natural Gas Power Station,Derby,Derby-West Kimberley,Derby-West Kimberley Asset Model,-17.31414107,123.64415
Asset,Natural Gas Power Station,Camballin,Derby-West Kimberley,Derby-West Kimberley Asset Model,-18.02775749,124.1620851
Asset,Natural Gas Power Station,Fitzroy Crossing,Derby-West Kimberley,Derby-West Kimberley Asset Model,-18.19557505,125.5597112
Asset,Natural Gas Power Station,Halls Creek,Halls Creek,Halls Creek Asset Model,-18.23275148,127.661897
Asset,Fossil Fuel Power Station,Savannah Nickel Mine,Halls Creek,Halls Creek Asset Model,-17.36309536,128.0330764
Asset,Fossil Fuel Power Station,Warmun,Halls Creek,Halls Creek Asset Model,-17.0258835,128.2113196
Asset,Substation,Argyle Diamond Mine,Wyndham-East Kimberley,Wyndham-East Kimberley Asset Model,-16.71628385,128.4038786
Asset,Fossil Fuel Power Station,Argyle Diamond Mine,Wyndham-East Kimberley,Wyndham-East Kimberley Asset Model,-16.716157,128.40308
Asset,Pumped Hydropower,Ord River,Wyndham-East Kimberley,Wyndham-East Kimberley Asset Model,-16.120132,128.738325
Asset,Substation,Lake Argyle,Wyndham-East Kimberley,Wyndham-East Kimberley Asset Model,-16.10520409,128.7438008
Asset,Fossil Fuel Power Station,Kununurra,Wyndham-East Kimberley,Wyndham-East Kimberley Asset Model,-15.77955678,128.739462
Asset,Substation,Kununurra,Wyndham-East Kimberley,Wyndham-East Kimberley Asset Model,-15.7788658,128.740308
Asset,Hydrogen Hub,East Kimberley Clean Energy Project,Wyndham-East Kimberley,Wyndham-East Kimberley Asset Model,-15.773611,128.738611
Asset,Substation,Guda Guda,Wyndham-East Kimberley,Wyndham-East Kimberley Asset Model,-15.5278775,128.1883345
Asset,Fuel Terminal,Wyndham,Wyndham-East Kimberley,Wyndham-East Kimberley Asset Model,-15.45116234,128.1061859
Asset,Fossil Fuel Power Station,Kalumburu,Wyndham-East Kimberley,Wyndham-East Kimberley Asset Model,-14.29385554,126.6439552
Asset,Fossil Fuel Power Station,Bidyadanga,Broome,Broome Asset Model,-18.68162717,121.7847809
Asset,Fossil Fuel Power Station,Beagle Bay,Broome,Broome Asset Model,-16.99390006,122.6585086
Asset,Fossil Fuel Power Station,Djarindjin,Broome,Broome Asset Model,-16.51990769,122.9035895
Asset,Fossil Fuel Power Station,Ardyaloon,Broome,Broome Asset Model,-16.44441722,123.0413738
Asset,Natural Gas Power Station,Port Hedland,Port Hedland,Port Hedland Asset Model,-20.37817896,118.5383743
Asset,Substation,West Angelas Mine,East Pilbara,East Pilbara Asset Model,-23.14895383,118.7191731
Asset,Natural Gas Power Station,West Angelas Mine,East Pilbara,East Pilbara Asset Model,-23.15464855,118.7245217
Asset,Substation,West Angelas Mine,East Pilbara,East Pilbara Asset Model,-23.15410603,118.7250547
Asset,Natural Gas Power Station,Port Hedland,Port Hedland,Port Hedland Asset Model,-20.4283,118.5498
Asset,Substation,Hedland,Port Hedland,Port Hedland Asset Model,-20.386174,118.5764254
Asset,Natural Gas Power Station,Wodgina,Port Hedland,Port Hedland Asset Model,-21.17388339,118.674721
Asset,Solar Farm First Nations,Junja Solar Farm,Port Hedland,Port Hedland Asset Model,-20.36768946,118.8310229
Asset,Substation,Hope Downs 1,East Pilbara,East Pilbara Asset Model,-22.93811936,119.0869789
Asset,Substation,BHPB Yandi,East Pilbara,East Pilbara Asset Model,-22.73555295,119.1202702
Asset,Substation,Yandi,East Pilbara,East Pilbara Asset Model,-22.79759334,119.1335838
Asset,Substation,Hope Downs 4,East Pilbara,East Pilbara Asset Model,-23.11613952,119.5025044
Asset,Hydrogen Hub,Australian Renewable Energy Hub,East Pilbara,East Pilbara Asset Model,-20.317253,121.042081
Asset,Natural Gas Power Station,Telfer Gold Mine,East Pilbara,East Pilbara Asset Model,-21.712911,122.209103
Asset,Fossil Fuel Power Station,Hope Downs 4 Iron Ore Mine,East Pilbara,East Pilbara Asset Model,-23.20316756,119.5060814
Asset,Substation,Goldsworthy,East Pilbara,East Pilbara Asset Model,-20.33926361,119.5256958
Asset,Natural Gas Power Station,Newman Iron Ore Mine,East Pilbara,East Pilbara Asset Model,-23.344275,119.708587
Asset,Hydrogen Hub,Christmas Creek Renewable Hydrogen Mobility Project,East Pilbara,East Pilbara Asset Model,-22.402009,119.728194
Asset,Fossil Fuel Power Station,Christmas Creek Iron Ore Mine,East Pilbara,East Pilbara Asset Model,-22.399,119.732
Asset,Solar Farm,Marble Bar Solar Farm,East Pilbara,East Pilbara Asset Model,-21.16434463,119.7412
Asset,Fossil Fuel Power Station,Marble Bar Diesel Backup,East Pilbara,East Pilbara Asset Model,-21.16492293,119.7418515
Asset,Fossil Fuel Power Station,Roy Hill,East Pilbara,East Pilbara Asset Model,-22.48123779,119.9471869
Asset,Solar Farm,Nullagine Solar Farm,East Pilbara,East Pilbara Asset Model,-21.8795011,120.1117234
Asset,Fossil Fuel Power Station,Nullagine Diesel Backup,East Pilbara,East Pilbara Asset Model,-21.87944415,120.1128625
Asset,University,Pilbara Kimberley University Centres Port Hedland,Port Hedland,Port Hedland Asset Model,-20.31208177,118.5772781
Asset,Fuel Terminal,Port Hedland,Port Hedland,Port Hedland Asset Model,-20.31441307,118.5803452
Asset,Fuel Terminal,Port Hedland,Port Hedland,Port Hedland Asset Model,-20.31406975,118.5822296
Asset,Fuel Depot,Port Hedland,Port Hedland,Port Hedland Asset Model,-20.36966604,118.5869605
Asset,Fuel Depot,Wedgefield,Port Hedland,Port Hedland Asset Model,-20.38083458,118.5910568
Asset,Hydrogen Hub,Pilbara Hydrogen Hub,Port Hedland,Port Hedland Asset Model,-20.31,118.601111
Asset,Substation,South Hedland,Port Hedland,Port Hedland Asset Model,-20.4092555,118.6160485
Asset,Natural Gas Power Station,Onslow,Ashburton,Ashburton Asset Model,-21.65822155,115.0990248
Asset,Substation,Pannawomica,Ashburton,Ashburton Asset Model,-21.68011957,116.4644209
Asset,Substation,Millstream,Ashburton,Ashburton Asset Model,-21.24350431,116.9746552
Asset,Solar Farm First Nations,Yindjibarndi Solar Farm,Ashburton,Ashburton Asset Model,-21.59061322,117.5730463
Asset,Battery Energy Storage System First Nations,Yindjibarndi,Ashburton,Ashburton Asset Model,-21.62964333,117.5815421
Asset,Substation,Paraburdoo,Ashburton,Ashburton Asset Model,-23.2224474,117.6130232
Asset,Natural Gas Power Station,Paraburdoo,Ashburton,Ashburton Asset Model,-23.2232601,117.613267
Asset,Natural Gas Power Station,Paraburdoo (Standby),Ashburton,Ashburton Asset Model,-23.22382354,117.6136744
Asset,Wind Farm First Nations,Yindjibarndi,Ashburton,Ashburton Asset Model,-21.59741896,117.6242825
Asset,Substation,Tom Price,Ashburton,Ashburton Asset Model,-22.73596814,117.7762885
Asset,Natural Gas Power Station,Solomon Iron Ore Mine,Ashburton,Ashburton Asset Model,-22.15813879,117.9848638
Asset,Fossil Fuel Power Station,Cloudbreak,Ashburton,Ashburton Asset Model,-22.32471027,119.404017
Asset,Substation,Karratha ,Karratha,Karratha Asset Model,-20.762308,116.8348525
Asset,Natural Gas Power Station,Karratha,Karratha,Karratha Asset Model,-20.762567,116.837473
Asset,University,Pilbara Kimberley University Centres Karratha,Karratha,Karratha Asset Model,-20.73347641,116.8451987
Asset,Fuel Depot,Karratha,Karratha,Karratha Asset Model,-20.77553177,116.8608856
Asset,Natural Gas Power Station,Cape Preston,Karratha,Karratha Asset Model,-21.07670614,116.1590157
Asset,Natural Gas Power Station,Dampier,Karratha,Karratha Asset Model,-20.647985,116.721904
Asset,Substation,Dampier,Karratha,Karratha Asset Model,-20.64893804,116.7220438
Asset,Fuel Terminal,Dampier,Karratha,Karratha Asset Model,-20.6452837,116.7240219
Asset,Natural Gas Power Station,Yurralyi Maya (Karratha Seven Mile),Karratha,Karratha Asset Model,-20.762,116.742
Asset,Substation,Yurralyi Maya,Karratha,Karratha Asset Model,-20.76270789,116.7426053
Asset,Natural Gas Power Station,Burrup Peninsula (Pluto Phase 1),Karratha,Karratha Asset Model,-20.59368,116.78015
Asset,Natural Gas Power Station,Burrup Peninsula (Karratha Gas Plant),Karratha,Karratha Asset Model,-20.628649,116.782147
Asset,Hydrogen Hub,Yuri Renewable Hydrogen to Ammonia Project,Karratha,Karratha Asset Model,-20.624733,116.783359
Asset,Substation,Cape Lambert ,Karratha,Karratha Asset Model,-20.6535305,117.1391075
Asset,Natural Gas Power Station,Cape Lambert,Karratha,Karratha Asset Model,-20.64877064,117.1407313
Asset,Fuel Terminal,Cape Lambert,Karratha,Karratha Asset Model,-20.60061169,117.1689072
Asset,Wind Farm,Esperance Wind Farm Ten Mile Lagoon,Esperance,Esperance Asset Model,-33.88016906,121.7690389
Asset,Wind Farm,Esperance Wind Farm Nine Mile Beach,Esperance,Esperance Asset Model,-33.89271,121.77778
Asset,Fuel Terminal,Esperance,Esperance,Esperance Asset Model,-33.85106659,121.8953514
Asset,Fuel Depot,Chadwick,Esperance,Esperance Asset Model,-33.85218811,121.8966141
Asset,Fuel Terminal,Esperance,Esperance,Esperance Asset Model,-33.8512001,121.897583
Asset,Natural Gas Power Station,Esperance,Esperance,Esperance Asset Model,-33.8762,121.8998
Asset,Fuel Depot,Ravensthorpe,Ravensthorpe,Ravensthorpe Asset Model,-33.58230972,120.0431099
Asset,Wind Farm,Hopetoun Wind Turbines,Ravensthorpe,Ravensthorpe Asset Model,-33.90776359,120.1296812
Asset,Fossil Fuel Power Station,Hopetoun Diesel Backup,Ravensthorpe,Ravensthorpe Asset Model,-33.90504892,120.129934
Asset,Fossil Fuel Power Station,Ravensthorpe,Ravensthorpe,Ravensthorpe Asset Model,-33.61,120.36
Asset,Wheat Farm,Kalyx Perth,Esperance,Esperance Asset Model,-33.59479,121.19654
Asset,Wheat Farm,Kalyx Perth,Esperance,Esperance Asset Model,-33.66785,121.75334
Asset,Wheat Farm,Kalyx Perth,Esperance,Esperance Asset Model,-33.66785,121.75334
Asset,Wheat Farm,Kalyx Perth,Esperance,Esperance Asset Model,-33.04745,121.67716
Asset,Wheat Farm,Kalyx Perth,Esperance,Esperance Asset Model,-33.38397,121.88295
Asset,Wheat Farm,Kalyx Perth,Ravensthorpe,Ravensthorpe Asset Model,-33.27023,119.97752
Asset,Solar Farm,Carnarvon Solar Farm,Carnarvon,Carnarvon Asset Model,-24.89702912,113.6741161
Asset,Natural Gas Power Station,Mungullah,Carnarvon,Carnarvon Asset Model,-24.89105146,113.7095328
Asset,Fuel Depot,Carnarvon,Carnarvon,Carnarvon Asset Model,-24.8818512,113.6980286
Asset,Natural Gas Power Station,Carnarvon,Carnarvon,Carnarvon Asset Model,-24.86915968,113.6753754
Asset,Hydrogen Hub,Denham Hydrogen Demonstration Plant,Shark Bay,Shark Bay Asset Model,-25.927566,113.541262
Asset,Fossil Fuel Power Station,Denham Diesel Backup,Shark Bay,Shark Bay Asset Model,-25.91672484,113.5339545
Asset,Wind Farm,Denham Wind Turbines,Shark Bay,Shark Bay Asset Model,-25.91152387,113.549311
Asset,Fossil Fuel Power Station,Gascoyne Junction,Upper Gascoyne,Upper Gascoyne Asset Model,-25.05569376,115.2082892
Asset,Hydrogen Hub,HyEnergy Project,Carnarvon,Carnarvon Asset Model,-24.740207,113.627528
Asset,Hydrogen Hub,Boolathana Project,Carnarvon,Carnarvon Asset Model,-24.652676,113.693627
Asset,Wind Farm,Coral Bay Wind Turbines,Carnarvon,Carnarvon Asset Model,-23.15441917,113.7720668
Asset,Fossil Fuel Power Station,Coral Bay Diesel Backup,Carnarvon,Carnarvon Asset Model,-23.15214432,113.776179
Asset,Natural Gas Power Station,Exmouth,Exmouth,Exmouth Asset Model,-21.94645795,114.1249981
Asset,Wind Farm,Exmouth Advanced Mini Wind Farm,Exmouth,Exmouth Asset Model,-21.8126315,114.1335056
Asset,Substation,Boulder,Kalgoorlie-Boulder,Kalgoorlie-Boulder Asset Model,-30.7804665,121.493426
Asset,Fuel Depot,West Kalgoorlie,Kalgoorlie-Boulder,Kalgoorlie-Boulder Asset Model,-30.77877522,121.4250565
Asset,Fuel Depot,Kalgoorlie,Kalgoorlie-Boulder,Kalgoorlie-Boulder Asset Model,-30.77976036,121.4257431
Asset,Fuel Depot,West Kalgoorlie,Kalgoorlie-Boulder,Kalgoorlie-Boulder Asset Model,-30.77810288,121.4261475
Asset,Fuel Depot,West Kalgoorlie,Kalgoorlie-Boulder,Kalgoorlie-Boulder Asset Model,-30.77734566,121.4274063
Asset,Fuel Depot,West Kalgoorlie,Kalgoorlie-Boulder,Kalgoorlie-Boulder Asset Model,-30.77634049,121.4292183
Asset,Substation,Parkeston,Kalgoorlie-Boulder,Kalgoorlie-Boulder Asset Model,-30.7376817,121.5059929
Asset,Natural Gas Power Station,Kalgoorlie (Parkeston),Kalgoorlie-Boulder,Kalgoorlie-Boulder Asset Model,-30.73781,121.506543
Asset,Substation,Piccadilly,Kalgoorlie-Boulder,Kalgoorlie-Boulder Asset Model,-30.74556088,121.4642171
Asset,Solar Farm,Sandy Ridge Solar Farm,Coolgardie,Coolgardie Asset Model,-30.36659771,120.0980943
Asset,Fossil Fuel Power Station,Norseman Mine,Dundas,Dundas Asset Model,-32.1962648,121.7943338
Asset,Solar Farm,Nova Solar Farm,Dundas,Dundas Asset Model,-31.8058084,123.1736559
Asset,Hydrogen Hub,Western Green Energy Hub,Dundas,Dundas Asset Model,-31.48454,128.61972
Asset,Solar Farm First Nations,Western Green Energy Hub Solar Farm,Kalgoorlie-Boulder,Kalgoorlie-Boulder Asset Model,-31.19559948,128.5952859
Asset,Wind Farm First Nations,Western Green Energy Hub,Kalgoorlie-Boulder,Kalgoorlie-Boulder Asset Model,-31.3096781,128.6067896
Asset,Natural Gas Power Station,Cawse Nickel Mine,Kalgoorlie-Boulder,Kalgoorlie-Boulder Asset Model,-30.38080581,121.1634809
Asset,Substation,Black Flag,Kalgoorlie-Boulder,Kalgoorlie-Boulder Asset Model,-30.53712458,121.2432054
Asset,Fossil Fuel Power Station,West Kalgoorlie,Kalgoorlie-Boulder,Kalgoorlie-Boulder Asset Model,-30.780635,121.423355
Asset,Substation,West Kalgoorlie ,Kalgoorlie-Boulder,Kalgoorlie-Boulder Asset Model,-30.78134576,121.4239909
Asset,Natural Gas Power Station,Kalgoorlie Nickel Smelter,Kalgoorlie-Boulder,Kalgoorlie-Boulder Asset Model,-30.873669,121.484188
Asset,Substation,Western Mining Smelter,Kalgoorlie-Boulder,Kalgoorlie-Boulder Asset Model,-30.874754,121.4863045
Asset,Natural Gas Power Station,Kambalda,Coolgardie,Coolgardie Asset Model,-31.19193479,121.6740843
Asset,Substation,Western Mining Kambalda,Coolgardie,Coolgardie Asset Model,-31.19239672,121.6749776
Asset,Substation,Jan,Coolgardie,Coolgardie Asset Model,-31.36989176,121.801994
Asset,Solar Farm,Carosue Dam Solar Farm,Kalgoorlie-Boulder,Kalgoorlie-Boulder Asset Model,-30.15916641,122.3644388
Asset,Battery Energy Storage System First Nations,Tjiwarl Katu Power,Leonora,Leonora Asset Model,-27.48082725,120.5443375
Asset,Solar Farm First Nations,Tjiwarl Katu Power Solar Farm,Leonora,Leonora Asset Model,-27.48040866,120.545917
Asset,Wind Farm First Nations,Tjiwarl Katu Power,Leonora,Leonora Asset Model,-27.47637015,120.55452
Asset,Natural Gas Power Station,Leinster Nickel Mine,Leonora,Leonora Asset Model,-27.81412138,120.6989963
Asset,Natural Gas Power Station,Darlot Gold Mine,Leonora,Leonora Asset Model,-27.89720716,121.2697661
Asset,Natural Gas Power Station,Leonora,Leonora,Leonora Asset Model,-28.88107638,121.3212747
Asset,Natural Gas Power Station,Murrin Murrin (Nickel Mine),Leonora,Leonora Asset Model,-28.923754,121.32929
Asset,Fossil Fuel Power Station,Menzies,Menzies,Menzies Asset Model,-29.6906019,121.0251779
Asset,Major Project,Kalgoorlie Nickel Project,Menzies,Menzies Asset Model,-29.77171449,121.0501314
Asset,Major Project,NiWest Nickel Cobalt Project,Leonora,Leonora Asset Model,-28.86769742,121.7823852
Asset,Fossil Fuel Power Station,Laverton,Laverton,Laverton Asset Model,-28.62162366,122.396468
Asset,Fossil Fuel Power Station,Laverton (Granny Smith Gold Mine),Laverton,Laverton Asset Model,-28.809649,122.415029
Asset,Natural Gas Power Station,Sunrise Dam,Laverton,Laverton Asset Model,-29.09268344,122.4392845
Asset,University,Geraldton Universities Centre,Greater Geraldton,Greater Geraldton Asset Model,-28.7857256,114.6124752
Asset,Substation,Rangeway,Greater Geraldton,Greater Geraldton Asset Model,-28.78549796,114.6237408
Asset,Fuel Depot,West End,Greater Geraldton,Greater Geraldton Asset Model,-28.78252411,114.5936584
Asset,Fuel Depot,Geraldton,Greater Geraldton,Greater Geraldton Asset Model,-28.7825222,114.5960693
Asset,Fuel Depot,Geraldton Fuel,Greater Geraldton,Greater Geraldton Asset Model,-28.78228092,114.5974426
Asset,Fuel Depot,West End,Greater Geraldton,Greater Geraldton Asset Model,-28.78130055,114.5935822
Asset,Fuel Terminal,Geraldton,Greater Geraldton,Greater Geraldton Asset Model,-28.78079224,114.5959892
Asset,Fuel Terminal,Geraldton,Greater Geraldton,Greater Geraldton Asset Model,-28.77966118,114.5958138
Asset,Hydrogen Hub,Geraldton Export-Scale Renewable Investment,Greater Geraldton,Greater Geraldton Asset Model,-28.778771,114.613627
Asset,Community Energy Organisation,Geraldton Community Energy,Greater Geraldton,Greater Geraldton Asset Model,-28.77620671,114.6112197
Asset,Substation,Durlacher Street,Greater Geraldton,Greater Geraldton Asset Model,-28.775184,114.6136985
Asset,Fuel Depot,Geraldton,Greater Geraldton,Greater Geraldton Asset Model,-28.7509594,114.6295853
Asset,Substation,Chapman,Greater Geraldton,Greater Geraldton Asset Model,-28.72462047,114.632102
Asset,Natural Gas Power Station,Geraldton,Greater Geraldton,Greater Geraldton Asset Model,-28.770107,114.648482
Asset,Substation,Geraldton,Greater Geraldton,Greater Geraldton Asset Model,-28.7690745,114.648775
Asset,Hydrogen Hub,Mid-West Hydrogen Hub,Chapman Valley,Chapman Valley Asset Model,-28.602,114.612
Asset,Hydrogen Hub,Arrowsmith Hydrogen Project - HP1,Irwin,Irwin Asset Model,-29.249187,114.931326
Asset,Hydrogen Hub,Mid West Clean Energy,Irwin,Irwin Asset Model,-29.4115222,115.0076694
Asset,Hydrogen Hub,Joint Feasibility Study for Creation of a Supply Chain of Low Carbon Ammonia in Western Australia,Irwin,Irwin Asset Model,-29.29119,115.109253
Asset,Natural Gas Power Station,Beharra Springs,Irwin,Irwin Asset Model,-29.46342448,115.1407166
Asset,Natural Gas Power Station,Mount Magnet,Mount Magnet,Mount Magnet Asset Model,-28.08708434,117.832711
Asset,Fossil Fuel Power Station,Cue,Cue,Cue Asset Model,-27.42124775,117.8894843
Asset,Natural Gas Power Station,Windimurra Vanadium Mine,Mount Magnet,Mount Magnet Asset Model,-28.29331302,118.537147
Asset,Fossil Fuel Power Station,Sandstone,Sandstone,Sandstone Asset Model,-27.98526935,119.2949593
Asset,Fossil Fuel Power Station,Yalgoo,Yalgoo,Yalgoo Asset Model,-28.33753663,116.6834916
Asset,Substation,Golden Grove,Yalgoo,Yalgoo Asset Model,-28.7448535,116.942231
Asset,Fossil Fuel Power Station,Meekatharra,Meekatharra,Meekatharra Asset Model,-26.59517156,118.483022
Asset,Natural Gas Power Station,Plutonic Gold Mine,Meekatharra,Meekatharra Asset Model,-25.311002,119.450757
Asset,Natural Gas Power Station,Mount Keith Nickel Mine,Wiluna,Wiluna Asset Model,-27.214583,120.547979
Asset,Natural Gas Power Station,Jundee Gold Mine,Wiluna,Wiluna Asset Model,-26.371212,120.577613
Asset,Natural Gas Power Station,Wiluna Gold Mine,Wiluna,Wiluna Asset Model,-26.631568,120.251884
Asset,Fossil Fuel Power Station,Wiluna,Wiluna,Wiluna Asset Model,-26.59215989,120.2185089
Asset,Wheat Farm,Crop Circle,Coorow,Coorow Asset Model,-30.05785957,115.3296332
Asset,Substation,Eneabba,Coorow,Coorow Asset Model,-29.978208,115.3329355
Asset,Wind Farm,Beros Road,Coorow,Coorow Asset Model,-29.95977707,115.362088
Asset,Wind Farm,Warradarge,Coorow,Coorow Asset Model,-29.93560275,115.5287307
Asset,Wheat Farm,Crop Circle,Carnamah,Carnamah Asset Model,-29.81760996,115.2631557
Asset,Wheat Farm,Crop Circle,Carnamah,Carnamah Asset Model,-29.81760996,115.2631557
Asset,Fuel Depot,Mingenew,Mingenew,Mingenew Asset Model,-29.18946266,115.441452
Asset,Wheat Farm,Crop Circle,Mingenew,Mingenew Asset Model,-29.19017028,115.4420796
Asset,Wheat Farm,Crop Circle,Carnamah,Carnamah Asset Model,-29.69087296,115.8867565
Asset,Fuel Depot,Carnamah,Carnamah,Carnamah Asset Model,-29.69206047,115.8869209
Asset,Wheat Farm,Crop Circle,Morawa,Morawa Asset Model,-29.21335985,116.0094278
Asset,Hydrogen Hub,Project Haber,Three Springs,Three Springs Asset Model,-29.47110278,115.2947972
Asset,Fuel Depot,Geraldton Fuel,Three Springs,Three Springs Asset Model,-29.53562355,115.7664375
Asset,Substation,Three Springs,Three Springs,Three Springs Asset Model,-29.51923701,115.7961759
Asset,Substation,Three Springs,Three Springs,Three Springs Asset Model,-29.5177955,115.7692615
Asset,Substation,Karara Mine,Perenjori,Perenjori Asset Model,-29.18770073,116.7594135
Asset,Wheat Farm,Crop Circle,Chapman Valley,Chapman Valley Asset Model,-28.49870668,114.7924009
Asset,Wheat Farm,Crop Circle,Northampton,Northampton Asset Model,-28.1661121,114.7072179
Asset,Wheat Farm,Crop Circle,Northampton,Northampton Asset Model,-28.1661121,114.7072179
Asset,Wind Farm,Kalbarri Wind Farm,Northampton,Northampton Asset Model,-27.89949853,114.1945517
Asset,Solar Farm,Kalbarri PV System,Northampton,Northampton Asset Model,-27.71524695,114.1696918
Asset,Hydrogen Hub,Murchison Renewable Hydrogen Project,Northampton,Northampton Asset Model,-27.6481099,114.2366613
Asset,Wind Farm,Walkaway Wind Farm,Greater Geraldton,Greater Geraldton Asset Model,-28.92285117,114.9281583
Asset,Wind Farm,Mumbida Wind Farm,Greater Geraldton,Greater Geraldton Asset Model,-28.99180488,114.9598878
Asset,Substation,Mumbida Wind Farm,Greater Geraldton,Greater Geraldton Asset Model,-28.99180488,114.9598878
Asset,Wheat Farm,Crop Circle,Chapman Valley,Chapman Valley Asset Model,-28.32829358,115.00223
Asset,Wheat Farm,Crop Circle,Greater Geraldton,Greater Geraldton Asset Model,-28.69546985,115.0409634
Asset,Solar Farm,Greenough River Solar Farm,Greater Geraldton,Greater Geraldton Asset Model,-28.90431806,115.1119375
Asset,Natural Gas Power Station,Mungarra,Greater Geraldton,Greater Geraldton Asset Model,-28.88931129,115.1176989
Asset,Substation,Mungarra,Greater Geraldton,Greater Geraldton Asset Model,-28.89013087,115.1186244
Asset,Wheat Farm,Crop Circle,Greater Geraldton,Greater Geraldton Asset Model,-28.54048408,115.5123327
Asset,Substation,Bridgewater,Brighton,Brighton Asset Model,-42.7315171,147.2312536
Asset,Hydrogen Hub,Hydrogen Brighton Project,Brighton,Brighton Asset Model,-42.71055556,147.2287778
Asset,Substation,Lindisfarne,Clarence,Clarence Asset Model,-42.82488388,147.3493865
Asset,Substation,Mornington,Clarence,Clarence Asset Model,-42.86050279,147.4066829
Asset,Substation,Rokeby,Clarence,Clarence Asset Model,-42.88738547,147.4496461
Asset,Substation,Risdon,Glenorchy,Glenorchy Asset Model,-42.83593547,147.316465
Asset,Hydrogen Hub,Hydrogen Microgrid and Mobility Project,Glenorchy,Glenorchy Asset Model,-42.8360018,147.321699
Asset,Substation,Chapel Street,Glenorchy,Glenorchy Asset Model,-42.84308091,147.2549598
Asset,Biogas Plant,Glenorchy,Glenorchy,Glenorchy Asset Model,-42.84146317,147.2550466
Asset,Substation,New Norfolk,Derwent Valley,Derwent Valley Asset Model,-42.780562,147.0786275
Asset,Substation,New Norfolk,Derwent Valley,Derwent Valley Asset Model,-42.7799455,147.0766645
Asset,Substation,Boyer,Derwent Valley,Derwent Valley Asset Model,-42.779431,147.101065
Asset,Substation,Kingston,Kingborough,Kingborough Asset Model,-42.98950095,147.280737
Asset,Community Energy Organisation,Net Zero Channel,Kingborough,Kingborough Asset Model,-43.10252582,147.2305989
Asset,Substation,Electrona,Kingborough,Kingborough Asset Model,-43.05731181,147.2612906
Asset,Substation,North Hobart,Hobart,Hobart Asset Model,-42.87326184,147.3210127
Asset,Community Energy Organisation,Sustainable Living Tasmania,Hobart,Hobart Asset Model,-42.88259008,147.3257059
Asset,Substation,Creek Road,Hobart,Hobart Asset Model,-42.85947408,147.2917515
Asset,Fuel Depot,New Town,Hobart,Hobart Asset Model,-42.84699631,147.319931
Asset,Fuel Depot,New Town,Hobart,Hobart Asset Model,-42.84666824,147.3221512
Asset,Fuel Depot,New Town,Hobart,Hobart Asset Model,-42.84621811,147.3233185
Asset,Fuel Terminal,Hobart,Hobart,Hobart Asset Model,-42.84560013,147.3249207
Asset,Fuel Terminal,Hobart,Hobart,Hobart Asset Model,-42.84671783,147.3267975
Asset,Fuel Depot,New Town,Hobart,Hobart Asset Model,-42.84536743,147.3274231
Asset,Biogas Plant,Hobart,Hobart,Hobart Asset Model,-42.88825951,147.2888298
Asset,Substation,Sorell,Sorell,Sorell Asset Model,-42.77624,147.5553918
Asset,Fuel Depot,Launceston,Launceston,Launceston Asset Model,-41.42930985,147.1259003
Asset,Regional Delivery Partner,Northern Tasmanian Natural Resource Managment Association Inc.,Launceston,Launceston Asset Model,-41.43567709,147.1380712
Asset,Substation,Mowbray,Launceston,Launceston Asset Model,-41.40923041,147.1364224
Asset,Biogas Plant,Remount,Launceston,Launceston Asset Model,-41.395049,147.155425
Asset,Substation,Norwood,Launceston,Launceston Asset Model,-41.473354,147.1848515
Asset,Pumped Hydropower,Trevallyn,West Tamar,West Tamar Asset Model,-41.42263297,147.1118721
Asset,Substation,Trevallyn,West Tamar,West Tamar Asset Model,-41.42323344,147.1124386
Asset,Substation,St Leonards,Launceston,Launceston Asset Model,-41.43967687,147.1760073
Asset,Pumped Hydropower,Lemonthyme,Meander Valley,Meander Valley Asset Model,-41.603763,146.139022
Asset,Substation,Lemonthyme,Meander Valley,Meander Valley Asset Model,-41.60416954,146.1390593
Asset,Pumped Hydropower,Rowallan,Meander Valley,Meander Valley Asset Model,-41.72952308,146.2175929
Asset,Substation,Fisher,Meander Valley,Meander Valley Asset Model,-41.67330734,146.2683477
Asset,Pumped Hydropower,Fisher,Meander Valley,Meander Valley Asset Model,-41.67319259,146.2686839
Asset,Substation,Hadspen,Meander Valley,Meander Valley Asset Model,-41.50146,147.095381
Asset,Wheat Farm,SFS Tas,Meander Valley,Meander Valley Asset Model,-41.52613282,146.8330995
Asset,Hydrogen Hub,George Town Project,George Town,George Town Asset Model,-41.1,146.816667
Asset,Hydrogen Hub,Origin Green Hydrogen and Ammonia Plant,George Town,George Town Asset Model,-41.136788,146.847163
Asset,Substation,Starwood,George Town,George Town Asset Model,-41.12152487,146.8476281
Asset,Substation,Tasmanian Electro Metallurgical Company,George Town,George Town Asset Model,-41.12975546,146.8556199
Asset,Fuel Terminal,Bell Bay,George Town,George Town Asset Model,-41.13396835,146.8574295
Asset,Hydrogen Hub,Bell Bay Hydrogen Hub,George Town,George Town Asset Model,-41.130444,146.859199
Asset,Hydrogen Hub,Fortescue Green Hydrogen and Ammonia Plant,George Town,George Town Asset Model,-41.135457,146.860261
Asset,Substation,Comalco,George Town,George Town Asset Model,-41.12388287,146.8722157
Asset,Substation,George Town,George Town,George Town Asset Model,-41.1285675,146.8853275
Asset,Substation,Basslink-George Town,George Town,George Town Asset Model,-41.1143705,146.8921315
Asset,Hydrogen Hub,ABEL Energy Bell Bay Powerfuels Project,George Town,George Town Asset Model,-41.141944,146.9025
Asset,Natural Gas Power Station,Bell Bay (Bell Bay Three),George Town,George Town Asset Model,-41.14289636,146.9029975
Asset,Natural Gas Power Station,Tamar Valley,George Town,George Town Asset Model,-41.1401247,146.9036362
Asset,Hydrogen Hub,H2TAS Project,George Town,George Town Asset Model,-41.1639,146.9346
Asset,Pumped Hydropower,Poatina,Northern Midlands,Northern Midlands Asset Model,-41.81148439,146.9191678
Asset,Substation,Palmerston,Northern Midlands,Northern Midlands Asset Model,-41.7872955,146.9902045
Asset,Substation,Avoca,Northern Midlands,Northern Midlands Asset Model,-41.78528165,147.7275842
Asset,Hydrogen Hub,Hydrogen Launceston Project,Northern Midlands,Northern Midlands Asset Model,-41.545,147.215
Asset,Substation,St Marys,Break O'Day,Break O'Day Asset Model,-41.59228037,148.1836715
Asset,Community Energy Organisation,Dorset Renewable Co-operative Limited,Dorset,Dorset Asset Model,-41.16001574,147.5136101
Asset,Substation,Scottsdale,Dorset,Dorset Asset Model,-41.16504731,147.523835
Asset,Substation,Derby,Dorset,Dorset Asset Model,-41.133774,147.811781
Asset,Wind Farm,Musselroe,Dorset,Dorset Asset Model,-40.77981068,148.0097387
Asset,Substation,Musselroe Bay WF,Dorset,Dorset Asset Model,-40.77997929,148.0100947
Asset,Pumped Hydropower,Meadowbank,Central Highlands (Tas.),Central Highlands (Tas.) Asset Model,-42.611199,146.845676
Asset,Substation,Meadowbank,Central Highlands (Tas.),Central Highlands (Tas.) Asset Model,-42.609532,146.8463295
Asset,Pumped Hydropower,Repulse,Central Highlands (Tas.),Central Highlands (Tas.) Asset Model,-42.507695,146.64696
Asset,Pumped Hydropower,Cluny,Central Highlands (Tas.),Central Highlands (Tas.) Asset Model,-42.50642303,146.6811623
Asset,Substation,Cluny,Central Highlands (Tas.),Central Highlands (Tas.) Asset Model,-42.505847,146.6796355
Asset,Pumped Hydropower,Catagunya,Central Highlands (Tas.),Central Highlands (Tas.) Asset Model,-42.45238115,146.5976867
Asset,Substation,Catagunya,Central Highlands (Tas.),Central Highlands (Tas.) Asset Model,-42.4516143,146.5986439
Asset,Pumped Hydropower,Wayatinah,Central Highlands (Tas.),Central Highlands (Tas.) Asset Model,-42.427176,146.534709
Asset,Substation,Wayatinah,Central Highlands (Tas.),Central Highlands (Tas.) Asset Model,-42.4257885,146.5347265
Asset,Pumped Hydropower,Liapootah,Central Highlands (Tas.),Central Highlands (Tas.) Asset Model,-42.376317,146.50989
Asset,Substation,Liapootah,Central Highlands (Tas.),Central Highlands (Tas.) Asset Model,-42.37613365,146.5117159
Asset,Substation,Derwent Bridge,Central Highlands (Tas.),Central Highlands (Tas.) Asset Model,-42.1409995,146.2248025
Asset,Pumped Hydropower,Butlers Gorge,Central Highlands (Tas.),Central Highlands (Tas.) Asset Model,-42.26689751,146.2617581
Asset,Pumped Hydropower,Nieterana,Central Highlands (Tas.),Central Highlands (Tas.) Asset Model,-42.26858672,146.262883
Asset,Substation,Butlers Gorge Tee,Central Highlands (Tas.),Central Highlands (Tas.) Asset Model,-42.2544325,146.3099315
Asset,Pumped Hydropower,Tungatinah,Central Highlands (Tas.),Central Highlands (Tas.) Asset Model,-42.296671,146.456543
Asset,Pumped Hydropower,Tarraleah,Central Highlands (Tas.),Central Highlands (Tas.) Asset Model,-42.301208,146.457156
Asset,Substation,Tungatin,Central Highlands (Tas.),Central Highlands (Tas.) Asset Model,-42.2976905,146.4572095
Asset,Substation,Tarraleah,Central Highlands (Tas.),Central Highlands (Tas.) Asset Model,-42.30038859,146.4577855
Asset,Substation,Lake Echo,Central Highlands (Tas.),Central Highlands (Tas.) Asset Model,-42.25400067,146.6204676
Asset,Pumped Hydropower,Lake Echo,Central Highlands (Tas.),Central Highlands (Tas.) Asset Model,-42.25370224,146.6206993
Asset,Substation,Waddamana 110,Central Highlands (Tas.),Central Highlands (Tas.) Asset Model,-42.1251965,146.745081
Asset,Substation,Waddamana 220,Central Highlands (Tas.),Central Highlands (Tas.) Asset Model,-42.12613746,146.745611
Asset,Pumped Hydropower,Tods Corner,Central Highlands (Tas.),Central Highlands (Tas.) Asset Model,-41.970732,146.793785
Asset,Substation,Tods Corner,Central Highlands (Tas.),Central Highlands (Tas.) Asset Model,-41.97166626,146.7981375
Asset,Substation,Arthurs Lake,Central Highlands (Tas.),Central Highlands (Tas.) Asset Model,-41.98802199,146.8619927
Asset,Pumped Hydropower,Gordon,Derwent Valley,Derwent Valley Asset Model,-42.74051814,145.9828322
Asset,Substation,Gordon,Derwent Valley,Derwent Valley Asset Model,-42.740497,145.9820005
Asset,Substation,Kermandie,Huon Valley,Huon Valley Asset Model,-43.164399,146.945575
Asset,Substation,Knights Road,Huon Valley,Huon Valley Asset Model,-43.0229495,147.0739325
Asset,Community Energy Organisation,Tasman Peninsula Power Inc,Tasman,Tasman Asset Model,-43.05723126,147.8089333
Asset,Substation,Triabunna,Glamorgan-Spring Bay,Glamorgan-Spring Bay Asset Model,-42.4998625,147.9092015
Asset,Substation,Burnie 110,Burnie,Burnie Asset Model,-41.07594788,145.8911268
Asset,Substation,Burnie 220,Burnie,Burnie Asset Model,-41.07677119,145.8912019
Asset,Substation,Hampshire,Burnie,Burnie Asset Model,-41.26981188,145.7274275
Asset,Regional Delivery Partner,Cradle Coast Authority,Burnie,Burnie Asset Model,-41.05597975,145.9064929
Asset,Substation,Emu Bay,Burnie,Burnie Asset Model,-41.06570524,145.9140993
Asset,Fuel Depot,Wivenhoe,Burnie,Burnie Asset Model,-41.07335281,145.9239044
Asset,Fuel Terminal,Burnie,Burnie,Burnie Asset Model,-41.07081604,145.9240265
Asset,Fuel Depot,Caltas Pty Ltd,Burnie,Burnie Asset Model,-41.07034683,145.9261475
Asset,Fuel Terminal,Burnie,Burnie,Burnie Asset Model,-41.06861742,145.9270246
Asset,Substation,Ulverstone,Central Coast (Tas.),Central Coast (Tas.) Asset Model,-41.1715935,146.1622845
Asset,Substation,Devonport,Devonport,Devonport Asset Model,-41.1961035,146.3408765
Asset,Fuel Terminal,Devonport,Devonport,Devonport Asset Model,-41.19491577,146.3646698
Asset,Substation,Wesley Vale,Latrobe (Tas.),Latrobe (Tas.) Asset Model,-41.17918936,146.4448508
Asset,Pumped Hydropower,Wilmot,Kentish,Kentish Asset Model,-41.483312,146.125073
Asset,Pumped Hydropower,Cethana,Kentish,Kentish Asset Model,-41.478738,146.134909
Asset,Substation,Cethana,Kentish,Kentish Asset Model,-41.478738,146.134909
Asset,Pumped Hydropower,Devils Gate,Kentish,Kentish Asset Model,-41.350467,146.263167
Asset,Substation,Sheffield,Kentish,Kentish Asset Model,-41.3357665,146.306969
Asset,Cement Plant,Railton,Kentish,Kentish Asset Model,-41.33088938,146.4155795
Asset,Substation,Railton,Kentish,Kentish Asset Model,-41.33408031,146.4233349
Asset,Pumped Hydropower,Paloona,Kentish,Kentish Asset Model,-41.28261605,146.2489641
Asset,Substation,Paloona,Kentish,Kentish Asset Model,-41.2829355,146.2495775
Asset,Fossil Fuel Power Station,King Island (Currie),King Island,King Island Asset Model,-39.93878522,143.8919646
Asset,Wind Farm,Bluff Point (Woolnorth) Wind Farm,Circular Head,Circular Head Asset Model,-40.720674,144.686919
Asset,Substation,Studland Bay Wind Farm,Circular Head,Circular Head Asset Model,-40.71875321,144.6975619
Asset,Wind Farm,Studland Bay (Woolnorth) Wind Farm,Circular Head,Circular Head Asset Model,-40.778754,144.736204
Asset,Substation,Port Latta,Circular Head,Circular Head Asset Model,-40.85405883,145.3780793
Asset,Hydrogen Hub,Grange Resources Renewable Hydrogen Study,Circular Head,Circular Head Asset Model,-40.85216,145.380864
Asset,Fuel Depot,Smithton,Circular Head,Circular Head Asset Model,-40.85228348,145.1204529
Asset,Substation,Smithton,Circular Head,Circular Head Asset Model,-40.84809299,145.1310609
Asset,Substation,Savage River,Waratah-Wynyard,Waratah-Wynyard Asset Model,-41.487575,145.2123595
Asset,Substation,Waratah,Waratah-Wynyard,Waratah-Wynyard Asset Model,-41.488735,145.4826995
Asset,Substation,Que,Waratah-Wynyard,Waratah-Wynyard Asset Model,-41.59909797,145.6915366
Asset,Hydrogen Hub,HIF Carbon Neutral eFuels Manufacturing Facility,Waratah-Wynyard,Waratah-Wynyard Asset Model,-41.51705,145.71562
Asset,Pumped Hydropower,Reece,West Coast,West Coast Asset Model,-41.72376958,145.1359484
Asset,Hydrogen Hub,Whaleback Energy Park,West Coast,West Coast Asset Model,-41.816105,145.2481
Asset,Pumped Hydropower,Lower Lake Margaret,West Coast,West Coast Asset Model,-42.01471994,145.5261095
Asset,Substation,Farrell,West Coast,West Coast Asset Model,-41.734468,145.5309725
Asset,Pumped Hydropower,Bastyan,West Coast,West Coast Asset Model,-41.735983,145.532112
Asset,Pumped Hydropower,John Butters,West Coast,West Coast Asset Model,-42.15483458,145.5344768
Asset,Substation,Rosebery,West Coast,West Coast Asset Model,-41.777035,145.539544
Asset,Pumped Hydropower,Upper Lake Margaret,West Coast,West Coast Asset Model,-42.004567,145.543699
Asset,Substation,Queenstown,West Coast,West Coast Asset Model,-42.066135,145.56022
Asset,Substation,Newton Pumps,West Coast,West Coast Asset Model,-41.9099255,145.5660745
Asset,Pumped Hydropower,Mackintosh,West Coast,West Coast Asset Model,-41.69974974,145.6461186
Asset,Pumped Hydropower,Tribute,West Coast,West Coast Asset Model,-41.81287029,145.6538199
Asset,Community Energy Organisation,Environment Centre of the Northern Territory,Darwin,Darwin Asset Model,-12.46372269,130.8444197
Asset,Hydrogen Hub,Darwin Clean Hydrogen Hub – Market Development Study,Darwin,Darwin Asset Model,-12.46113,130.84185
Asset,Regional Delivery Partner,Territory Natural Resource Management Incorporated,Darwin,Darwin Asset Model,-12.4579039,130.839548
Asset,Substation,City,Darwin,Darwin Asset Model,-12.4569235,130.8424585
Asset,Substation,Larrakeyah,Darwin,Darwin Asset Model,-12.44975252,130.827701
Asset,Substation,Snell Street,Darwin,Darwin Asset Model,-12.42982142,130.8579713
Asset,Substation,Berrimah,Darwin,Darwin Asset Model,-12.42633385,130.920366
Asset,Natural Gas Power Station,Berrimah,Darwin,Darwin Asset Model,-12.426176,130.919476
Asset,Biogas Plant,Landfill Management Services Shoal Bay,Darwin,Darwin Asset Model,-12.389174,130.925408
Asset,Fuel Terminal,Darwin,Unincorporated NT,Unincorporated NT Asset Model,-12.47881365,130.8983002
Asset,Substation,Hudson Creek 66,Palmerston,Palmerston Asset Model,-12.45895163,130.9315735
Asset,Substation,Hudson Creek 132,Palmerston,Palmerston Asset Model,-12.45894622,130.9322857
Asset,Substation,Casuarina,Darwin,Darwin Asset Model,-12.38324536,130.8760421
Asset,Substation,McMinns,Litchfield,Litchfield Asset Model,-12.56474746,131.0724082
Asset,Substation,Humpty Doo,Litchfield,Litchfield Asset Model,-12.60849547,131.2659202
Asset,Natural Gas Power Station,Weddell,Litchfield,Litchfield Asset Model,-12.57713222,130.9502236
Asset,Substation,Weddell,Litchfield,Litchfield Asset Model,-12.57704095,130.9496937
Asset,Hydrogen Hub,Darwin H2 Hub,Litchfield,Litchfield Asset Model,-12.572222,130.95
Asset,Hydrogen Hub,Darwin H2 Hub,Litchfield,Litchfield Asset Model,-12.572222,130.95
Asset,Hydrogen Hub,Darwin Green Liquid Hydrogen Export Project and Hydrogen Hub Development,Litchfield,Litchfield Asset Model,-12.57,130.96
Asset,Substation,Channel Island,Litchfield,Litchfield Asset Model,-12.55592718,130.8670097
Asset,Natural Gas Power Station,Channel Island,Litchfield,Litchfield Asset Model,-12.554993,130.866587
Asset,Substation,Palmerston,Palmerston,Palmerston Asset Model,-12.47730234,130.9892514
Asset,Substation,Archer,Palmerston,Palmerston Asset Model,-12.51810605,130.9738856
Asset,Fuel Depot,Alice Springs,Alice Springs,Alice Springs Asset Model,-23.69343869,133.8712694
Asset,Fuel Depot,Alice Springs,Alice Springs,Alice Springs Asset Model,-23.69416618,133.874939
Asset,Fuel Depot,Alice Springs,Alice Springs,Alice Springs Asset Model,-23.69383704,133.878147
Asset,Substation,Lovegrove,Alice Springs,Alice Springs Asset Model,-23.69156156,133.8625375
Asset,Community Energy Organisation,Repower Alice Springs,Alice Springs,Alice Springs Asset Model,-23.69973763,133.8818472
Asset,Natural Gas Power Station,Ron Goodin,Alice Springs,Alice Springs Asset Model,-23.709109,133.891175
Asset,Substation,Ron Goodin,Alice Springs,Alice Springs Asset Model,-23.70898865,133.8921331
Asset,Solar Farm,DoubleTree by Hilton Hotel Solar Farm,Alice Springs,Alice Springs Asset Model,-23.71496761,133.8794539
Asset,Solar Farm,Kings Canyon Solar Farm,MacDonnell,MacDonnell Asset Model,-24.25091959,131.5006498
Asset,Natural Gas Power Station,Yulara,Unincorporated NT,Unincorporated NT Asset Model,-25.232313,130.991181
Asset,Solar Farm,Uterne Solar Solar Farm,Alice Springs,Alice Springs Asset Model,-23.76851739,133.8682102
Asset,Solar Farm,Alice Springs Airport Solar Farm,Alice Springs,Alice Springs Asset Model,-23.79656983,133.8971208
Asset,Natural Gas Power Station,Owen Springs,MacDonnell,MacDonnell Asset Model,-23.863611,133.825487
Asset,Natural Gas Power Station,Brewer,MacDonnell,MacDonnell Asset Model,-23.881698,133.828143
Asset,Substation,Owen Springs,MacDonnell,MacDonnell Asset Model,-23.86287887,133.8250408
Asset,Substation,Brewer Estate,MacDonnell,MacDonnell Asset Model,-23.88180914,133.8288227
Asset,Major Project,Ammaroo Phosphate Project,Barkly,Barkly Asset Model,-21.49367873,135.1322537
Asset,Solar Farm,Hermannsburg Solar Farm,MacDonnell,MacDonnell Asset Model,-23.93736458,132.7719282
Asset,Solar Farm,Yuendumu Solar Farm,Central Desert,Central Desert Asset Model,-22.24259062,131.7931457
Asset,Solar Farm,Ti-Tree Solar Farm,Central Desert,Central Desert Asset Model,-22.12423175,133.4146272
Asset,Major Project,Australia-Asia Power Link,Barkly,Barkly Asset Model,-18.19049743,133.4073546
Asset,Fossil Fuel Power Station,Elliott,Barkly,Barkly Asset Model,-17.55036755,133.5392966
Asset,Natural Gas Power Station,Warrego,Barkly,Barkly Asset Model,-19.443393,133.823587
Asset,Hydrogen Hub,Green Springs Project,Barkly,Barkly Asset Model,-20.6596,134.0915194
Asset,Natural Gas Power Station,Tennant Creek,Barkly,Barkly Asset Model,-19.65493,134.175285
Asset,Hydrogen Hub,Desert Bloom Hydrogen,Barkly,Barkly Asset Model,-19.64655,134.19093
Asset,Substation,Tennant Creek,Barkly,Barkly Asset Model,-19.65442602,134.1754761
Asset,Substation,Manton,Coomalie,Coomalie Asset Model,-12.89475756,131.1394392
Asset,Substation,Bundey,Unincorporated NT,Unincorporated NT Asset Model,-12.8237996,131.573924
Asset,Substation,Marrakai,Unincorporated NT,Unincorporated NT Asset Model,-12.74718875,131.4791735
Asset,Fossil Fuel Power Station,Ranger Mine,West Arnhem,West Arnhem Asset Model,-12.68290253,132.9208963
Asset,Substation,Mandorah,Wagait,Wagait Asset Model,-12.44531483,130.7657398
Asset,Substation,Mandorah,Unincorporated NT,Unincorporated NT Asset Model,-12.44709942,130.7409458
Asset,Substation,Cox Peninsula,Unincorporated NT,Unincorporated NT Asset Model,-12.41256472,130.6267172
Asset,Substation,Pine Creek,Victoria Daly,Victoria Daly Asset Model,-13.80807627,131.8368077
Asset,Natural Gas Power Station,Pine Creek,Victoria Daly,Victoria Daly Asset Model,-13.78561,131.862362
Asset,Substation,Pine Creek,Victoria Daly,Victoria Daly Asset Model,-13.78471168,131.8621584
Asset,Natural Gas Power Station,Wadeye,West Daly,West Daly Asset Model,-14.260185,129.5368436
Asset,Hydrogen Hub,Tiwi H2,Tiwi Islands,Tiwi Islands Asset Model,-11.42171,130.42456
Asset,Fossil Fuel Power Station,Angurugu,East Arnhem,East Arnhem Asset Model,-13.85841125,136.420873
Asset,Fuel Terminal,Groote Eylandt,East Arnhem,East Arnhem Asset Model,-13.85915661,136.42202
Asset,Fuel Terminal,Gove,East Arnhem,East Arnhem Asset Model,-12.1975174,136.6799316
Asset,Fossil Fuel Power Station,Nhulunbuy,East Arnhem,East Arnhem Asset Model,-12.18893876,136.6872389
Asset,Solar Farm,Daly Waters Solar Farm,Roper Gulf,Roper Gulf Asset Model,-16.26963456,133.3758544
Asset,Substation,Edith River,Roper Gulf,Roper Gulf Asset Model,-14.19518839,132.0528849
Asset,Natural Gas Power Station,McArthur River Mine,Roper Gulf,Roper Gulf Asset Model,-16.43349825,136.0934595
Asset,Fossil Fuel Power Station,Borroloola Community,Roper Gulf,Roper Gulf Asset Model,-16.05409112,136.307945
Asset,Fuel Depot,Borroloola,Roper Gulf,Roper Gulf Asset Model,-16.05433464,136.3080673
Asset,Solar Farm,Borroloola Community Solar Farm,Roper Gulf,Roper Gulf Asset Model,-16.05358337,136.3082074
Asset,Fuel Terminal,McArthur River,Roper Gulf,Roper Gulf Asset Model,-15.62910843,136.3881149
Asset,Natural Gas Power Station,Katherine,Katherine,Katherine Asset Model,-14.458693,132.244506
Asset,Substation,Katherine,Katherine,Katherine Asset Model,-14.45821497,132.2454639
Asset,Fuel Depot,Katherine,Katherine,Katherine Asset Model,-14.45291138,132.2457809
Asset,Solar Farm,Lajamanu Solar Farm,Central Desert,Central Desert Asset Model,-18.32650367,130.6294897
Asset,Fossil Fuel Power Station,Timber Creek,Victoria Daly,Victoria Daly Asset Model,-15.65618096,130.4790141
Asset,Substation,Bruce,Unincorporated ACT,Unincorporated ACT Asset Model,-35.24620774,149.1086175
Asset,Substation,Latham,Unincorporated ACT,Unincorporated ACT Asset Model,-35.21512911,149.0377754
Asset,Substation,Belconnen,Unincorporated ACT,Unincorporated ACT Asset Model,-35.22916857,149.0818734
Asset,Biogas Plant,Belconnen,Unincorporated ACT,Unincorporated ACT Asset Model,-35.21418944,148.9872184
Asset,Substation,Canberra,Unincorporated ACT,Unincorporated ACT Asset Model,-35.2187855,148.996331
Asset,Biogas Plant,Mugga Lane,Unincorporated ACT,Unincorporated ACT Asset Model,-35.395304,149.14582
Asset,Substation,Queanbeyan,Unincorporated ACT,Unincorporated ACT Asset Model,-35.33983163,149.2168901
Asset,Substation,Gold Creek,Unincorporated ACT,Unincorporated ACT Asset Model,-35.17234004,149.1166917
Asset,Substation,City East,Unincorporated ACT,Unincorporated ACT Asset Model,-35.26934277,149.1502097
Asset,Community Energy Organisation,SolarShare Community Energy Ltd,Unincorporated ACT,Unincorporated ACT Asset Model,-35.27959575,149.1292822
Asset,Regional Delivery Partner,"Department of Agriculture, Fisheries and Forestry",Unincorporated ACT,Unincorporated ACT Asset Model,-35.28185644,149.1244053
Asset,Substation,Civic,Unincorporated ACT,Unincorporated ACT Asset Model,-35.26951883,149.1090328
Asset,University,University of NSW - ADFA (Australian Defence Force Academy),Unincorporated ACT,Unincorporated ACT Asset Model,-35.293227,149.165831
Asset,Substation,Fyshwick,Unincorporated ACT,Unincorporated ACT Asset Model,-35.3333756,149.1612344
Asset,Regional Delivery Partner,"Environment, Planning and Sustainable Development Directorate",Unincorporated ACT,Unincorporated ACT Asset Model,-35.30828004,149.1242997
Asset,University,Charles Sturt University - Canberra campus (School of Theology),Unincorporated ACT,Unincorporated ACT Asset Model,-35.305282,149.137431
Asset,Fuel Depot,Canberra (Fyshwick),Unincorporated ACT,Unincorporated ACT Asset Model,-35.32997131,149.1733933
Asset,Fuel Depot,Fyshwick,Unincorporated ACT,Unincorporated ACT Asset Model,-35.32941818,149.1723633
Asset,Fuel Depot,Fyshwick,Unincorporated ACT,Unincorporated ACT Asset Model,-35.32884216,149.1712875
Asset,Fuel Depot,Fyshwick,Unincorporated ACT,Unincorporated ACT Asset Model,-35.32736588,149.1653519
Asset,Hydrogen Hub,Hydrogen Test Facility - ACT Gas Network,Unincorporated ACT,Unincorporated ACT Asset Model,-35.326917,149.157905
Asset,Hydrogen Hub,ActewAGL Hydrogen Refuelling Station,Unincorporated ACT,Unincorporated ACT Asset Model,-35.324669,149.158664
Asset,Substation,East Lake Zone Substation,Unincorporated ACT,Unincorporated ACT Asset Model,-35.31543438,149.1646603
Asset,Substation,Causeway,Unincorporated ACT,Unincorporated ACT Asset Model,-35.31534565,149.148965
Asset,Substation,Telopea Park,Unincorporated ACT,Unincorporated ACT Asset Model,-35.31070787,149.142895
Asset,Substation,Gilmore,Unincorporated ACT,Unincorporated ACT Asset Model,-35.41028169,149.1412866
Asset,Solar Farm,Mugga Lane Solar Park,Unincorporated ACT,Unincorporated ACT Asset Model,-35.39890624,149.1459933
Asset,Substation,Wanniassa,Unincorporated ACT,Unincorporated ACT Asset Model,-35.38410487,149.0954854
Asset,Substation,Theodore,Unincorporated ACT,Unincorporated ACT Asset Model,-35.4596393,149.1173168
Asset,Substation,Williamsdale,Unincorporated ACT,Unincorporated ACT Asset Model,-35.58532802,149.133324
Asset,Solar Farm,Royalla Solar Farm,Unincorporated ACT,Unincorporated ACT Asset Model,-35.48968363,149.1434742
Asset,Substation,Woden,Unincorporated ACT,Unincorporated ACT Asset Model,-35.33366955,149.070425
Asset,Wind Farm,Offshore Gladstone Wind Farm,Gladstone,Gladstone Asset Model,-23.844,151.729
Asset,Wind Farm,Offshore Brisbane Wind Farm,Brisbane,Brisbane Asset Model,-27.214,153.5103
Asset,Hydrogen Hub,Geelong Hydrogen Hub,Greater Geelong,Greater Geelong Asset Model,-38.08862898,144.3866793
Asset,Hydrogen Hub,Townsville Green Hydrogen Hub,Townsville,Townsville Asset Model,-19.25,146.816667
Asset,Wind Farm,Gippsland offshore wind farm 1,Wellington,Wellington Asset Model,-38.55106269,147.6400362
Asset,Wind Farm,Gippsland offshore wind farm 2,Wellington,Wellington Asset Model,-39.1046548,147.6419174
Asset,Wind Farm,Gippsland offshore wind farm 3,South Gippsland,South Gippsland Asset Model,-39.7006269,146.2968645
Asset,Major Project,Ichthys Liquefied Natural Gas Project (Ichthys LNG) – Phase 2,Wyndham-East Kimberley,Wyndham-East Kimberley Asset Model,-13.88016052,123.2899128
Asset,Wind Farm,Star of the South Offshore Wind Farm,Wellington,Wellington Asset Model,-38.80327481,146.84229
